learner_id,encounter_idx,kc,tier,difficulty,quiz_outcome,combat_outcome,success_prob_true,model_mastery,true_skill,frustration,boredom,retries,latency_ms,event
0,0,innate_immunity,Easy,0.2,,True,0.6025866106724274,0.43333333333333335,0.3325799218475947,0.0,0.0,0,3814,
0,1,antigen_recognition,Easy,0.2,True,False,0.5877698861593555,0.2,0.30432237440383064,0.0,0.0,2,4648,
0,2,cell_mediated_immunity,Easy,0.2,,True,0.7348905869697027,0.43333333333333335,0.4525457102276125,0.0,0.0,0,4816,
0,3,humoral_immunity,Easy,0.2,,False,0.6724857486021991,0.16164383561643833,0.33944365116145603,0.0,0.0,1,4323,
0,4,tolerance_autoimmunity,Easy,0.2,,False,0.9404277753348987,0.16164383561643833,0.6753552793852279,0.0,0.0,3,2609,
0,5,humoral_immunity,Medium,0.5,False,True,0.27621035106896574,0.23316749585406296,0.3773922054034729,0.0,0.0,0,4428,
0,6,tolerance_autoimmunity,Medium,0.5,True,False,0.7411840294013176,0.233167495854063,0.6901468764323434,0.0,0.0,3,3841,
0,7,antigen_recognition,Medium,0.5,False,False,0.236120866633315,0.15330739299610896,0.3467619067042521,0.0,0.0,3,4908,
0,8,antigen_recognition,Hard,0.8,False,False,0.061836608836193595,0.15239800083060046,0.3866124324941724,0.0,0.0,1,3649,
0,9,antigen_recognition,Easy,0.2,,True,0.7539283521677206,0.5301519584815546,0.4502255154715137,0.15,0.0,0,4116,
0,10,humoral_immunity,Hard,0.8,False,False,0.07339668580793146,0.1540192774650066,0.3952764220235177,0.0,0.0,2,3755,
0,11,humoral_immunity,Medium,0.5,False,True,0.34788669998326593,0.22896113978029511,0.43001741806513805,0.0,0.0,0,4582,
0,12,humoral_immunity,Medium,0.5,,False,0.3965417583457392,0.1804218685961808,0.44638999170370197,0.0,0.0,1,4376,
0,13,humoral_immunity,Medium,0.5,,True,0.42027123435953195,0.5729994305304237,0.4781945447379663,0.0,0.0,0,3296,
0,14,tolerance_autoimmunity,Hard,0.8,False,True,0.340937601842584,0.274147602668575,0.7183821888004223,0.0,0.0,0,4818,
0,15,tolerance_autoimmunity,Hard,0.8,,False,0.3799626246849571,0.18832046295403487,0.7292886979226608,0.15,0.0,3,3806,
0,16,tolerance_autoimmunity,Hard,0.8,False,True,0.39549595247858554,0.2481252833169073,0.7539572185679079,0.0,0.0,0,3686,
0,17,tolerance_autoimmunity,Hard,0.8,,True,0.431371736627142,0.657953145339981,0.7763778245300393,0.0,0.0,0,2865,
0,18,innate_immunity,Medium,0.5,,False,0.26805357210193076,0.22416107382550338,0.3614482115104382,0.0,0.0,1,3499,
0,19,innate_immunity,Hard,0.8,,False,0.06715029831597935,0.17962847004800667,0.38906784507895975,0.0,0.0,3,4028,
0,20,innate_immunity,Easy,0.2,False,False,0.7566512910527531,0.1528981459251001,0.4115290834226041,0.15,0.0,1,2706,
0,21,innate_immunity,Easy,0.2,False,True,0.7806014032677134,0.22834516430486865,0.4471639245183652,0.3,0.0,0,4289,
0,22,innate_immunity,Easy,0.2,,True,0.8150228049812098,0.6354470506050715,0.4902057485118178,0.09999999999999998,0.0,0,4176,
0,23,cell_mediated_immunity,Medium,0.5,False,True,0.410084377146141,0.39006479481641465,0.5129044283376811,0.0,0.0,0,3123,
0,24,cell_mediated_immunity,Hard,0.8,True,True,0.15153998650863687,0.9390691830285185,0.5767732312715952,0.0,0.0,0,4030,
0,25,antigen_recognition,Easy,0.2,True,True,0.8125375745202208,0.9605520130084924,0.5122151924237678,0.0,0.0,0,3650,
0,26,humoral_immunity,Easy,0.2,True,True,0.8414647648375393,0.9698301519270387,0.5081719458447894,0.0,0.0,0,4611,
0,27,innate_immunity,Medium,0.5,,False,0.48531284922337037,0.30206916210712786,0.5122561611412274,0.0,0.0,3,2158,
0,28,innate_immunity,Hard,0.8,True,False,0.15104055591576515,0.3164201108943031,0.5333528150813072,0.0,0.0,1,4968,
0,29,innate_immunity,Easy,0.2,True,True,0.8808093501830316,0.9180601091622085,0.5737211124866698,0.0,0.0,0,4417,
0,30,tolerance_autoimmunity,Easy,0.2,True,True,0.95,0.9755451922227407,0.743203245625978,0.0,0.0,0,2570,
0,31,,,,,,,,,,,,,all_kcs_mastered
1,0,innate_immunity,Easy,0.2,False,True,0.7670278216581807,0.2,0.45738638836336665,0.0,0.0,0,5471,
1,1,antigen_recognition,Easy,0.2,,False,0.3261202347642164,0.16164383561643833,0.12714921192864626,0.0,0.0,3,4032,
1,2,cell_mediated_immunity,Easy,0.2,True,True,0.6333202061273915,0.7384615384615385,0.32280703608249756,0.0,0.0,0,2028,
1,3,humoral_immunity,Easy,0.2,True,False,0.4497200375085923,0.2,0.1917023560069404,0.0,0.0,3,4921,
1,4,tolerance_autoimmunity,Easy,0.2,True,True,0.6835478734629041,0.7384615384615385,0.39033992542741824,0.0,0.0,0,5167,
1,5,antigen_recognition,Medium,0.5,False,False,0.0964676035588958,0.15255307234129206,0.17274911799640946,0.0,0.0,2,3934,
1,6,antigen_recognition,Hard,0.8,False,False,0.05,0.15238411698161172,0.17274911799640946,0.0,0.0,3,4710,
1,7,antigen_recognition,Easy,0.2,False,True,0.45921449976549705,0.22806296144035879,0.2462191281630065,0.15,0.0,0,3574,
1,8,innate_immunity,Medium,0.5,,True,0.4364255441357949,0.5999999999999999,0.5104259050872495,0.0,0.0,0,3335,
1,9,humoral_immunity,Medium,0.5,True,False,0.135898040993304,0.25479452054794516,0.2162683469857079,0.0,0.0,3,4036,
1,10,antigen_recognition,Easy,0.2,False,True,0.5688877812125614,0.27112850874732014,0.32497792043583584,0.0,0.0,0,3632,
1,11,humoral_immunity,Hard,0.8,False,False,0.05,0.1545168847494429,0.2162683469857079,0.0,0.0,3,956,
1,12,humoral_immunity,Easy,0.2,True,False,0.5243831638724789,0.22923474433387236,0.23651481576077416,0.15,0.0,1,3764,
1,13,humoral_immunity,Medium,0.5,,False,0.1706664859751107,0.18046734358882613,0.25275764314185106,0.3,0.0,1,3908,
1,14,humoral_immunity,Hard,0.8,False,False,0.05,0.15291460417223043,0.25275764314185106,0.44999999999999996,0.0,1,4894,
1,15,humoral_immunity,Easy,0.2,,True,0.5784822216048223,0.5309913602818799,0.2709259494670769,0.6,0.0,0,1879,
1,16,antigen_recognition,Easy,0.2,True,False,0.6791498323312444,0.2970797276563781,0.3602427604777466,0.0,0.0,2,3663,
1,17,antigen_recognition,Medium,0.5,False,False,0.3018416416233992,0.15557631604725938,0.3936652771633836,0.0,0.0,2,4507,
1,18,antigen_recognition,Hard,0.8,,False,0.08031991065493135,0.16913478849455715,0.42059025193238825,0.15,0.0,3,5322,
1,19,antigen_recognition,Easy,0.2,False,True,0.7897703183256074,0.23732965709755244,0.4629679900599013,0.3,0.0,0,3251,
1,20,antigen_recognition,Easy,0.2,True,True,0.8288938448098705,0.883584694739906,0.5134685993025977,0.09999999999999998,0.0,0,4148,
1,21,humoral_immunity,Easy,0.2,True,True,0.6048119120198236,0.9644740568768247,0.29751579791908955,0.39999999999999997,0.0,0,3666,
1,22,innate_immunity,Hard,0.8,False,False,0.14564859949629025,0.16724813100747596,0.5293281071057891,0.0,0.0,1,6296,
1,23,innate_immunity,Easy,0.2,True,True,0.878250760617537,0.8322467971297558,0.5753354486085703,0.0,0.0,0,3327,
1,24,cell_mediated_immunity,Hard,0.8,,False,0.05,0.3430278884462152,0.30025778940680514,0.0,0.0,3,5382,
1,25,cell_mediated_immunity,Medium,0.5,False,True,0.2317504865899441,0.342970146192834,0.3315729542843543,0.0,0.0,0,3898,
1,26,cell_mediated_immunity,Easy,0.2,True,True,0.6877105866398272,0.9265374247957637,0.3614866894118291,0.0,0.0,0,2729,
1,27,tolerance_autoimmunity,Hard,0.8,False,False,0.07654455641522183,0.18011187072715973,0.4133393235299838,0.0,0.0,3,3098,
1,28,tolerance_autoimmunity,Medium,0.5,False,False,0.3728606379751426,0.15290762595227023,0.440410608604235,0.0,0.0,3,5187,
1,29,tolerance_autoimmunity,Easy,0.2,,True,0.8088358721126718,0.530980034910573,0.49205478571238215,0.0,0.0,0,5960,
1,30,tolerance_autoimmunity,Easy,0.2,True,True,0.8522462802287301,0.964472508785649,0.5389327519698819,0.0,0.0,0,3580,
1,31,,,,,,,,,,,,,all_kcs_mastered
2,0,innate_immunity,Easy,0.2,True,False,0.5382721501874971,0.2,0.25504427163420523,0.0,0.0,1,3963,
2,1,antigen_recognition,Easy,0.2,False,False,0.5100064227841916,0.151473136915078,0.25376714228519187,0.0,0.0,1,3404,
2,2,cell_mediated_immunity,Easy,0.2,False,True,0.3819355889045048,0.2,0.20351934508643363,0.0,0.0,0,2776,
2,3,humoral_immunity,Easy,0.2,True,True,0.8245295661699567,0.7384615384615385,0.5360105619898515,0.0,0.0,0,4741,
2,4,tolerance_autoimmunity,Easy,0.2,True,False,0.649976591531009,0.2,0.3562019148429782,0.0,0.0,1,3821,
2,5,antigen_recognition,Medium,0.5,False,False,0.18582088691080312,0.15236428212260275,0.29806666957384076,0.0,0.0,2,3337,
2,6,antigen_recognition,Hard,0.8,False,False,0.05,0.15238064594829565,0.29806666957384076,0.0,0.0,3,4246,
2,7,antigen_recognition,Easy,0.2,True,False,0.6429979512512818,0.22806105629874535,0.3334859321322622,0.15,0.0,2,4292,
2,8,innate_immunity,Medium,0.5,False,True,0.18698299174716962,0.25479452054794516,0.3117589467885883,0.0,0.0,0,4097,
2,9,cell_mediated_immunity,Medium,0.5,,False,0.14444100090395195,0.17575757575757575,0.2414071768931232,0.0,0.0,3,4355,
2,10,cell_mediated_immunity,Hard,0.8,,False,0.05,0.1720680393912265,0.2414071768931232,0.0,0.0,2,4358,
2,11,cell_mediated_immunity,Easy,0.2,,True,0.5617932481980963,0.5607755489746885,0.3135782638224201,0.0,0.0,0,3796,
2,12,tolerance_autoimmunity,Medium,0.5,,True,0.2967570752338261,0.5999999999999999,0.45421761739008126,0.0,0.0,0,4519,
2,13,antigen_recognition,Medium,0.5,,False,0.2691214759181655,0.18027246035674838,0.3611828909069475,0.3,0.0,2,3270,
2,14,antigen_recognition,Hard,0.8,False,False,0.06705064709941021,0.15291077772142095,0.3820404725790565,0.44999999999999996,0.0,2,3358,
2,15,antigen_recognition,Easy,0.2,False,True,0.748803826827963,0.22835210089745164,0.41138821803437847,0.6,0.0,0,4318,
2,16,antigen_recognition,Easy,0.2,False,True,0.7804566188897345,0.27129912097827,0.45331918919658093,0.39999999999999997,0.0,0,3252,
2,17,innate_immunity,Hard,0.8,False,False,0.05071697512899259,0.1545168847494429,0.33795739474630987,0.0,0.0,1,4442,
2,18,innate_immunity,Medium,0.5,False,False,0.2744311353750017,0.15242031320647353,0.3593784003079682,0.15,0.0,2,3992,
2,19,innate_immunity,Medium,0.5,,False,0.3007498694198569,0.16868688677084576,0.37644844298163305,0.3,0.0,2,4004,
2,20,innate_immunity,Easy,0.2,,False,0.7424402488246123,0.1710265172348913,0.3895032376885192,0.44999999999999996,0.0,3,4108,
2,21,innate_immunity,Hard,0.8,True,False,0.07849447201528012,0.23838541261934404,0.39879885734453635,0.6,0.0,1,3507,
2,22,innate_immunity,Medium,0.5,False,True,0.352696614820806,0.2772493170773136,0.4102414593038993,0.75,0.0,0,3487,
2,23,antigen_recognition,Easy,0.2,False,True,0.820525983476586,0.2971847449335604,0.5052444320930757,0.19999999999999996,0.0,0,2639,
2,24,innate_immunity,Medium,0.5,False,False,0.3685246641037207,0.15506437228488248,0.414731385722544,0.9,0.0,3,3854,
2,25,innate_immunity,Easy,0.2,True,True,0.7838742697316712,0.8197748466675197,0.4280986173872838,0.7,0.0,0,4537,
2,26,antigen_recognition,Easy,0.2,False,True,0.8619363470528881,0.3133269532024684,0.5551747505502349,0.0,0.15,0,5075,
2,27,antigen_recognition,Medium,0.5,,False,0.5820144719551342,0.19586553303536924,0.5815814519879393,0.0,0.0,3,2208,
2,28,antigen_recognition,Hard,0.8,False,True,0.21240129970404098,0.2524251379640926,0.6312596286967462,0.0,0.0,0,5428,
2,29,antigen_recognition,Hard,0.8,False,True,0.2665021749219069,0.2856740704419727,0.6750395935484624,0.0,0.0,0,3299,
2,30,antigen_recognition,Hard,0.8,,False,0.32087306644378627,0.19046859461446816,0.6943306127584903,0.0,0.0,1,3783,
2,31,antigen_recognition,Easy,0.2,True,True,0.95,0.8525450166795945,0.6943306127584903,0.0,0.0,0,4921,
2,32,cell_mediated_immunity,Easy,0.2,False,True,0.654844887936988,0.48212359046965114,0.3726900887456768,0.0,0.0,0,3160,
2,33,cell_mediated_immunity,Medium,0.5,False,True,0.31780892116049025,0.44213513408219474,0.4323711676561304,0.0,0.0,0,5661,
2,34,cell_mediated_immunity,Medium,0.5,False,False,0.3999261096463511,0.1603972833072993,0.4593727346066873,0.0,0.0,3,3391,
2,35,cell_mediated_immunity,Hard,0.8,,False,0.11468405391240535,0.16982453815665643,0.4850898625431532,0.0,0.0,3,1912,
2,36,cell_mediated_immunity,Easy,0.2,False,True,0.8469062046646533,0.23771438104048115,0.5340774394872323,0.0,0.0,0,5668,
2,37,cell_mediated_immunity,Medium,0.5,True,False,0.5509388212938907,0.27684954656837846,0.5529164108720812,0.15,0.0,3,3775,
2,38,cell_mediated_immunity,Hard,0.8,False,False,0.18504987453897473,0.1550543342873321,0.567803551453259,0.3,0.0,1,4151,
2,39,cell_mediated_immunity,Easy,0.2,,True,0.9008603964238197,0.5344471431660632,0.6048100691233913,0.09999999999999998,0.0,0,5527,
2,40,cell_mediated_immunity,Easy,0.2,False,True,0.9190017453583365,0.4835152951243952,0.6424076919667863,0.0,0.0,0,4649,
2,41,cell_mediated_immunity,Medium,0.5,,False,0.7014989917678812,0.23904723968713948,0.6594180200124795,0.0,0.0,2,4004,
2,42,cell_mediated_immunity,Hard,0.8,False,False,0.30079986378468976,0.15415181966707767,0.6756191828336365,0.0,0.0,1,3805,
2,43,cell_mediated_immunity,Easy,0.2,True,True,0.9455104034654845,0.8187813503347028,0.706480160476463,0.0,0.0,0,4076,
2,44,tolerance_autoimmunity,Hard,0.8,False,False,0.09270603788840848,0.16540128155794614,0.4639923036786405,0.0,0.0,1,4413,
2,45,tolerance_autoimmunity,Medium,0.5,True,False,0.4461975662117465,0.23525155089554817,0.4986744472857171,0.15,0.0,2,4290,
2,46,tolerance_autoimmunity,Medium,0.5,False,False,0.49801168140952873,0.15406602816306206,0.525388136073316,0.3,0.0,2,2594,
2,47,tolerance_autoimmunity,Easy,0.2,True,True,0.8757003535894062,0.8186874964739315,0.5651299106977931,0.44999999999999996,0.0,0,3450,
2,48,humoral_immunity,Medium,0.5,,False,0.4150300509071855,0.3008304516173541,0.48294589495655665,0.0,0.0,2,4380,
2,49,humoral_immunity,Hard,0.8,,False,0.1298455982627033,0.1933827245171075,0.5202006746786387,0.0,0.0,1,3541,
2,50,humoral_immunity,Easy,0.2,True,True,0.872272640526291,0.8548210411151071,0.5893416717282572,0.0,0.0,0,3917,
2,51,innate_immunity,Easy,0.2,True,True,0.7547283756051794,0.9854920953585938,0.4106536428815476,0.49999999999999994,0.0,0,4628,
2,52,,,,,,,,,,,,,all_kcs_mastered
3,0,innate_immunity,Easy,0.2,,False,0.3564299363202098,0.16164383561643833,0.14617170854915063,0.0,0.0,3,1852,
3,1,antigen_recognition,Easy,0.2,False,False,0.41259262418875936,0.151473136915078,0.19620474164676802,0.0,0.0,1,4985,
3,2,cell_mediated_immunity,Easy,0.2,True,False,0.5038366718698104,0.2,0.22894950644010673,0.0,0.0,2,3146,
3,3,humoral_immunity,Easy,0.2,,True,0.31854600722149845,0.43333333333333335,0.13936595055372736,0.0,0.0,0,5667,
3,4,tolerance_autoimmunity,Easy,0.2,,True,0.41043168902282295,0.43333333333333335,0.2640040428231662,0.0,0.0,0,4107,
3,5,antigen_recognition,Medium,0.5,,False,0.13910164115208623,0.1685530193297038,0.2477533599255613,0.0,0.0,1,6202,
3,6,innate_immunity,Medium,0.5,False,False,0.10688424711836345,0.15255307234129206,0.18860635224616507,0.0,0.0,2,3158,
3,7,innate_immunity,Hard,0.8,,False,0.05,0.16870567050359922,0.18860635224616507,0.0,0.0,3,2845,
3,8,antigen_recognition,Hard,0.8,,False,0.05,0.17100694419015453,0.2477533599255613,0.0,0.0,2,2917,
3,9,innate_immunity,Easy,0.2,True,False,0.4829161810696738,0.23709043304106403,0.22288317415804632,0.15,0.0,3,4013,
3,10,antigen_recognition,Easy,0.2,,False,0.5711439977451711,0.17136659432272364,0.2887596775457033,0.15,0.0,1,4173,
3,11,antigen_recognition,Medium,0.5,True,False,0.21969546514640212,0.2385754066917124,0.32068872770364704,0.3,0.0,3,3753,
3,12,cell_mediated_immunity,Medium,0.5,,False,0.16433744809677747,0.17575757575757575,0.25446773814408863,0.0,0.0,3,4190,
3,13,cell_mediated_immunity,Hard,0.8,,False,0.05,0.1720680393912265,0.25446773814408863,0.0,0.0,2,4196,
3,14,cell_mediated_immunity,Easy,0.2,True,True,0.5809821295077547,0.8368062115282809,0.2964130202903915,0.15,0.0,0,2933,
3,15,innate_immunity,Medium,0.5,False,False,0.159399758971052,0.15410748679601777,0.2499186719999675,0.3,0.0,2,2905,
3,16,innate_immunity,Hard,0.8,False,False,0.05,0.1524127537320751,0.2499186719999675,0.44999999999999996,0.0,1,3394,
3,17,innate_immunity,Easy,0.2,,False,0.5743232246471839,0.16868581735268284,0.26483007009542264,0.6,0.0,1,3475,
3,18,innate_immunity,Medium,0.5,,False,0.196073291729497,0.17102636085166048,0.27396442250111813,0.75,0.0,1,3952,
3,19,innate_immunity,Hard,0.8,False,False,0.05,0.15273126313007518,0.27396442250111813,0.9,0.0,2,4140,
3,20,innate_immunity,Easy,0.2,,True,0.609160915456615,0.5306936854285349,0.28839779808775723,1.0,0.0,0,4289,
3,21,antigen_recognition,Hard,0.8,False,False,0.053359486676549175,0.15414110952704427,0.3446496262126845,0.44999999999999996,0.0,2,4021,
3,22,antigen_recognition,Easy,0.2,False,True,0.7043080768136857,0.22902811615216073,0.37827252299506986,0.6,0.0,0,4652,
3,23,antigen_recognition,Easy,0.2,True,True,0.744527522966199,0.8788405629491642,0.4261193228648151,0.39999999999999997,0.0,0,3987,
3,24,humoral_immunity,Medium,0.5,False,False,0.1004515871805836,0.15919260913349972,0.1654962239775976,0.0,0.0,2,2595,
3,25,humoral_immunity,Hard,0.8,False,False,0.05,0.15250716226611388,0.1654962239775976,0.0,0.0,2,3683,
3,26,humoral_immunity,Easy,0.2,True,False,0.4484283941567214,0.22813050115358158,0.1907963144921297,0.15,0.0,2,5358,
3,27,humoral_immunity,Easy,0.2,False,False,0.48619797897756806,0.15390730619273058,0.2110000063054388,0.3,0.0,1,5401,
3,28,humoral_immunity,Medium,0.5,False,False,0.15007665551032387,0.15240906004000435,0.22647799525633244,0.44999999999999996,0.0,2,5294,
3,29,humoral_immunity,Hard,0.8,,False,0.05,0.1686852948221072,0.22647799525633244,0.6,0.0,2,5679,
3,30,humoral_immunity,Easy,0.2,True,True,0.5396336683088917,0.833627132508959,0.24027286233592288,0.75,0.0,0,5819,
3,31,tolerance_autoimmunity,Medium,0.5,False,False,0.18810618195382287,0.1584452757647547,0.3100265890866,0.0,0.0,3,4449,
3,32,tolerance_autoimmunity,Hard,0.8,,False,0.050218881953621286,0.16954444489027531,0.35989522384458345,0.0,0.0,2,3114,
3,33,tolerance_autoimmunity,Easy,0.2,False,True,0.7229959198796215,0.23755812225257766,0.4524238656271048,0.0,0.0,0,3797,
3,34,tolerance_autoimmunity,Easy,0.2,,True,0.8197335321891802,0.6461413726288054,0.5315772759333977,0.0,0.0,0,2421,
3,35,innate_immunity,Easy,0.2,False,True,0.6295733197314839,0.4804647163089283,0.3025442423761497,0.8,0.0,0,4680,
3,36,innate_immunity,Easy,0.2,True,True,0.649140985694159,0.9569121546516846,0.3302746765775355,0.6000000000000001,0.0,0,3245,
3,37,tolerance_autoimmunity,Medium,0.5,False,False,0.5472247315542349,0.1735786700534007,0.565433075837184,0.0,0.0,3,5902,
3,38,tolerance_autoimmunity,Hard,0.8,False,False,0.1966442244602056,0.15278042284012905,0.5968419082301409,0.0,0.0,3,3463,
3,39,tolerance_autoimmunity,Easy,0.2,,True,0.9153709224768187,0.5307735261846379,0.6551193528684245,0.0,0.0,0,2868,
3,40,tolerance_autoimmunity,Medium,0.5,False,True,0.7172205475624857,0.4805294701148884,0.7049726566475759,0.0,0.0,0,3121,
3,41,tolerance_autoimmunity,Medium,0.5,,True,0.7737898586223871,0.8353564022849804,0.7476195488221117,0.0,0.0,0,3323,
3,42,cell_mediated_immunity,Easy,0.2,True,True,0.614353859104622,0.9866092255776288,0.32542416367240706,0.0,0.0,0,5046,
3,43,,,,,,,,,,,,,all_kcs_mastered
4,0,innate_immunity,Easy,0.2,,False,0.36117860146480035,0.16164383561643833,0.13655799854613543,0.0,0.0,2,3150,
4,1,antigen_recognition,Easy,0.2,,True,0.6764209369965759,0.43333333333333335,0.4009268188773502,0.0,0.0,0,2643,
4,2,cell_mediated_immunity,Easy,0.2,False,False,0.5488520803717056,0.151473136915078,0.2470965411581231,0.0,0.0,3,3516,
4,3,humoral_immunity,Easy,0.2,,True,0.5776768968843443,0.43333333333333335,0.35148294477265624,0.0,0.0,0,2364,
4,4,tolerance_autoimmunity,Easy,0.2,,True,0.46856214715806677,0.43333333333333335,0.23869311937965373,0.0,0.0,0,4035,
4,5,cell_mediated_immunity,Medium,0.5,True,False,0.1798416406831819,0.22756316558780537,0.2612496506516469,0.0,0.0,2,4849,
4,6,innate_immunity,Medium,0.5,False,False,0.1015014499639087,0.15255307234129206,0.16704239230948392,0.0,0.0,3,3320,
4,7,innate_immunity,Hard,0.8,False,False,0.05,0.15238411698161172,0.16704239230948392,0.0,0.0,3,3345,
4,8,innate_immunity,Easy,0.2,False,False,0.4507240550850617,0.1523810105539718,0.19203929599209396,0.15,0.0,1,5113,
4,9,innate_immunity,Medium,0.5,False,False,0.13613561648419706,0.15238095345030941,0.21200720876836826,0.3,0.0,2,5247,
4,10,innate_immunity,Hard,0.8,False,False,0.05,0.15238095240060967,0.21200720876836826,0.44999999999999996,0.0,1,3930,
4,11,innate_immunity,Easy,0.2,True,True,0.5180030271713649,0.8168280871889401,0.23426369616660714,0.6,0.0,0,3034,
4,12,cell_mediated_immunity,Hard,0.8,,False,0.05,0.1801899398371758,0.2612496506516469,0.0,0.0,3,3844,
4,13,cell_mediated_immunity,Easy,0.2,True,True,0.5908542457343243,0.8440608321991762,0.2848576505643336,0.15,0.0,0,4188,
4,14,antigen_recognition,Medium,0.5,True,True,0.3556169711422268,0.9484388938447815,0.469965720638186,0.0,0.0,0,5044,
4,15,humoral_immunity,Medium,0.5,False,False,0.2908823973292856,0.1600363306085377,0.39453092190816474,0.0,0.0,1,2289,
4,16,humoral_immunity,Hard,0.8,,False,0.08070441182183737,0.16977266126264093,0.43472141315255874,0.0,0.0,1,3225,
4,17,humoral_immunity,Easy,0.2,False,True,0.8035021670077785,0.2376854367713599,0.5097667785308699,0.0,0.0,0,3769,
4,18,humoral_immunity,Easy,0.2,True,True,0.8651337614948958,0.8837819369559725,0.5748492565898987,0.0,0.0,0,4217,
4,19,tolerance_autoimmunity,Medium,0.5,,False,0.17252435159671928,0.22416107382550338,0.2663636904507158,0.0,0.0,2,5646,
4,20,tolerance_autoimmunity,Hard,0.8,False,False,0.05,0.15382007050781776,0.2663636904507158,0.0,0.0,1,5529,
4,21,tolerance_autoimmunity,Easy,0.2,,True,0.5982508221144591,0.5324578451935911,0.3196933953580291,0.0,0.0,0,4868,
4,22,tolerance_autoimmunity,Easy,0.2,True,False,0.6722017899142525,0.4818968896628275,0.34071094008682706,0.15,0.0,2,4138,
4,23,tolerance_autoimmunity,Easy,0.2,True,True,0.6993628479192334,0.9571462077964549,0.38863617300692366,0.0,0.0,0,4547,
4,24,,,,,,,,,,,,,all_kcs_mastered
5,0,innate_immunity,Easy,0.2,True,False,0.3808855436774042,0.2,0.16169391719345938,0.0,0.0,3,4105,
5,1,antigen_recognition,Easy,0.2,False,True,0.48957669462522263,0.2,0.30021327466583925,0.0,0.0,0,3904,
5,2,cell_mediated_immunity,Easy,0.2,True,True,0.8916050602147967,0.7384615384615385,0.5925995541082345,0.0,0.0,0,5125,
5,3,humoral_immunity,Easy,0.2,False,False,0.29461270119518107,0.151473136915078,0.12851581063531684,0.0,0.0,1,4346,
5,4,tolerance_autoimmunity,Easy,0.2,True,True,0.8881047364082175,0.7384615384615385,0.597901038934628,0.0,0.0,0,4310,
5,5,humoral_immunity,Medium,0.5,False,False,0.09718466176453845,0.15236428212260275,0.19674959282741,0.0,0.0,1,4028,
5,6,humoral_immunity,Hard,0.8,False,False,0.05,0.15238064594829565,0.19674959282741,0.0,0.0,3,3734,
5,7,humoral_immunity,Easy,0.2,True,True,0.4951245437698676,0.8168277462426223,0.3036648803287897,0.15,0.0,0,4362,
5,8,innate_immunity,Medium,0.5,False,False,0.11610570055496029,0.15330739299610896,0.20228735141154225,0.0,0.0,2,4479,
5,9,innate_immunity,Hard,0.8,False,False,0.05,0.15239800083060046,0.20228735141154225,0.0,0.0,2,3549,
5,10,innate_immunity,Easy,0.2,True,True,0.5034309732651681,0.8168470529643829,0.26795456318805266,0.15,0.0,0,3118,
5,11,antigen_recognition,Medium,0.5,False,False,0.23170293698288422,0.15330739299610896,0.3466792034652167,0.0,0.0,2,3941,
5,12,antigen_recognition,Hard,0.8,False,True,0.06180782799451038,0.22856993900213754,0.4334403737358922,0.0,0.0,0,2188,
5,13,antigen_recognition,Easy,0.2,False,False,0.802285782951741,0.15391701775338,0.4710600059774426,0.0,0.0,2,5585,
5,14,antigen_recognition,Hard,0.8,False,False,0.12199845590626379,0.15240923919616303,0.5009134372156675,0.15,0.0,2,2639,
5,15,antigen_recognition,Easy,0.2,,True,0.8588147791192708,0.5301702401782564,0.5671922614674105,0.0,0.0,0,3679,
5,16,antigen_recognition,Hard,0.8,False,True,0.19831701210591587,0.4800403287416143,0.6246692407652719,0.0,0.0,0,5607,
5,17,antigen_recognition,Easy,0.2,True,False,0.9274400772571226,0.44053722578151144,0.6495912515771934,0.0,0.0,3,4006,
5,18,antigen_recognition,Hard,0.8,False,False,0.2885467706722476,0.1603309342530496,0.6728584376575212,0.0,0.0,2,5366,
5,19,antigen_recognition,Medium,0.5,,True,0.7382998433845349,0.5428274508406027,0.7163029215061223,0.0,0.0,0,5249,
5,20,antigen_recognition,Medium,0.5,,True,0.7854674476208366,0.8659963473376423,0.7539779666953352,0.0,0.0,0,3854,
5,21,cell_mediated_immunity,Hard,0.8,False,True,0.21783444639692534,0.6339622641509434,0.625041264758111,0.0,0.0,0,3638,
5,22,cell_mediated_immunity,Medium,0.5,False,True,0.6792326450872038,0.5694516971279372,0.659624039253174,0.0,0.0,0,2830,
5,23,cell_mediated_immunity,Easy,0.2,True,True,0.940349228040667,0.9694058071451568,0.6863082377783427,0.0,0.15,0,4735,
5,24,tolerance_autoimmunity,Hard,0.8,False,True,0.22924243566407232,0.6339622641509434,0.6444526913427125,0.0,0.0,0,3745,
5,25,tolerance_autoimmunity,Medium,0.5,,False,0.7040619376005439,0.30127118644067796,0.6650338371922204,0.0,0.0,3,4826,
5,26,tolerance_autoimmunity,Easy,0.2,True,False,0.9421441122216928,0.3159137357776896,0.6844236266338332,0.0,0.0,1,4774,
5,27,tolerance_autoimmunity,Hard,0.8,False,True,0.3332642125535479,0.32527083271575136,0.7209584179753044,0.0,0.0,0,4265,
5,28,tolerance_autoimmunity,Easy,0.2,True,True,0.95,0.9210187051357224,0.7209584179753044,0.0,0.0,0,2783,
5,29,humoral_immunity,Easy,0.2,,True,0.6349018976391378,0.9487583311684165,0.4030505845867495,0.0,0.0,0,5213,
5,30,innate_immunity,Easy,0.2,,True,0.5853029439423593,0.9487634117780712,0.3293453754212191,0.0,0.0,0,3383,
5,31,,,,,,,,,,,,,all_kcs_mastered
6,0,innate_immunity,Easy,0.2,False,True,0.5395773048195658,0.2,0.25924668320559535,0.0,0.0,0,3460,
6,1,antigen_recognition,Easy,0.2,True,True,0.4852863339817643,0.7384615384615385,0.2680484961486904,0.0,0.0,0,4985,
6,2,cell_mediated_immunity,Easy,0.2,,False,0.3926611435210466,0.16164383561643833,0.1783904117768518,0.0,0.0,2,4335,
6,3,humoral_immunity,Easy,0.2,True,True,0.858870561674585,0.7384615384615385,0.5313915280877535,0.0,0.0,0,5101,
6,4,tolerance_autoimmunity,Easy,0.2,True,True,0.5072921706530141,0.7384615384615385,0.2936698542922012,0.0,0.0,0,3841,
6,5,cell_mediated_immunity,Medium,0.5,False,False,0.12678849128863592,0.15255307234129206,0.22648095913866279,0.0,0.0,2,1862,
6,6,cell_mediated_immunity,Hard,0.8,False,False,0.05,0.15238411698161172,0.22648095913866279,0.0,0.0,2,2570,
6,7,cell_mediated_immunity,Easy,0.2,False,True,0.5396380861947833,0.22806296144035879,0.3034496591454751,0.15,0.0,0,3020,
6,8,innate_immunity,Medium,0.5,,False,0.1908463917024723,0.17575757575757575,0.2749542754116651,0.0,0.0,2,3420,
6,9,innate_immunity,Hard,0.8,False,False,0.05,0.15282262681781747,0.2749542754116651,0.0,0.0,1,5947,
6,10,innate_immunity,Easy,0.2,,False,0.6105740033862594,0.1687438245392569,0.28802261269375995,0.15,0.0,1,6419,
6,11,innate_immunity,Easy,0.2,True,True,0.6290481831656821,0.8336829668520293,0.3091589752164467,0.3,0.0,0,4639,
6,12,cell_mediated_immunity,Easy,0.2,False,True,0.6503772708651473,0.27112850874732014,0.38499078923183006,0.0,0.0,0,5576,
6,13,cell_mediated_immunity,Easy,0.2,True,True,0.7521188082645954,0.9003829435718885,0.4569863696202221,0.0,0.0,0,2961,
6,14,antigen_recognition,Hard,0.8,,False,0.05,0.3717391304347826,0.2680484961486904,0.0,0.0,3,4665,
6,15,antigen_recognition,Medium,0.5,True,False,0.19913506120052643,0.3622586402725945,0.3032357185779336,0.0,0.0,1,4473,
6,16,antigen_recognition,Easy,0.2,True,True,0.6500853311442669,0.9320145989412003,0.37022704142418195,0.0,0.0,0,5609,
6,17,humoral_immunity,Hard,0.8,,False,0.16635954347167356,0.3717391304347826,0.5456661501483044,0.0,0.0,3,3788,
6,18,humoral_immunity,Medium,0.5,True,True,0.5680738739406441,0.9345238888518692,0.5733457350669593,0.0,0.0,0,4536,
6,19,tolerance_autoimmunity,Hard,0.8,,False,0.05,0.3717391304347826,0.2936698542922012,0.0,0.0,2,3596,
6,20,tolerance_autoimmunity,Medium,0.5,True,False,0.2247876393332095,0.3622586402725945,0.3331144508767997,0.0,0.0,2,3216,
6,21,tolerance_autoimmunity,Easy,0.2,,False,0.6896934845823685,0.20635233609891968,0.3647700114827651,0.15,0.0,1,4428,
6,22,tolerance_autoimmunity,Easy,0.2,True,False,0.7288152739709293,0.25845328034048,0.38960184621533916,0.3,0.0,1,3308,
6,23,tolerance_autoimmunity,Medium,0.5,False,False,0.3402031775470087,0.15460387801439332,0.40834987784485566,0.44999999999999996,0.0,2,4089,
6,24,tolerance_autoimmunity,Hard,0.8,False,False,0.08707366303883031,0.15242192045041306,0.4215660207658135,0.6,0.0,2,4210,
6,25,tolerance_autoimmunity,Easy,0.2,,True,0.7907407291708585,0.5301908679275416,0.4377171755058204,0.75,0.0,0,3507,
6,26,tolerance_autoimmunity,Easy,0.2,,True,0.8063246349661705,0.86015959944114,0.4659774973709685,0.55,0.0,0,1281,
6,27,,,,,,,,,,,,,all_kcs_mastered
7,0,innate_immunity,Easy,0.2,,False,0.502712269293232,0.16164383561643833,0.25351986119546444,0.0,0.0,1,4147,
7,1,antigen_recognition,Easy,0.2,,True,0.9097652073799641,0.43333333333333335,0.631536085841958,0.0,0.0,0,2306,
7,2,cell_mediated_immunity,Easy,0.2,,True,0.6257202262422384,0.43333333333333335,0.3640445105472195,0.0,0.0,0,5218,
7,3,humoral_immunity,Easy,0.2,True,True,0.6956351941546741,0.7384615384615385,0.3592362498136318,0.0,0.0,0,3022,
7,4,tolerance_autoimmunity,Easy,0.2,True,True,0.8035596409195116,0.7384615384615385,0.45204330605527027,0.0,0.0,0,6289,
7,5,innate_immunity,Medium,0.5,True,False,0.18559652239846713,0.233167495854063,0.30188133263195743,0.0,0.0,2,1143,
7,6,innate_immunity,Hard,0.8,True,False,0.05,0.27414760266857496,0.30188133263195743,0.0,0.0,2,2477,
7,7,innate_immunity,Easy,0.2,False,False,0.6482345553188186,0.15498677380544584,0.34032540850312576,0.15,0.0,1,3944,
7,8,innate_immunity,Medium,0.5,True,False,0.27726927834272475,0.2294932256025201,0.3702417888312124,0.3,0.0,2,4192,
7,9,innate_immunity,Hard,0.8,,False,0.07053177742689153,0.18051033001304806,0.3926815265910955,0.44999999999999996,0.0,3,4319,
7,10,innate_immunity,Easy,0.2,False,True,0.7606213686377195,0.24370683680315855,0.4241581202501372,0.6,0.0,0,2832,
7,11,innate_immunity,Easy,0.2,True,True,0.7933025789690528,0.8870481621619611,0.46892591915885246,0.39999999999999997,0.0,0,3371,
7,12,antigen_recognition,Medium,0.5,True,True,0.687663076419513,0.9484388938447815,0.6727524503636453,0.0,0.0,0,1831,
7,13,cell_mediated_immunity,Medium,0.5,True,False,0.3066701889639869,0.4056555269922879,0.3989401785030838,0.0,0.0,1,3633,
7,14,cell_mediated_immunity,Hard,0.8,,False,0.08268907986235222,0.21681777423532927,0.4319210777962328,0.0,0.0,2,4130,
7,15,cell_mediated_immunity,Easy,0.2,True,True,0.8008358230641107,0.8713300987793875,0.4942634705287978,0.0,0.0,0,2534,
7,16,humoral_immunity,Hard,0.8,False,False,0.06632370023437513,0.18591549295774645,0.36962314654003564,0.0,0.0,1,4733,
7,17,humoral_immunity,Medium,0.5,True,False,0.31383276749091554,0.24676121119202757,0.3798416697846787,0.0,0.0,1,2271,
7,18,humoral_immunity,Easy,0.2,,True,0.7463141661043013,0.6564547642062398,0.39994742803986116,0.0,0.0,0,4314,
7,19,humoral_immunity,Easy,0.2,True,True,0.7684686651895366,0.9785862936365176,0.4194013503116819,0.0,0.0,0,3712,
7,20,tolerance_autoimmunity,Hard,0.8,,False,0.09738059595908825,0.3430278884462152,0.43760827738238156,0.0,0.0,1,4435,
7,21,tolerance_autoimmunity,Medium,0.5,False,False,0.4074902468250567,0.15687848341588578,0.4461957308983208,0.0,0.0,2,4255,
7,22,tolerance_autoimmunity,Easy,0.2,True,True,0.8141454089033119,0.8217240820193382,0.46310838528698767,0.0,0.0,0,4749,
7,23,,,,,,,,,,,,,all_kcs_mastered
8,0,innate_immunity,Easy,0.2,True,True,0.6134124974246209,0.7384615384615385,0.37509852361302,0.0,0.0,0,3226,
8,1,antigen_recognition,Easy,0.2,False,False,0.3652344417847833,0.151473136915078,0.16855698448688375,0.0,0.0,3,3279,
8,2,cell_mediated_immunity,Easy,0.2,False,False,0.27850997590898224,0.151473136915078,0.09289144305343067,0.0,0.0,2,3985,
8,3,humoral_immunity,Easy,0.2,,False,0.42354887735661906,0.16164383561643833,0.1850100595142929,0.0,0.0,1,4771,
8,4,tolerance_autoimmunity,Easy,0.2,False,True,0.7875036293353131,0.2,0.4834720040028351,0.0,0.0,0,4042,
8,5,antigen_recognition,Medium,0.5,,False,0.12039890207031967,0.1685530193297038,0.22510652287344263,0.0,0.0,3,5089,
8,6,cell_mediated_immunity,Medium,0.5,False,False,0.07997760591789864,0.15236428212260275,0.1416565087130873,0.0,0.0,1,4472,
8,7,cell_mediated_immunity,Hard,0.8,True,False,0.05,0.22805207479018869,0.1416565087130873,0.0,0.0,2,4760,
8,8,humoral_immunity,Medium,0.5,False,False,0.13125135146790448,0.15255307234129206,0.21983580490874682,0.0,0.0,2,4777,
8,9,humoral_immunity,Hard,0.8,,True,0.05,0.5304041339347053,0.21983580490874682,0.0,0.0,0,3064,
8,10,antigen_recognition,Hard,0.8,False,False,0.05,0.15268390696295708,0.22510652287344263,0.0,0.0,2,2822,
8,11,antigen_recognition,Easy,0.2,False,False,0.5375887304205214,0.15238652335356928,0.2699044073595327,0.15,0.0,1,3792,
8,12,antigen_recognition,Medium,0.5,,True,0.2009168999655214,0.5301332868488746,0.339423538749385,0.3,0.0,0,3342,
8,13,tolerance_autoimmunity,Medium,0.5,False,False,0.4752283036761451,0.15330739299610896,0.5123977625152738,0.0,0.0,2,4057,
8,14,tolerance_autoimmunity,Hard,0.8,,False,0.15114953119471797,0.16881249297831702,0.539703667869696,0.0,0.0,3,3476,
8,15,tolerance_autoimmunity,Easy,0.2,True,False,0.8847520974402687,0.23714997520807776,0.5616139177553967,0.15,0.0,2,3274,
8,16,cell_mediated_immunity,Easy,0.2,False,False,0.4133676414970075,0.15390557411223033,0.18087849590747013,0.15,0.0,2,5112,
8,17,cell_mediated_immunity,Medium,0.5,,True,0.12845050238471936,0.5325960138844832,0.24252747835194555,0.3,0.0,0,3203,
8,18,tolerance_autoimmunity,Easy,0.2,True,True,0.8974938532511993,0.8834848956239936,0.595983613237319,0.3,0.0,0,4493,
8,19,antigen_recognition,Medium,0.5,False,False,0.27618622669801807,0.16472515328278992,0.3641340857029035,0.44999999999999996,0.0,2,5014,
8,20,antigen_recognition,Hard,0.8,,False,0.06816684447206815,0.17044953058961493,0.3814331300190348,0.6,0.0,1,4151,
8,21,antigen_recognition,Medium,0.5,True,False,0.3292892957787444,0.23806320180498108,0.3919508895966574,0.75,0.0,3,3563,
8,22,antigen_recognition,Easy,0.2,True,True,0.7598222659585427,0.8839908380026087,0.4084931641088543,0.9,0.0,0,3564,
8,23,humoral_immunity,Hard,0.8,False,False,0.05,0.1632784742679761,0.21944840859732836,0.15,0.0,3,5026,
8,24,humoral_immunity,Hard,0.8,False,False,0.05,0.1525838349112154,0.21944840859732836,0.3,0.0,1,3837,
8,25,humoral_immunity,Easy,0.2,False,True,0.5291395551093813,0.22817259080637975,0.2794858659330654,0.09999999999999998,0.0,0,3382,
8,26,humoral_immunity,Easy,0.2,False,True,0.6170191790250821,0.27119319199416436,0.3410631702398308,0.0,0.0,0,5727,
8,27,humoral_immunity,Easy,0.2,True,True,0.6998070083688066,0.9004117226218933,0.3973778929726784,0.0,0.0,0,3959,
8,28,cell_mediated_immunity,Medium,0.5,True,False,0.17583348814107982,0.4820091789491123,0.2649239250990032,0.44999999999999996,0.0,1,4010,
8,29,cell_mediated_immunity,Hard,0.8,False,True,0.05,0.44204728209810673,0.2649239250990032,0.24999999999999994,0.0,0,5133,
8,30,cell_mediated_immunity,Hard,0.8,True,False,0.05,0.41202916729211825,0.2649239250990032,0.04999999999999993,0.0,3,4069,
8,31,cell_mediated_immunity,Medium,0.5,False,False,0.1961620722940936,0.1592062272369784,0.2965373700679728,0.19999999999999993,0.0,3,5526,
8,32,cell_mediated_immunity,Hard,0.8,False,False,0.05,0.1525074165996714,0.2965373700679728,0.3499999999999999,0.0,1,3855,
8,33,cell_mediated_immunity,Easy,0.2,True,False,0.6408888799323676,0.22813064076566406,0.31544602277279493,0.4999999999999999,0.0,3,3742,
8,34,cell_mediated_immunity,Medium,0.5,False,True,0.24837013971477262,0.27116843992097256,0.3412065820509509,0.6499999999999999,0.0,0,3332,
8,35,cell_mediated_immunity,Medium,0.5,,True,0.27833000059014074,0.6821557894384432,0.3801641185443036,0.4499999999999999,0.0,0,3941,
8,36,innate_immunity,Hard,0.8,False,False,0.06895227337906494,0.1757345335607056,0.40920315122265916,0.0,0.0,2,5491,
8,37,innate_immunity,Medium,0.5,True,True,0.3670760808504772,0.8401452733075286,0.4894017443076952,0.0,0.0,0,6975,
8,38,cell_mediated_immunity,Medium,0.5,True,True,0.3276098599110368,0.980881888043405,0.4301465664430592,0.2499999999999999,0.0,0,2185,
8,39,,,,,,,,,,,,,all_kcs_mastered
9,0,innate_immunity,Easy,0.2,False,False,0.3157428642634755,0.151473136915078,0.12375596100791535,0.0,0.0,1,3775,
9,1,antigen_recognition,Easy,0.2,True,False,0.428598109054531,0.2,0.1955120394430307,0.0,0.0,1,4844,
9,2,cell_mediated_immunity,Easy,0.2,False,True,0.4215430532142753,0.2,0.17999253535624996,0.0,0.0,0,2360,
9,3,humoral_immunity,Easy,0.2,,True,0.711577972127355,0.43333333333333335,0.40470631754452935,0.0,0.0,0,4492,
9,4,tolerance_autoimmunity,Easy,0.2,True,True,0.7856976531725878,0.7384615384615385,0.4737014780046489,0.0,0.0,0,4646,
9,5,innate_immunity,Medium,0.5,False,True,0.09470755722380032,0.2275631655878054,0.2230997987777616,0.0,0.0,0,3302,
9,6,antigen_recognition,Medium,0.5,,False,0.138604670905554,0.17575757575757575,0.23672737975597208,0.0,0.0,1,3920,
9,7,antigen_recognition,Hard,0.8,,False,0.05,0.1720680393912265,0.23672737975597208,0.0,0.0,3,4074,
9,8,antigen_recognition,Easy,0.2,True,True,0.5548692098306068,0.8368062115282809,0.3032038492289501,0.15,0.0,0,4141,
9,9,cell_mediated_immunity,Medium,0.5,,False,0.12785657197403238,0.17575757575757575,0.19573075176939517,0.0,0.0,3,3192,
9,10,cell_mediated_immunity,Hard,0.8,False,False,0.05,0.15282262681781747,0.19573075176939517,0.0,0.0,1,5204,
9,11,cell_mediated_immunity,Easy,0.2,,True,0.49359647779128085,0.5308420557889004,0.22660306459301074,0.0,0.0,0,3352,
9,12,innate_immunity,Hard,0.8,,False,0.05,0.1801899398371758,0.2230997987777616,0.0,0.0,3,3988,
9,13,innate_immunity,Medium,0.5,,False,0.1595739911931063,0.17272873419971976,0.2605341250049658,0.15,0.0,3,5122,
9,14,innate_immunity,Medium,0.5,,True,0.19204211309694846,0.5617585452217062,0.3443707899668689,0.0,0.0,0,4381,
9,15,humoral_immunity,Medium,0.5,False,False,0.36083033018629845,0.1600363306085377,0.42954327087633193,0.0,0.0,2,4176,
9,16,humoral_immunity,Hard,0.8,,False,0.0977269015263796,0.16977266126264093,0.45334397223875084,0.0,0.0,1,4386,
9,17,humoral_immunity,Easy,0.2,True,True,0.8205478801977112,0.8346596109477059,0.49895934041820517,0.0,0.0,0,4448,
9,18,cell_mediated_immunity,Easy,0.2,False,True,0.539820087986472,0.48058505485754743,0.25629032688637665,0.0,0.0,0,5421,
9,19,cell_mediated_immunity,Medium,0.5,False,True,0.18812220700621046,0.44095468677452565,0.2848380274590702,0.0,0.0,0,5931,
9,20,cell_mediated_immunity,Medium,0.5,False,False,0.21568836304877448,0.16034823266187023,0.29856396823351283,0.0,0.0,1,3560,
9,21,cell_mediated_immunity,Hard,0.8,False,False,0.05,0.15252877365842502,0.29856396823351283,0.0,0.0,3,4044,
9,22,cell_mediated_immunity,Easy,0.2,True,False,0.6436825927991984,0.2281423644787463,0.3100070948662778,0.15,0.0,2,3351,
9,23,cell_mediated_immunity,Easy,0.2,True,True,0.6592699509663186,0.8783177735983616,0.3285471221048663,0.3,0.0,0,3307,
9,24,innate_immunity,Medium,0.5,False,False,0.28215942413512934,0.1666902454098632,0.37596176869728076,0.15,0.0,3,4403,
9,25,innate_immunity,Easy,0.2,True,True,0.7418814745456479,0.8317060821371478,0.4467118680463494,0.0,0.0,0,4206,
9,26,tolerance_autoimmunity,Hard,0.8,False,False,0.11801632000925315,0.18011187072715973,0.49099669899924414,0.0,0.0,1,4190,
9,27,tolerance_autoimmunity,Medium,0.5,,True,0.4864983316517682,0.5725536537948386,0.5408709850122824,0.0,0.0,0,3949,
9,28,tolerance_autoimmunity,Easy,0.2,False,True,0.8854643339402843,0.5152426623401807,0.5858583785426593,0.0,0.0,0,6167,
9,29,tolerance_autoimmunity,Medium,0.5,True,True,0.6260130400464528,0.9622616010525317,0.6264377178865433,0.0,0.0,0,2157,
9,30,antigen_recognition,Easy,0.2,False,True,0.5907086770543407,0.689266086566362,0.33685455188093805,0.0,0.0,0,3919,
9,31,antigen_recognition,Easy,0.2,False,False,0.69447558459306,0.1784734369311191,0.37082866543048404,0.0,0.0,1,3628,
9,32,antigen_recognition,Medium,0.5,True,False,0.3153924522823095,0.24255988487175884,0.40306222508683615,0.0,0.0,2,4397,
9,33,antigen_recognition,Hard,0.8,,False,0.08458452914383119,0.1827155281709573,0.4290570758903377,0.15,0.0,2,3206,
9,34,antigen_recognition,Easy,0.2,True,False,0.798080836623261,0.24495106421546808,0.44953236657101836,0.3,0.0,3,3633,
9,35,antigen_recognition,Medium,0.5,,False,0.4248717256017678,0.1831260234284063,0.46504315302831994,0.44999999999999996,0.0,3,4584,
9,36,antigen_recognition,Hard,0.8,False,False,0.11818395869001248,0.15296698511980458,0.4760058669938148,0.6,0.0,1,1872,
9,37,antigen_recognition,Easy,0.2,True,True,0.839705057864304,0.817478217630659,0.48942843984306084,0.75,0.0,0,2575,
9,38,humoral_immunity,Easy,0.2,,True,0.8432035642513842,0.9533772118677574,0.523736313007124,0.0,0.0,0,4669,
9,39,,,,,,,,,,,,,all_kcs_mastered
10,0,innate_immunity,Easy,0.2,False,False,0.4662506091615624,0.151473136915078,0.22553178504284715,0.0,0.0,3,4676,
10,1,antigen_recognition,Easy,0.2,,False,0.44189152763732054,0.16164383561643833,0.20899181361116137,0.0,0.0,2,4922,
10,2,cell_mediated_immunity,Easy,0.2,False,True,0.40460806998124627,0.2,0.21832095605867466,0.0,0.0,0,3713,
10,3,humoral_immunity,Easy,0.2,True,True,0.6289299787071286,0.7384615384615385,0.396244415278894,0.0,0.0,0,4544,
10,4,tolerance_autoimmunity,Easy,0.2,True,True,0.6500962477683431,0.7384615384615385,0.39323635945325053,0.0,0.0,0,4600,
10,5,innate_immunity,Medium,0.5,,True,0.16154064961267733,0.5286442405708461,0.31604553626907267,0.0,0.0,0,4249,
10,6,antigen_recognition,Medium,0.5,,False,0.1485462129181481,0.17000398883127243,0.25416271279984054,0.0,0.0,2,5673,
10,7,antigen_recognition,Hard,0.8,,False,0.05,0.1712193807621569,0.25416271279984054,0.0,0.0,1,3195,
10,8,antigen_recognition,Easy,0.2,,True,0.5805365279032786,0.5595087252038737,0.326568081713451,0.15,0.0,0,4185,
10,9,cell_mediated_immunity,Medium,0.5,False,False,0.15576607398128264,0.15330739299610896,0.2557165929648731,0.0,0.0,1,4251,
10,10,cell_mediated_immunity,Hard,0.8,False,False,0.05,0.15239800083060046,0.2557165929648731,0.0,0.0,1,2898,
10,11,cell_mediated_immunity,Easy,0.2,False,True,0.5828051562506266,0.2280705819127759,0.32692984157508687,0.0,0.0,0,3777,
10,12,cell_mediated_immunity,Easy,0.2,,True,0.6816964642974117,0.6351224320212618,0.391329386252518,0.0,0.0,0,4800,
10,13,innate_immunity,Hard,0.8,False,False,0.0519696421062444,0.1646389171166504,0.35601314435459797,0.0,0.0,3,4314,
10,14,innate_immunity,Medium,0.5,False,True,0.296520759958617,0.23482811088516692,0.43127726096921204,0.0,0.0,0,3428,
10,15,innate_immunity,Medium,0.5,False,False,0.39835202060612696,0.15405650912201171,0.46451118040138545,0.0,0.0,1,4277,
10,16,innate_immunity,Medium,0.5,True,True,0.4469669975943542,0.8186770780519026,0.5270949002565065,0.0,0.0,0,4891,
10,17,antigen_recognition,Easy,0.2,False,False,0.6812252968529088,0.16654145032632942,0.35348773699687297,0.3,0.0,2,5526,
10,18,antigen_recognition,Medium,0.5,False,True,0.2933697930791542,0.23588540327226182,0.41994264020264854,0.09999999999999998,0.0,0,2436,
10,19,antigen_recognition,Medium,0.5,False,False,0.38217086043950205,0.15408029664367168,0.4530670919768777,0.0,0.0,3,4643,
10,20,antigen_recognition,Hard,0.8,,False,0.11089836053233929,0.16892211612598,0.47961502653045035,0.15,0.0,3,5348,
10,21,antigen_recognition,Easy,0.2,True,True,0.8425984278037667,0.8338528655014661,0.5390486900003792,0.0,0.0,0,5348,
10,22,cell_mediated_immunity,Medium,0.5,True,False,0.34253365011230985,0.5705146686446231,0.4204482751924169,0.0,0.0,2,3020,
10,23,cell_mediated_immunity,Hard,0.8,False,False,0.09301962258483602,0.16728365524169542,0.44817411233394866,0.0,0.0,1,2725,
10,24,cell_mediated_immunity,Easy,0.2,True,True,0.8159348400786313,0.8322811348025143,0.5009729706135606,0.0,0.0,0,5148,
10,25,humoral_immunity,Hard,0.8,False,False,0.07282867051458382,0.18011187072715973,0.4234514967081151,0.0,0.0,3,4300,
10,26,humoral_immunity,Medium,0.5,True,False,0.38715402715267555,0.24348229420545298,0.46729866741528486,0.0,0.0,2,5079,
10,27,humoral_immunity,Easy,0.2,True,True,0.8325477030071927,0.8869287520624446,0.5483237542290262,0.0,0.0,0,4337,
10,28,tolerance_autoimmunity,Hard,0.8,,False,0.07498426631665657,0.3430278884462152,0.42120364064230775,0.0,0.0,2,4376,
10,29,tolerance_autoimmunity,Medium,0.5,False,False,0.38395890244372766,0.15687848341588578,0.4585821437575487,0.0,0.0,3,5859,
10,30,tolerance_autoimmunity,Easy,0.2,True,True,0.8251292429920156,0.8217240820193382,0.5285113639366928,0.0,0.0,0,2768,
10,31,innate_immunity,Easy,0.2,True,True,0.8647823154837624,0.9881715815993563,0.5666185192038626,0.0,0.0,0,4760,
10,32,,,,,,,,,,,,,all_kcs_mastered
11,0,innate_immunity,Easy,0.2,True,True,0.7417630085916671,0.7384615384615385,0.48357014796310926,0.0,0.0,0,5728,
11,1,antigen_recognition,Easy,0.2,False,False,0.30494060957565344,0.151473136915078,0.08949181768834262,0.0,0.0,1,4837,
11,2,cell_mediated_immunity,Easy,0.2,False,True,0.659219951240526,0.2,0.40949021709838074,0.0,0.0,0,3567,
11,3,humoral_immunity,Easy,0.2,True,True,0.8893931380213023,0.7384615384615385,0.5798865998212777,0.0,0.0,0,3568,
11,4,tolerance_autoimmunity,Easy,0.2,False,True,0.6341651301450068,0.2,0.3553260964201973,0.0,0.0,0,3974,
11,5,antigen_recognition,Medium,0.5,,False,0.07848951589502748,0.1685530193297038,0.1155304399003522,0.0,0.0,2,5258,
11,6,antigen_recognition,Hard,0.8,False,False,0.05,0.15268390696295708,0.1155304399003522,0.0,0.0,1,4016,
11,7,antigen_recognition,Easy,0.2,,False,0.37593990634563146,0.16872418687009033,0.13703031634708343,0.15,0.0,2,3075,
11,8,antigen_recognition,Medium,0.5,False,False,0.10176019118852188,0.15268717533916368,0.15430570102424715,0.3,0.0,2,4407,
11,9,antigen_recognition,Hard,0.8,,False,0.05,0.16872464948959562,0.15430570102424715,0.44999999999999996,0.0,3,4457,
11,10,antigen_recognition,Easy,0.2,False,True,0.4318846859535606,0.23710101136801295,0.17365376601535776,0.6,0.0,0,5332,
11,11,cell_mediated_immunity,Medium,0.5,False,False,0.36747633860049106,0.15330739299610896,0.45207362823535563,0.0,0.0,3,4329,
11,12,cell_mediated_immunity,Hard,0.8,False,False,0.1103119896301808,0.15239800083060046,0.4915862233476572,0.0,0.0,2,5376,
11,13,cell_mediated_immunity,Easy,0.2,True,True,0.851891914105269,0.8168470529643829,0.5649126728181677,0.0,0.0,0,3990,
11,14,tolerance_autoimmunity,Medium,0.5,False,False,0.2956615883230642,0.15330739299610896,0.38428641782863787,0.0,0.0,1,2706,
11,15,tolerance_autoimmunity,Hard,0.8,False,False,0.07626004221780087,0.15239800083060046,0.4119457710864786,0.0,0.0,1,4845,
11,16,tolerance_autoimmunity,Easy,0.2,True,True,0.781029281579036,0.8168470529643829,0.4647794266148356,0.0,0.0,0,3517,
11,17,antigen_recognition,Easy,0.2,True,False,0.460562737896925,0.2764843575393076,0.1795617078167193,0.75,0.0,3,5959,
11,18,antigen_recognition,Medium,0.5,,False,0.1275686015715968,0.18875133329127824,0.18425427031169628,0.9,0.0,3,3674,
11,19,antigen_recognition,Hard,0.8,False,False,0.05,0.1530789242098316,0.18425427031169628,1.0,0.0,1,3768,
11,20,antigen_recognition,Easy,0.2,False,True,0.4763989569352674,0.22844444426054422,0.19358571632791374,1.0,0.0,0,4456,
11,21,antigen_recognition,Easy,0.2,True,True,0.49037976187994103,0.8784964386084642,0.20281041843903366,0.8,0.0,0,3153,
11,22,innate_immunity,Hard,0.8,False,False,0.1302693753485282,0.18011187072715973,0.5281317055437421,0.0,0.0,2,5783,
11,23,innate_immunity,Medium,0.5,True,True,0.5420976583836201,0.8439935166570436,0.6095645897620057,0.0,0.0,0,3573,
11,24,humoral_immunity,Hard,0.8,False,False,0.17797482485810298,0.18011187072715973,0.5612964905594275,0.0,0.0,2,2811,
11,25,humoral_immunity,Medium,0.5,,True,0.5909221840224198,0.5725536537948386,0.592762052908099,0.0,0.0,0,3849,
11,26,humoral_immunity,Easy,0.2,True,False,0.9134552145395926,0.5152426623401807,0.6073664163782082,0.0,0.0,3,4392,
11,27,humoral_immunity,Medium,0.5,False,True,0.6557019192397473,0.46804329219921986,0.6355276602246228,0.0,0.0,0,3570,
11,28,humoral_immunity,Easy,0.2,True,True,0.9317041268420349,0.9548280990603285,0.6616690675413606,0.0,0.0,0,4244,
11,29,,,,,,,,,,,,,all_kcs_mastered
12,0,innate_immunity,Easy,0.2,False,False,0.7605121147923979,0.151473136915078,0.42808244012781577,0.0,0.0,2,4147,
12,1,antigen_recognition,Easy,0.2,True,True,0.6767372462162873,0.7384615384615385,0.45062093005428394,0.0,0.0,0,3035,
12,2,cell_mediated_immunity,Easy,0.2,,True,0.6629132747480344,0.43333333333333335,0.36341156779832057,0.0,0.0,0,4520,
12,3,humoral_immunity,Easy,0.2,False,False,0.30269845747439916,0.151473136915078,0.09967042249794966,0.0,0.0,1,4149,
12,4,tolerance_autoimmunity,Easy,0.2,True,False,0.41406451229207597,0.2,0.16370853525270224,0.0,0.0,2,5304,
12,5,innate_immunity,Medium,0.5,True,True,0.39376692303301064,0.8158135829516033,0.49493451074760314,0.0,0.0,0,3407,
12,6,humoral_immunity,Medium,0.5,,False,0.08302202913966697,0.1685530193297038,0.1368219648382028,0.0,0.0,1,2859,
12,7,humoral_immunity,Hard,0.8,False,False,0.05,0.15268390696295708,0.1368219648382028,0.0,0.0,1,6009,
12,8,humoral_immunity,Easy,0.2,False,True,0.40635165289277225,0.22822753017773875,0.19737342666631197,0.15,0.0,0,2510,
12,9,tolerance_autoimmunity,Medium,0.5,False,False,0.11735197166655599,0.15330739299610896,0.1847392088942286,0.0,0.0,3,3134,
12,10,tolerance_autoimmunity,Hard,0.8,False,False,0.05,0.15239800083060046,0.1847392088942286,0.0,0.0,3,4578,
12,11,tolerance_autoimmunity,Easy,0.2,False,True,0.4771247934488203,0.2280705819127759,0.21959227555875588,0.15,0.0,0,5782,
12,12,tolerance_autoimmunity,Easy,0.2,True,False,0.5293546171722213,0.27113300473666746,0.2333300100644005,0.3,0.0,1,4822,
12,13,humoral_immunity,Easy,0.2,False,True,0.4960602215393953,0.2712256097786363,0.26361320344972194,0.0,0.0,0,4030,
12,14,tolerance_autoimmunity,Medium,0.5,False,False,0.1679788280485192,0.15491197419233504,0.24393393568819957,0.44999999999999996,0.0,1,1645,
12,15,tolerance_autoimmunity,Hard,0.8,,False,0.05,0.1690402669297704,0.24393393568819957,0.6,0.0,2,4096,
12,16,tolerance_autoimmunity,Easy,0.2,True,False,0.5655219327295872,0.23727695502718998,0.24868723621805117,0.75,0.0,2,3366,
12,17,tolerance_autoimmunity,Medium,0.5,,True,0.18125369671204072,0.6458205700906552,0.25624470353841217,0.9,0.0,0,2981,
12,18,humoral_immunity,Easy,0.2,True,True,0.594278046620264,0.9004261416990114,0.32438629351468484,0.0,0.0,0,6087,
12,19,cell_mediated_immunity,Medium,0.5,False,True,0.3058633110086467,0.40565552699228785,0.4103665856927663,0.0,0.0,0,3760,
12,20,cell_mediated_immunity,Hard,0.8,False,False,0.0880403522252206,0.1589691466170944,0.4321123841706029,0.0,0.0,2,5688,
12,21,cell_mediated_immunity,Easy,0.2,False,True,0.8010188375308404,0.23168847511655535,0.47400000231515566,0.0,0.0,0,2910,
12,22,cell_mediated_immunity,Medium,0.5,True,True,0.4610789034462254,0.880391131893373,0.512797972957427,0.0,0.0,0,3077,
12,23,tolerance_autoimmunity,Medium,0.5,False,False,0.18808040163814224,0.17354653302647918,0.25998542685519666,1.0,0.0,3,4373,
12,24,tolerance_autoimmunity,Hard,0.8,True,False,0.05,0.23979474665055833,0.25998542685519666,1.0,0.0,1,3181,
12,25,tolerance_autoimmunity,Easy,0.2,True,True,0.5890192674094219,0.8849414454972193,0.26742924549203256,0.8,0.0,0,4434,
12,26,antigen_recognition,Hard,0.8,True,False,0.10072720942524821,0.6339622641509434,0.4883330171409833,0.0,0.0,2,3962,
12,27,antigen_recognition,Medium,0.5,True,False,0.48250666862563024,0.5694516971279373,0.5365182641163115,0.0,0.0,3,2423,
12,28,antigen_recognition,Easy,0.2,True,True,0.8827889068891599,0.9694058071451568,0.6238132534756815,0.0,0.0,0,4864,
12,29,innate_immunity,Hard,0.8,False,False,0.12924411118243495,0.1934156253285526,0.5123283493868819,0.0,0.0,2,4023,
12,30,innate_immunity,Medium,0.5,True,True,0.5184840967550992,0.8548464290157287,0.5693328233067638,0.0,0.0,0,6261,
12,31,,,,,,,,,,,,,all_kcs_mastered
13,0,innate_immunity,Easy,0.2,True,True,0.7253104156222229,0.7384615384615385,0.42941509494586444,0.0,0.0,0,3999,
13,1,antigen_recognition,Easy,0.2,True,False,0.31910077905227785,0.2,0.15947492537567837,0.0,0.0,3,4238,
13,2,cell_mediated_immunity,Easy,0.2,False,False,0.4914007152985842,0.151473136915078,0.24988564395165916,0.0,0.0,1,4820,
13,3,humoral_immunity,Easy,0.2,True,True,0.8814980868544309,0.7384615384615385,0.5780058665072891,0.0,0.0,0,2519,
13,4,tolerance_autoimmunity,Easy,0.2,True,True,0.9103217294601851,0.7384615384615385,0.6092701887084127,0.0,0.0,0,1570,
13,5,cell_mediated_immunity,Medium,0.5,True,False,0.18232321131090193,0.22756316558780537,0.30166537477639305,0.0,0.0,1,2648,
13,6,antigen_recognition,Medium,0.5,False,False,0.11474632218859347,0.15330739299610896,0.23732186379428866,0.0,0.0,1,4744,
13,7,antigen_recognition,Hard,0.8,,False,0.05,0.16881249297831702,0.23732186379428866,0.0,0.0,1,2085,
13,8,antigen_recognition,Easy,0.2,True,True,0.5557500239377007,0.8337484352714597,0.3574047399407707,0.15,0.0,0,3800,
13,9,cell_mediated_immunity,Hard,0.8,False,False,0.05,0.15389478410989638,0.30166537477639305,0.0,0.0,3,3946,
13,10,cell_mediated_immunity,Easy,0.2,,True,0.6479390338928032,0.5325785808518971,0.3836145918094785,0.15,0.0,0,4116,
13,11,cell_mediated_immunity,Easy,0.2,False,True,0.7505761682392127,0.48199501019939717,0.4687116713762161,0.0,0.0,0,5061,
13,12,cell_mediated_immunity,Easy,0.2,True,True,0.8337263115039875,0.9571621972020892,0.5420603986059864,0.0,0.0,0,3604,
13,13,innate_immunity,Hard,0.8,False,False,0.09765910998491223,0.18591549295774645,0.45963032096785833,0.0,0.0,3,4858,
13,14,innate_immunity,Medium,0.5,,False,0.43973981382840943,0.17359125315391083,0.48824550486558055,0.0,0.0,3,4936,
13,15,innate_immunity,Easy,0.2,True,True,0.8493450025000204,0.8382065785905235,0.5424452483263396,0.0,0.0,0,3588,
13,16,humoral_immunity,Hard,0.8,False,False,0.20883454981558824,0.18591549295774645,0.5977467322595967,0.0,0.0,1,3141,
13,17,humoral_immunity,Medium,0.5,True,False,0.6425571776859719,0.24676121119202757,0.6165641212388384,0.0,0.0,3,3877,
13,18,humoral_immunity,Easy,0.2,True,True,0.924098675827465,0.8886546261702489,0.652438346051364,0.0,0.0,0,4462,
13,19,tolerance_autoimmunity,Hard,0.8,True,False,0.2415173030165791,0.6715909090909091,0.6201347132606819,0.0,0.0,2,3907,
13,20,tolerance_autoimmunity,Medium,0.5,True,True,0.6727849809000839,0.9799579823362636,0.6412595704641383,0.0,0.0,0,5832,
13,21,antigen_recognition,Easy,0.2,True,False,0.7164325044625344,0.7295250827604042,0.39632311252956576,0.3,0.0,3,4297,
13,22,antigen_recognition,Medium,0.5,,True,0.3493127805668846,0.9352992332103717,0.4969624843036638,0.09999999999999998,0.0,0,3575,
13,23,,,,,,,,,,,,,all_kcs_mastered
14,0,innate_immunity,Easy,0.2,False,True,0.7008195951398967,0.2,0.4092809628584587,0.0,0.0,0,2991,
14,1,antigen_recognition,Easy,0.2,False,False,0.5755147027717094,0.151473136915078,0.29583082519459347,0.0,0.0,2,5324,
14,2,cell_mediated_immunity,Easy,0.2,True,True,0.5474337568618975,0.7384615384615385,0.30675899408668367,0.0,0.0,0,3810,
14,3,humoral_immunity,Easy,0.2,False,False,0.3208388346112012,0.151473136915078,0.14393939318653032,0.0,0.0,1,3282,
14,4,tolerance_autoimmunity,Easy,0.2,,True,0.818703201338141,0.43333333333333335,0.5063121105216176,0.0,0.0,0,2659,
14,5,antigen_recognition,Medium,0.5,True,True,0.22705509950604794,0.8158135829516033,0.3806007852806169,0.0,0.0,0,3973,
14,6,humoral_immunity,Medium,0.5,False,False,0.10561238193578026,0.15236428212260275,0.20772931035721476,0.0,0.0,2,6185,
14,7,humoral_immunity,Hard,0.8,False,False,0.05,0.15238064594829565,0.20772931035721476,0.0,0.0,1,3515,
14,8,humoral_immunity,Easy,0.2,True,False,0.5115918880342675,0.22806105629874535,0.2579103945898098,0.15,0.0,2,2489,
14,9,innate_immunity,Medium,0.5,,True,0.36718455601940064,0.5999999999999999,0.4697893354031013,0.0,0.0,0,3053,
14,10,humoral_immunity,Medium,0.5,False,False,0.18961132910968018,0.15390577245528558,0.296618499903736,0.3,0.0,1,4378,
14,11,humoral_immunity,Hard,0.8,True,False,0.05,0.22889874803885363,0.296618499903736,0.44999999999999996,0.0,3,4516,
14,12,humoral_immunity,Easy,0.2,,True,0.6410009045949921,0.6361004587484227,0.3385488466791101,0.6,0.0,0,3450,
14,13,tolerance_autoimmunity,Medium,0.5,False,False,0.5094670342317479,0.1600363306085377,0.5310748608304746,0.0,0.0,2,3809,
14,14,tolerance_autoimmunity,Hard,0.8,False,False,0.16609621030413196,0.1525229350070919,0.5545955433958698,0.0,0.0,1,4926,
14,15,tolerance_autoimmunity,Easy,0.2,True,True,0.8935544095106666,0.8169859413077105,0.5992773740844597,0.0,0.0,0,4533,
14,16,innate_immunity,Hard,0.8,False,False,0.12118416056665429,0.1694656488549618,0.49694453305494585,0.0,0.0,3,5370,
14,17,innate_immunity,Easy,0.2,True,True,0.8559026090681692,0.8343691233097519,0.5484733745018434,0.0,0.0,0,3502,
14,18,humoral_immunity,Easy,0.2,True,True,0.6966282753647595,0.9766465718883357,0.39769500611731035,0.39999999999999997,0.0,0,3259,
14,19,cell_mediated_immunity,Hard,0.8,,True,0.05,0.9379828326180258,0.30675899408668367,0.0,0.0,0,4599,
14,20,antigen_recognition,Hard,0.8,False,False,0.07261495782300235,0.1934156253285526,0.4130585751692085,0.0,0.0,3,3217,
14,21,antigen_recognition,Medium,0.5,True,False,0.3724668286693586,0.25102556182945734,0.4430881138763424,0.15,0.0,2,5381,
14,22,antigen_recognition,Medium,0.5,,False,0.41545212096763173,0.1841787351036398,0.4665530567005056,0.3,0.0,2,5877,
14,23,antigen_recognition,Easy,0.2,,True,0.8319230922125465,0.5783550453038094,0.5018729098554,0.44999999999999996,0.0,0,2412,
14,24,antigen_recognition,Easy,0.2,True,True,0.8595113658954091,0.9704616890035312,0.546847414981594,0.24999999999999994,0.0,0,1715,
14,25,,,,,,,,,,,,,all_kcs_mastered
15,0,innate_immunity,Easy,0.2,False,False,0.394009664447539,0.151473136915078,0.19430709903448717,0.0,0.0,2,3886,
15,1,antigen_recognition,Easy,0.2,True,False,0.5011764387415595,0.2,0.22374110426695334,0.0,0.0,2,4820,
15,2,cell_mediated_immunity,Easy,0.2,False,True,0.7089966986155845,0.2,0.3945315308865595,0.0,0.0,0,5465,
15,3,humoral_immunity,Easy,0.2,,True,0.31207959614675823,0.43333333333333335,0.15412365331738923,0.0,0.0,0,4143,
15,4,tolerance_autoimmunity,Easy,0.2,False,True,0.46998666621483404,0.2,0.2942440196225654,0.0,0.0,0,3560,
15,5,innate_immunity,Medium,0.5,,False,0.13774375231870226,0.1685530193297038,0.2553570800193972,0.0,0.0,3,4528,
15,6,innate_immunity,Hard,0.8,False,False,0.05,0.15268390696295708,0.2553570800193972,0.0,0.0,1,3271,
15,7,innate_immunity,Easy,0.2,True,True,0.5822805837594947,0.8171646425417199,0.3512779219264135,0.15,0.0,0,3940,
15,8,antigen_recognition,Medium,0.5,False,False,0.16009070077959064,0.15330739299610896,0.2460384991974764,0.0,0.0,1,5146,
15,9,antigen_recognition,Hard,0.8,False,False,0.05,0.15239800083060046,0.2460384991974764,0.0,0.0,2,4439,
15,10,antigen_recognition,Easy,0.2,True,True,0.5686219610216234,0.8168470529643829,0.28285526438362985,0.15,0.0,0,4062,
15,11,cell_mediated_immunity,Medium,0.5,,False,0.3468734675925108,0.17575757575757575,0.4159559368661246,0.0,0.0,3,3087,
15,12,cell_mediated_immunity,Hard,0.8,,False,0.09077040226690947,0.1720680393912265,0.4366222436299711,0.0,0.0,1,3967,
15,13,cell_mediated_immunity,Easy,0.2,True,True,0.805296628223732,0.8368062115282809,0.4764923091678234,0.0,0.0,0,3833,
15,14,tolerance_autoimmunity,Medium,0.5,False,False,0.2253885263946838,0.15330739299610896,0.34341989047013854,0.0,0.0,3,2194,
15,15,tolerance_autoimmunity,Hard,0.8,False,False,0.06068349962903716,0.15239800083060046,0.38916927065967444,0.0,0.0,1,2176,
15,16,tolerance_autoimmunity,Easy,0.2,True,False,0.7567633265738359,0.2280705819127759,0.42534666597377274,0.15,0.0,2,4717,
15,17,tolerance_autoimmunity,Easy,0.2,,True,0.7944694740276885,0.6351224320212618,0.48140387340901625,0.3,0.0,0,3202,
15,18,humoral_immunity,Medium,0.5,False,False,0.11152496519848626,0.1600363306085377,0.1930974103676356,0.0,0.0,1,2948,
15,19,humoral_immunity,Hard,0.8,False,False,0.05,0.1525229350070919,0.1930974103676356,0.0,0.0,2,2064,
15,20,humoral_immunity,Easy,0.2,,False,0.48964759525322066,0.16870140601142222,0.22469874521125477,0.15,0.0,1,5962,
15,21,humoral_immunity,Easy,0.2,False,False,0.5369804652156192,0.15268674027152346,0.24970415173949506,0.3,0.0,1,3229,
15,22,humoral_immunity,Medium,0.5,,False,0.18216092472602533,0.16872458790814365,0.2687175885394805,0.44999999999999996,0.0,3,3998,
15,23,humoral_immunity,Hard,0.8,False,False,0.05,0.15268718299837689,0.2687175885394805,0.6,0.0,1,4207,
15,24,humoral_immunity,Easy,0.2,True,False,0.6016405729325371,0.22822932880226798,0.27714104876246587,0.75,0.0,1,4195,
15,25,humoral_immunity,Medium,0.5,True,False,0.20797852001575648,0.27122667111277243,0.2838021947461822,0.9,0.0,3,3252,
15,26,humoral_immunity,Hard,0.8,False,False,0.05,0.1549142891698109,0.2838021947461822,1.0,0.0,2,3634,
15,27,humoral_immunity,Easy,0.2,,True,0.6231202081299136,0.5342219889946933,0.29700172177934814,1.0,0.0,0,4741,
15,28,humoral_immunity,Easy,0.2,False,False,0.641529852095264,0.16496468727802321,0.30347985164066077,1.0,0.0,3,4123,
15,29,humoral_immunity,Medium,0.5,False,True,0.23521029934065002,0.23500901612520136,0.316316719416534,0.8,0.0,0,3527,
15,30,humoral_immunity,Medium,0.5,,False,0.24934668372395435,0.1814334614575278,0.328917003692729,0.6000000000000001,0.0,1,4734,
15,31,humoral_immunity,Hard,0.8,False,False,0.05590895845808527,0.1529335998858354,0.33664704182454497,0.7500000000000001,0.0,1,3672,
15,32,humoral_immunity,Medium,0.5,False,True,0.27286842029784647,0.22836463361124748,0.3641546337068533,0.55,0.0,0,3754,
15,33,humoral_immunity,Medium,0.5,False,True,0.30681069559267277,0.2713065172285586,0.4022401858114946,0.35000000000000003,0.0,0,4768,
15,34,humoral_immunity,Medium,0.5,,False,0.3574247947712349,0.18779971218833635,0.4256507043634763,0.15000000000000002,0.0,1,3456,
15,35,humoral_immunity,Medium,0.5,,True,0.3902894307737271,0.5834365146555734,0.4785769979001299,0.0,0.0,0,3948,
15,36,humoral_immunity,Medium,0.5,False,False,0.467909667782797,0.16820327950383415,0.5026015654198972,0.0,0.0,2,2921,
15,37,humoral_immunity,Medium,0.5,True,True,0.5039022688968301,0.8331661856535355,0.548436836313863,0.0,0.0,0,3952,
15,38,tolerance_autoimmunity,Easy,0.2,True,True,0.8268674462659102,0.9732743605362926,0.5282501359906516,0.09999999999999998,0.0,0,4116,
15,39,innate_immunity,Easy,0.2,False,True,0.6700730227218018,0.6705789498309227,0.42142760686015585,0.0,0.0,0,5328,
15,40,innate_immunity,Easy,0.2,,True,0.790603276038658,0.916341293582977,0.5091082443766413,0.0,0.0,0,2425,
15,41,antigen_recognition,Easy,0.2,,True,0.6152093131241639,0.937608170102009,0.3196761195068824,0.0,0.0,0,2784,
15,42,cell_mediated_immunity,Easy,0.2,True,True,0.8245956720408817,0.9866092255776288,0.4963261038928799,0.0,0.0,0,4238,
15,43,,,,,,,,,,,,,all_kcs_mastered
16,0,innate_immunity,Easy,0.2,True,True,0.8533298402620488,0.7384615384615385,0.5404785978855665,0.0,0.0,0,4207,
16,1,antigen_recognition,Easy,0.2,,True,0.5167162340702937,0.43333333333333335,0.28130341752944843,0.0,0.0,0,3273,
16,2,cell_mediated_immunity,Easy,0.2,,True,0.556159388367461,0.43333333333333335,0.3195396181116995,0.0,0.0,0,3913,
16,3,humoral_immunity,Easy,0.2,,True,0.6303277350997566,0.43333333333333335,0.39639291313671265,0.0,0.0,0,4221,
16,4,tolerance_autoimmunity,Easy,0.2,True,False,0.9260119098731472,0.2,0.6318663238391675,0.0,0.0,3,3951,
16,5,tolerance_autoimmunity,Medium,0.5,False,True,0.6880884942865944,0.25479452054794516,0.6526666058340664,0.0,0.0,0,7261,
16,6,tolerance_autoimmunity,Hard,0.8,False,False,0.29234949139509114,0.1545168847494429,0.6624791182619439,0.0,0.0,2,5940,
16,7,tolerance_autoimmunity,Medium,0.5,True,False,0.7260900637949241,0.22923474433387236,0.6705841226093506,0.15,0.0,2,3889,
16,8,tolerance_autoimmunity,Medium,0.5,True,False,0.7356547170526316,0.27182023827387125,0.6770985499911998,0.3,0.0,2,4659,
16,9,tolerance_autoimmunity,Easy,0.2,,True,0.9459659054591147,0.6828112900449566,0.6871330643766639,0.44999999999999996,0.0,0,1931,
16,10,antigen_recognition,Medium,0.5,False,False,0.2121223643126636,0.1600363306085377,0.31326141171478883,0.0,0.0,3,5140,
16,11,antigen_recognition,Hard,0.8,False,False,0.051152752069871674,0.1525229350070919,0.34379834252337094,0.0,0.0,3,3072,
16,12,antigen_recognition,Easy,0.2,False,True,0.7032432470283457,0.22813915939457408,0.40215645710340825,0.0,0.0,0,4119,
16,13,antigen_recognition,Easy,0.2,,True,0.7708185126099775,0.6352035386411886,0.4553245976891204,0.0,0.0,0,6354,
16,14,cell_mediated_immunity,Medium,0.5,,False,0.2529836346886697,0.22416107382550338,0.35610686364744426,0.0,0.0,2,4174,
16,15,cell_mediated_immunity,Hard,0.8,False,True,0.06517040429242553,0.2688308064366105,0.4253111819075182,0.0,0.0,0,4142,
16,16,cell_mediated_immunity,Easy,0.2,,True,0.7944347071726142,0.6797922048047846,0.48707756148576203,0.0,0.0,0,3669,
16,17,humoral_immunity,Medium,0.5,True,False,0.3494079778612042,0.4056555269922879,0.4420014320124109,0.0,0.0,1,3309,
16,18,humoral_immunity,Hard,0.8,,False,0.10451906767777534,0.21681777423532927,0.4841637736656968,0.0,0.0,2,3547,
16,19,humoral_immunity,Easy,0.2,,True,0.846184376779215,0.6215139036009447,0.5621168884569604,0.0,0.0,0,5259,
16,20,humoral_immunity,Easy,0.2,True,True,0.8977711561103476,0.9751843842847414,0.6282897369632389,0.0,0.0,0,5849,
16,21,antigen_recognition,Medium,0.5,True,True,0.4333852869250458,0.9765584538885366,0.5037643252863009,0.0,0.0,0,4315,
16,22,tolerance_autoimmunity,Easy,0.2,,True,0.9458565701912268,0.9086855816726029,0.6904409063305039,0.24999999999999994,0.0,0,4616,
16,23,cell_mediated_immunity,Hard,0.8,False,False,0.13267230762543564,0.17729045898063464,0.5146414891576334,0.0,0.0,1,4101,
16,24,cell_mediated_immunity,Hard,0.8,,False,0.1528849208572943,0.17229584711384632,0.5407241595249873,0.0,0.0,1,3349,
16,25,cell_mediated_immunity,Easy,0.2,True,False,0.8853749597762551,0.2390948729148416,0.5617030216941237,0.15,0.0,3,3125,
16,26,cell_mediated_immunity,Easy,0.2,True,False,0.8975430274453255,0.27767226678852525,0.5781905638860243,0.3,0.0,1,4799,
16,27,cell_mediated_immunity,Medium,0.5,True,True,0.6151809866811169,0.9032371822848106,0.6031249327240125,0.44999999999999996,0.0,0,4751,
16,28,innate_immunity,Hard,0.8,False,False,0.1586517659687575,0.18011187072715973,0.5441237253939432,0.0,0.0,1,2613,
16,29,innate_immunity,Medium,0.5,False,True,0.5658017076392453,0.243482294205453,0.5864123577049728,0.0,0.0,0,3849,
16,30,innate_immunity,Easy,0.2,True,True,0.910395546309299,0.8869287520624446,0.6247781527850392,0.0,0.0,0,5211,
16,31,,,,,,,,,,,,,all_kcs_mastered
17,0,innate_immunity,Easy,0.2,,True,0.5977820030165193,0.43333333333333335,0.3639261893529272,0.0,0.0,0,5456,
17,1,antigen_recognition,Easy,0.2,False,False,0.33841156402409617,0.151473136915078,0.11414833132410926,0.0,0.0,2,5182,
17,2,cell_mediated_immunity,Easy,0.2,False,False,0.34101136778347513,0.151473136915078,0.15213450178670418,0.0,0.0,1,3963,
17,3,humoral_immunity,Easy,0.2,False,False,0.42673234834680357,0.151473136915078,0.1913297157781135,0.0,0.0,1,1833,
17,4,tolerance_autoimmunity,Easy,0.2,True,True,0.6679370721642934,0.7384615384615385,0.38705644575091913,0.0,0.0,0,4350,
17,5,antigen_recognition,Medium,0.5,,True,0.08987926375380051,0.5286442405708461,0.1644362171123601,0.0,0.0,0,4902,
17,6,cell_mediated_immunity,Medium,0.5,True,True,0.11034784070315215,0.8158135829516033,0.26756838246812964,0.0,0.0,0,4438,
17,7,humoral_immunity,Medium,0.5,False,False,0.1356357003438181,0.15236428212260275,0.22992442480019637,0.0,0.0,2,4359,
17,8,humoral_immunity,Hard,0.8,,False,0.05,0.1686789605945943,0.22992442480019637,0.0,0.0,2,4866,
17,9,humoral_immunity,Easy,0.2,False,True,0.5447664405902166,0.23707554604696957,0.2924040702880486,0.15,0.0,0,3134,
17,10,humoral_immunity,Easy,0.2,True,True,0.6351614801581685,0.8834435197502011,0.35994571128879466,0.0,0.0,0,3897,
17,11,innate_immunity,Medium,0.5,False,True,0.3065192624265274,0.40565552699228785,0.44875858306124433,0.0,0.0,0,2742,
17,12,innate_immunity,Hard,0.8,False,False,0.10837497138451624,0.1589691466170944,0.4855177831158004,0.0,0.0,3,4085,
17,13,innate_immunity,Easy,0.2,,False,0.8472388032770123,0.16961950592821673,0.5198257181762368,0.0,0.0,1,4496,
17,14,innate_immunity,Medium,0.5,,True,0.5297035597583868,0.55710769115746,0.5838659805521443,0.0,0.0,0,3470,
17,15,antigen_recognition,Hard,0.8,False,False,0.05,0.1646389171166504,0.1644362171123601,0.0,0.0,2,5988,
17,16,antigen_recognition,Medium,0.5,True,True,0.11780496960566558,0.829693937964314,0.21186936824640845,0.0,0.0,0,3459,
17,17,innate_immunity,Easy,0.2,True,True,0.9091413750182267,0.9678908146118814,0.6393652707010548,0.0,0.0,0,5034,
17,18,tolerance_autoimmunity,Hard,0.8,False,False,0.07743911739629995,0.18591549295774645,0.4187017098688812,0.0,0.0,1,5234,
17,19,tolerance_autoimmunity,Medium,0.5,,False,0.380414386291981,0.17359125315391083,0.4487131812270476,0.0,0.0,2,2259,
17,20,tolerance_autoimmunity,Easy,0.2,,True,0.816420104723362,0.5630375640891493,0.5056372384714177,0.0,0.0,0,4729,
17,21,tolerance_autoimmunity,Easy,0.2,True,False,0.8622165765382613,0.5071880991293791,0.5273319019403068,0.15,0.0,1,4694,
17,22,tolerance_autoimmunity,Easy,0.2,False,True,0.8769642659275584,0.4616536270798491,0.5761380495848759,0.0,0.0,0,3064,
17,23,tolerance_autoimmunity,Medium,0.5,,True,0.6122614909809013,0.8250643896309381,0.6199046355207497,0.0,0.0,0,5002,
17,24,cell_mediated_immunity,Hard,0.8,False,False,0.05,0.1934156253285526,0.26756838246812964,0.0,0.0,2,3050,
17,25,cell_mediated_immunity,Medium,0.5,False,False,0.19867604733351585,0.15317290102477218,0.3099485185304516,0.15,0.0,2,4796,
17,26,cell_mediated_immunity,Medium,0.5,False,False,0.24226365315172418,0.15239552362439795,0.3428303402231009,0.3,0.0,3,3373,
17,27,cell_mediated_immunity,Easy,0.2,True,True,0.7020297308806777,0.816844297356599,0.3920395654359431,0.44999999999999996,0.0,0,2990,
17,28,,,,,,,,,,,,,all_kcs_mastered
18,0,innate_immunity,Easy,0.2,True,False,0.3398200897801324,0.2,0.13601933984838252,0.0,0.0,3,2733,
18,1,antigen_recognition,Easy,0.2,True,False,0.29622392959204924,0.2,0.10086340382900365,0.0,0.0,2,3615,
18,2,cell_mediated_immunity,Easy,0.2,,False,0.5325379358322642,0.16164383561643833,0.249794803331512,0.0,0.0,2,4345,
18,3,humoral_immunity,Easy,0.2,True,False,0.7274274921828764,0.2,0.4142143168324538,0.0,0.0,3,4294,
18,4,tolerance_autoimmunity,Easy,0.2,,True,0.6819341220285595,0.43333333333333335,0.3809139744222931,0.0,0.0,0,3735,
18,5,cell_mediated_immunity,Medium,0.5,False,False,0.18224196946721086,0.15255307234129206,0.2768543996036303,0.0,0.0,1,4046,
18,6,cell_mediated_immunity,Hard,0.8,False,False,0.05,0.15238411698161172,0.2768543996036303,0.0,0.0,2,3721,
18,7,cell_mediated_immunity,Easy,0.2,,True,0.6132813549247466,0.5301293720235979,0.3211964645950347,0.15,0.0,0,3777,
18,8,innate_immunity,Medium,0.5,False,True,0.10120707884660401,0.25479452054794516,0.22463338729167517,0.0,0.0,0,3648,
18,9,antigen_recognition,Medium,0.5,True,False,0.08356858361311414,0.25479452054794516,0.14379793141485078,0.0,0.0,2,2873,
18,10,humoral_immunity,Medium,0.5,False,True,0.3740890825235727,0.25479452054794516,0.507389281154232,0.0,0.0,0,3344,
18,11,innate_immunity,Hard,0.8,False,False,0.05,0.1545168847494429,0.22463338729167517,0.0,0.0,2,3040,
18,12,innate_immunity,Medium,0.5,False,False,0.16081187862075894,0.15242031320647353,0.25843166567186465,0.15,0.0,2,5305,
18,13,innate_immunity,Medium,0.5,False,False,0.1900923832771448,0.15238167595852223,0.2850522616029967,0.3,0.0,2,2737,
18,14,innate_immunity,Easy,0.2,True,True,0.6248799796295663,0.8168288921858389,0.3253829410412007,0.44999999999999996,0.0,0,3657,
18,15,antigen_recognition,Hard,0.8,False,False,0.05,0.1545168847494429,0.14379793141485078,0.0,0.0,1,4833,
18,16,antigen_recognition,Easy,0.2,False,False,0.4164867741518531,0.15242031320647353,0.17854964407551172,0.15,0.0,2,3815,
18,17,antigen_recognition,Medium,0.5,False,False,0.12689430368455612,0.15238167595852223,0.20600710513529444,0.3,0.0,1,3179,
18,18,antigen_recognition,Hard,0.8,False,False,0.05,0.1523809656820218,0.20600710513529444,0.44999999999999996,0.0,2,5056,
18,19,antigen_recognition,Easy,0.2,,True,0.5090096823724574,0.5301242452418654,0.23633816717210399,0.6,0.0,0,2900,
18,20,humoral_immunity,Hard,0.8,False,False,0.14733418595884606,0.1545168847494429,0.5465665668680004,0.0,0.0,2,3003,
18,21,humoral_immunity,Medium,0.5,,False,0.5693989729975979,0.16898411445127381,0.5772188586473369,0.15,0.0,3,5762,
18,22,humoral_immunity,Medium,0.5,,True,0.6137998529564408,0.556149431007942,0.6444663501675214,0.0,0.0,0,4595,
18,23,tolerance_autoimmunity,Medium,0.5,False,False,0.30083564491743425,0.15919260913349972,0.38505449938837916,0.0,0.0,3,3655,
18,24,tolerance_autoimmunity,Hard,0.8,False,False,0.0765853193334082,0.15250716226611388,0.4096388605512452,0.0,0.0,1,4302,
18,25,tolerance_autoimmunity,Easy,0.2,True,True,0.7786528733969524,0.8169684162372474,0.4568419101037474,0.0,0.0,0,3716,
18,26,cell_mediated_immunity,Easy,0.2,,True,0.6656465668959239,0.8472785457044036,0.36419269212686495,0.0,0.0,0,2249,
18,27,antigen_recognition,Easy,0.2,True,False,0.5542923479518547,0.48000305006197475,0.24545454063733563,0.75,0.0,3,5711,
18,28,antigen_recognition,Medium,0.5,True,False,0.17839306458637202,0.4405086657800752,0.2526605765116937,0.9,0.0,3,4168,
18,29,antigen_recognition,Hard,0.8,False,False,0.05,0.16032975172436192,0.2526605765116937,1.0,0.0,2,4488,
18,30,antigen_recognition,Easy,0.2,,True,0.5783402024398197,0.5428255949583948,0.2669350105544818,1.0,0.0,0,2571,
18,31,antigen_recognition,Easy,0.2,,False,0.5990744335887632,0.25985178489612504,0.27393590433315784,1.0,0.0,2,1611,
18,32,antigen_recognition,Medium,0.5,False,False,0.2048285320892443,0.1546373522815151,0.28086993840034036,1.0,0.0,2,6489,
18,33,antigen_recognition,Hard,0.8,,False,0.05,0.16900123126061203,0.28086993840034036,1.0,0.0,2,4581,
18,34,antigen_recognition,Easy,0.2,True,True,0.6189796546313822,0.8339281685222685,0.2946055641546682,1.0,0.0,0,3294,
18,35,humoral_immunity,Medium,0.5,,True,0.7040790129269595,0.8719599397149286,0.7010174679060166,0.0,0.0,0,4278,
18,36,innate_immunity,Easy,0.2,True,True,0.667504382027266,0.9880528575481513,0.3687571951251011,0.24999999999999994,0.0,0,2532,
18,37,,,,,,,,,,,,,all_kcs_mastered
19,0,innate_immunity,Easy,0.2,,True,0.6360508125426816,0.43333333333333335,0.34278815514918753,0.0,0.0,0,2313,
19,1,antigen_recognition,Easy,0.2,True,True,0.6007389523305432,0.7384615384615385,0.3581524030770334,0.0,0.0,0,3185,
19,2,cell_mediated_immunity,Easy,0.2,True,False,0.8013625286116358,0.2,0.47102229593660466,0.0,0.0,1,4118,
19,3,humoral_immunity,Easy,0.2,,False,0.8005420134965686,0.16164383561643833,0.4477044120311051,0.0,0.0,1,3570,
19,4,tolerance_autoimmunity,Easy,0.2,True,True,0.8108483620333636,0.7384615384615385,0.505722365323799,0.0,0.0,0,4219,
19,5,humoral_immunity,Medium,0.5,False,False,0.4221939317784585,0.15255307234129206,0.4633391018453686,0.0,0.0,1,3295,
19,6,humoral_immunity,Hard,0.8,False,False,0.11712256978189449,0.15238411698161172,0.4785311961891754,0.0,0.0,1,3881,
19,7,humoral_immunity,Easy,0.2,True,True,0.8417340385069084,0.8168316079125966,0.50362664397855,0.15,0.0,0,2595,
19,8,cell_mediated_immunity,Medium,0.5,False,True,0.45664261146674334,0.25479452054794516,0.5428856919918702,0.0,0.0,0,4346,
19,9,cell_mediated_immunity,Hard,0.8,False,False,0.17614517066123714,0.1545168847494429,0.5739359482754318,0.0,0.0,1,4553,
19,10,cell_mediated_immunity,Medium,0.5,True,False,0.6091202391708442,0.22923474433387236,0.5985358964773845,0.15,0.0,3,4612,
19,11,cell_mediated_immunity,Medium,0.5,True,True,0.6436439614259899,0.8789620454737588,0.6530761420336703,0.0,0.0,0,4743,
19,12,innate_immunity,Medium,0.5,,True,0.2802400756627318,0.8086092715231787,0.38903209185522514,0.0,0.0,0,4357,
19,13,antigen_recognition,Hard,0.8,False,False,0.06592213177551531,0.18591549295774645,0.3976421391165648,0.0,0.0,3,4191,
19,14,antigen_recognition,Medium,0.5,True,False,0.35111375486584323,0.24676121119202757,0.43470226529240297,0.0,0.0,2,3575,
19,15,antigen_recognition,Easy,0.2,True,False,0.8034840272510687,0.2822613823736351,0.46426526384410305,0.15,0.0,1,3429,
19,16,antigen_recognition,Easy,0.2,,False,0.8299949653973697,0.18982659223399823,0.48733805619169274,0.3,0.0,1,2120,
19,17,antigen_recognition,Medium,0.5,True,False,0.48101621412554846,0.24898113714417225,0.504685923060022,0.44999999999999996,0.0,2,4646,
19,18,antigen_recognition,Hard,0.8,,False,0.14530813424322125,0.18382283851770176,0.516875621828885,0.6,0.0,3,4886,
19,19,antigen_recognition,Easy,0.2,False,True,0.8700333574413142,0.24557682075460513,0.5317377590867813,0.75,0.0,0,4205,
19,20,antigen_recognition,Easy,0.2,False,True,0.8797882576222457,0.2815501466403013,0.5576666511503059,0.55,0.0,0,4454,
19,21,antigen_recognition,Easy,0.2,,True,0.8952943912599312,0.6924173829322602,0.5930456343430227,0.35000000000000003,0.0,0,2853,
19,22,antigen_recognition,Medium,0.5,False,True,0.636053038310714,0.6249355135597688,0.628098704230267,0.15000000000000002,0.15,0,4194,
19,23,antigen_recognition,Medium,0.5,True,True,0.6832162851688813,0.975533031298785,0.6601324731535411,0.0,0.3,0,5359,
19,24,tolerance_autoimmunity,Hard,0.8,False,False,0.1355473526110502,0.18011187072715973,0.5200177844929637,0.0,0.0,3,4432,
19,25,tolerance_autoimmunity,Medium,0.5,,True,0.5299906326127588,0.5725536537948386,0.5743816756361022,0.0,0.0,0,2850,
19,26,tolerance_autoimmunity,Easy,0.2,,True,0.9043300420023146,0.8790489617688824,0.6225881872665415,0.0,0.0,0,3671,
19,27,humoral_immunity,Easy,0.2,,True,0.8418650750474893,0.9487593473900796,0.5082099604208142,0.0,0.0,0,4329,
19,28,,,,,,,,,,,,,all_kcs_mastered
20,0,innate_immunity,Easy,0.2,,True,0.738187651915543,0.43333333333333335,0.4263137470205103,0.0,0.0,0,2372,
20,1,antigen_recognition,Easy,0.2,False,True,0.34536759968505615,0.2,0.20957775035423196,0.0,0.0,0,4447,
20,2,cell_mediated_immunity,Easy,0.2,True,True,0.8544768695011299,0.7384615384615385,0.5480801931167542,0.0,0.0,0,4196,
20,3,humoral_immunity,Easy,0.2,True,False,0.9169149961493253,0.2,0.6260425142707028,0.0,0.0,3,3284,
20,4,tolerance_autoimmunity,Easy,0.2,True,True,0.7740602334227468,0.7384615384615385,0.4546789832025809,0.0,0.0,0,4037,
20,5,antigen_recognition,Medium,0.5,,False,0.1489914190502298,0.17575757575757575,0.2602141476773521,0.0,0.0,1,4645,
20,6,antigen_recognition,Hard,0.8,False,False,0.05,0.15282262681781747,0.2602141476773521,0.0,0.0,3,4911,
20,7,antigen_recognition,Easy,0.2,True,False,0.5893514331192187,0.22830369564783892,0.30049777685614554,0.15,0.0,1,6309,
20,8,humoral_immunity,Medium,0.5,,False,0.6805401207280699,0.17575757575757575,0.6502218158823675,0.0,0.0,3,4722,
20,9,humoral_immunity,Hard,0.8,,False,0.28932407353358547,0.1720680393912265,0.6728377348937676,0.0,0.0,3,4778,
20,10,humoral_immunity,Easy,0.2,True,True,0.9446441739630778,0.8368062115282809,0.708798891324435,0.15,0.0,0,3166,
20,11,antigen_recognition,Easy,0.2,True,True,0.6463393095935461,0.8784132407989506,0.3632343477479045,0.3,0.0,0,4582,
20,12,innate_immunity,Medium,0.5,False,False,0.39123652295930633,0.1600363306085377,0.4508037110224008,0.0,0.0,2,3533,
20,13,innate_immunity,Hard,0.8,True,False,0.1095664042013886,0.2322781487675949,0.4742482284344541,0.0,0.0,1,3413,
20,14,innate_immunity,Easy,0.2,True,True,0.8382804937097225,0.8807308885222416,0.5191356277496707,0.0,0.0,0,3858,
20,15,cell_mediated_immunity,Hard,0.8,False,False,0.1807138100239703,0.18591549295774645,0.5718203752419074,0.0,0.0,1,3008,
20,16,cell_mediated_immunity,Medium,0.5,False,True,0.6060938720458418,0.2467612111920276,0.6168065082646765,0.0,0.0,0,2777,
20,17,cell_mediated_immunity,Easy,0.2,,True,0.9242006195444401,0.6564547642062398,0.6570662319785355,0.0,0.0,0,4404,
20,18,cell_mediated_immunity,Medium,0.5,False,True,0.7195836649374561,0.5903296519398907,0.6930961204042843,0.0,0.0,0,2917,
20,19,cell_mediated_immunity,Easy,0.2,True,True,0.95,0.9718356406664731,0.6930961204042843,0.0,0.15,0,5269,
20,20,tolerance_autoimmunity,Hard,0.8,False,False,0.10860128496224242,0.18011187072715973,0.47204728564399934,0.0,0.0,1,5898,
20,21,tolerance_autoimmunity,Medium,0.5,False,True,0.45816893716244056,0.243482294205453,0.5159409323860787,0.0,0.0,0,4308,
20,22,tolerance_autoimmunity,Easy,0.2,,True,0.8693978985885373,0.6528213984716809,0.556185289765817,0.0,0.0,0,2886,
20,23,tolerance_autoimmunity,Medium,0.5,,True,0.5834887595525825,0.9101634549980526,0.5930837573373308,0.0,0.0,0,2587,
20,24,,,,,,,,,,,,,all_kcs_mastered
21,0,innate_immunity,Easy,0.2,True,False,0.7770924660433775,0.2,0.42953303065154946,0.0,0.0,2,3862,
21,1,antigen_recognition,Easy,0.2,,True,0.7038856088602006,0.43333333333333335,0.42581898533602547,0.0,0.0,0,3736,
21,2,cell_mediated_immunity,Easy,0.2,,False,0.6665735380571419,0.16164383561643833,0.33424957246214243,0.0,0.0,1,5424,
21,3,humoral_immunity,Easy,0.2,False,False,0.43645689951912775,0.151473136915078,0.16972516633746282,0.0,0.0,1,4705,
21,4,tolerance_autoimmunity,Easy,0.2,True,False,0.26741726482779865,0.2,0.08949039252641527,0.0,0.0,2,3477,
21,5,humoral_immunity,Medium,0.5,False,False,0.12114316306818437,0.15236428212260275,0.1818626321861117,0.0,0.0,3,4308,
21,6,humoral_immunity,Hard,0.8,False,False,0.05,0.15238064594829565,0.1818626321861117,0.0,0.0,1,3323,
21,7,humoral_immunity,Easy,0.2,,False,0.4728207659640862,0.16868127533425692,0.19202866018663464,0.15,0.0,3,3473,
21,8,cell_mediated_immunity,Medium,0.5,False,False,0.270023654607517,0.15255307234129206,0.3525284238609806,0.0,0.0,1,2394,
21,9,cell_mediated_immunity,Hard,0.8,True,False,0.0638744922953171,0.2281557032482157,0.3703054109054894,0.0,0.0,1,6453,
21,10,humoral_immunity,Medium,0.5,False,False,0.1361281118611602,0.1526863558363833,0.2002966539909132,0.3,0.0,2,4150,
21,11,humoral_immunity,Hard,0.8,False,False,0.05,0.15238656840135695,0.2002966539909132,0.44999999999999996,0.0,1,5637,
21,12,humoral_immunity,Easy,0.2,True,False,0.50044498086889,0.22806430695171195,0.2049728752408906,0.6,0.0,2,2990,
21,13,innate_immunity,Medium,0.5,,False,0.39584649492608337,0.17575757575757575,0.45015863720521715,0.0,0.0,2,2817,
21,14,innate_immunity,Hard,0.8,False,False,0.1091893678004973,0.15282262681781747,0.47003851145786735,0.0,0.0,1,5701,
21,15,innate_immunity,Easy,0.2,True,True,0.8348269945483088,0.8173184154682555,0.5026123889224572,0.15,0.0,0,4363,
21,16,tolerance_autoimmunity,Medium,0.5,,False,0.0784888974147887,0.17575757575757575,0.143531880529633,0.0,0.0,2,3622,
21,17,tolerance_autoimmunity,Hard,0.8,False,False,0.05,0.15282262681781747,0.143531880529633,0.0,0.0,1,5033,
21,18,tolerance_autoimmunity,Easy,0.2,,False,0.4160988829829495,0.1687438245392569,0.18674074899191687,0.15,0.0,1,3754,
21,19,tolerance_autoimmunity,Medium,0.5,,False,0.1324399373758977,0.1710348438583906,0.22052931946638485,0.3,0.0,3,2747,
21,20,tolerance_autoimmunity,Hard,0.8,False,False,0.05,0.15273142602824133,0.22052931946638485,0.44999999999999996,0.0,2,5662,
21,21,tolerance_autoimmunity,Easy,0.2,,True,0.5307551035410087,0.5306939500225726,0.2575404658267614,0.6,0.0,0,4499,
21,22,cell_mediated_immunity,Easy,0.2,True,True,0.7174928224953001,0.8712851671746851,0.3854326637958847,0.15,0.0,0,5319,
21,23,humoral_immunity,Medium,0.5,False,False,0.14552209073339697,0.15390584424216275,0.20787842355582223,0.75,0.0,3,3792,
21,24,humoral_immunity,Hard,0.8,False,False,0.05,0.1524090330706982,0.20787842355582223,0.9,0.0,2,2298,
21,25,humoral_immunity,Easy,0.2,False,False,0.5118154352791395,0.15238146858688909,0.2101943671909335,1.0,0.0,1,2569,
21,26,humoral_immunity,Medium,0.5,,False,0.14946112458969601,0.16868139170235186,0.212503539649649,1.0,0.0,2,4785,
21,27,humoral_immunity,Hard,0.8,False,False,0.05,0.15268635805861,0.212503539649649,1.0,0.0,3,3862,
21,28,humoral_immunity,Easy,0.2,False,True,0.5187465178914439,0.22822887588939778,0.21710838180836925,1.0,0.0,0,5408,
21,29,humoral_immunity,Easy,0.2,False,True,0.5256400623783777,0.27122640385732455,0.22168629740630563,0.8,0.0,0,3613,
21,30,humoral_immunity,Easy,0.2,,False,0.5324836283244282,0.18778507718979212,0.22623744389503855,0.6000000000000001,0.0,1,2069,
21,31,humoral_immunity,Easy,0.2,,False,0.5392750880055124,0.17387513411653116,0.23302424476066932,0.4000000000000001,0.0,2,4201,
21,32,humoral_immunity,Easy,0.2,True,False,0.5493749277524107,0.23997876667867002,0.23806969928529031,0.55,0.0,3,4528,
21,33,humoral_immunity,Medium,0.5,False,False,0.17199100993169725,0.15417300264841208,0.2414112083720517,0.7000000000000001,0.0,1,5569,
21,34,humoral_immunity,Hard,0.8,False,False,0.05,0.15241396299010182,0.2414112083720517,0.8500000000000001,0.0,2,3680,
21,35,humoral_immunity,Easy,0.2,False,True,0.5617992030446596,0.22807934323667772,0.24584701453080823,1.0,0.0,0,3550,
21,36,humoral_immunity,Easy,0.2,True,True,0.5683401220097108,0.8782804511028897,0.2502568825574763,0.8,0.0,0,2902,
21,37,antigen_recognition,Medium,0.5,False,False,0.33792950880464284,0.1584452757647547,0.42595467323662434,0.0,0.0,1,5335,
21,38,antigen_recognition,Hard,0.8,False,False,0.0958447003346115,0.15249321735306307,0.4616338910768699,0.0,0.0,2,4147,
21,39,antigen_recognition,Easy,0.2,True,True,0.8277555719422707,0.8169529198116022,0.528557113974185,0.0,0.0,0,4961,
21,40,tolerance_autoimmunity,Easy,0.2,,False,0.5723720749579854,0.2458502270517889,0.25973891838900365,0.75,0.0,1,4244,
21,41,tolerance_autoimmunity,Medium,0.5,,False,0.1913028858692066,0.18328094948909698,0.26852626341705493,0.9,0.0,2,4793,
21,42,tolerance_autoimmunity,Hard,0.8,False,False,0.05,0.1529700477667683,0.26852626341705493,1.0,0.0,3,3413,
21,43,tolerance_autoimmunity,Easy,0.2,True,False,0.6013654124302488,0.22838464939705766,0.27720929736546124,1.0,0.0,2,3267,
21,44,tolerance_autoimmunity,Medium,0.5,,True,0.20804598095601579,0.6354937024104946,0.2943692195737044,1.0,0.0,0,3224,
21,45,tolerance_autoimmunity,Medium,0.5,False,False,0.22551970430793825,0.17254097706754945,0.30274548206277757,1.0,0.0,2,6199,
21,46,tolerance_autoimmunity,Hard,0.8,False,False,0.05,0.152760400068371,0.30274548206277757,1.0,0.0,3,3800,
21,47,tolerance_autoimmunity,Easy,0.2,True,True,0.6494159385909034,0.8172494620093192,0.3192991444764438,0.8,0.0,0,2435,
21,48,innate_immunity,Easy,0.2,True,False,0.8238387342704873,0.6707235884342646,0.47083616265929473,0.3,0.0,3,4726,
21,49,innate_immunity,Medium,0.5,,False,0.456365524427076,0.3225041704917028,0.48135890829369354,0.44999999999999996,0.0,3,3017,
21,50,innate_immunity,Hard,0.8,False,False,0.12877354393088838,0.15627551522355518,0.4888596315080922,0.6,0.0,3,3963,
21,51,innate_immunity,Easy,0.2,True,True,0.8498158905720365,0.8210799701190661,0.498099938748187,0.75,0.0,0,2569,
21,52,antigen_recognition,Easy,0.2,True,True,0.8613908244664188,0.9880608406139879,0.5660785726350398,0.0,0.0,0,2858,
21,53,cell_mediated_immunity,Easy,0.2,False,True,0.7169717832382597,0.7231382326005817,0.3903379046225235,0.0,0.0,0,4283,
21,54,cell_mediated_immunity,Easy,0.2,,True,0.7580516826831301,0.9333521435726679,0.42381568363386485,0.0,0.0,0,4581,
21,55,,,,,,,,,,,,,all_kcs_mastered
22,0,innate_immunity,Easy,0.2,True,True,0.7491958666121785,0.7384615384615385,0.4592285092280027,0.0,0.0,0,3894,
22,1,antigen_recognition,Easy,0.2,False,False,0.3770445881059307,0.151473136915078,0.15959746361786967,0.0,0.0,3,1986,
22,2,cell_mediated_immunity,Easy,0.2,False,False,0.4293555668179971,0.151473136915078,0.1897402355762503,0.0,0.0,2,5532,
22,3,humoral_immunity,Easy,0.2,True,False,0.34162526467080756,0.2,0.11080110964576585,0.0,0.0,3,2117,
22,4,tolerance_autoimmunity,Easy,0.2,True,True,0.9363664393050535,0.7384615384615385,0.7062543798082836,0.0,0.0,0,3594,
22,5,antigen_recognition,Medium,0.5,False,False,0.11482102766204587,0.15236428212260275,0.20076019846260498,0.0,0.0,2,3509,
22,6,cell_mediated_immunity,Medium,0.5,False,False,0.1345214894128244,0.15236428212260275,0.22526499962663526,0.0,0.0,2,3495,
22,7,antigen_recognition,Hard,0.8,,False,0.05,0.1686789605945943,0.20076019846260498,0.0,0.0,1,4720,
22,8,cell_mediated_immunity,Hard,0.8,,False,0.05,0.1686789605945943,0.22526499962663526,0.0,0.0,2,3816,
22,9,antigen_recognition,Easy,0.2,False,True,0.5011402957169716,0.23707554604696957,0.26730940652239843,0.15,0.0,0,3251,
22,10,cell_mediated_immunity,Easy,0.2,True,True,0.5378250936016337,0.8336210882048541,0.28300928708486905,0.15,0.0,0,3779,
22,11,humoral_immunity,Medium,0.5,False,False,0.08824990278191067,0.15330739299610896,0.1304992752740609,0.0,0.0,3,3878,
22,12,humoral_immunity,Hard,0.8,False,False,0.05,0.15239800083060046,0.1304992752740609,0.0,0.0,3,5560,
22,13,humoral_immunity,Easy,0.2,True,True,0.3972338050135667,0.8168470529643829,0.16324433164798036,0.15,0.0,0,4209,
22,14,antigen_recognition,Easy,0.2,,True,0.5996138574120063,0.6455905569573277,0.33908346078069435,0.0,0.0,0,4420,
22,15,antigen_recognition,Easy,0.2,False,True,0.6973057509584843,0.5801737967456032,0.40382655966637937,0.0,0.0,0,4901,
22,16,antigen_recognition,Medium,0.5,,True,0.35961382579782336,0.8822506115001899,0.45346731860276807,0.0,0.15,0,4286,
22,17,innate_immunity,Hard,0.8,False,False,0.11459622258431916,0.18591549295774645,0.49286867795920836,0.0,0.0,3,3721,
22,18,innate_immunity,Medium,0.5,False,True,0.4893046486494973,0.2467612111920276,0.5559636581253301,0.0,0.0,0,4952,
22,19,innate_immunity,Easy,0.2,True,True,0.894332659745972,0.8886546261702489,0.6112086468806608,0.0,0.0,0,4359,
22,20,tolerance_autoimmunity,Hard,0.8,True,True,0.35067828112652455,0.9825095460330928,0.7473114584850035,0.0,0.0,0,5527,
22,21,,,,,,,,,,,,,all_kcs_mastered
23,0,innate_immunity,Easy,0.2,True,True,0.8482708490177461,0.7384615384615385,0.5625760619584543,0.0,0.0,0,4356,
23,1,antigen_recognition,Easy,0.2,,False,0.3517656394745912,0.16164383561643833,0.15808491734179972,0.0,0.0,2,3599,
23,2,cell_mediated_immunity,Easy,0.2,,True,0.9051565246362631,0.43333333333333335,0.6168752428646572,0.0,0.0,0,3689,
23,3,humoral_immunity,Easy,0.2,True,True,0.8682434135290527,0.7384615384615385,0.5974645001373832,0.0,0.0,0,2629,
23,4,tolerance_autoimmunity,Easy,0.2,True,True,0.30887053674476117,0.7384615384615385,0.13075668230138976,0.0,0.0,0,2727,
23,5,antigen_recognition,Medium,0.5,False,False,0.11390186157266702,0.15255307234129206,0.21406387663278817,0.0,0.0,1,5182,
23,6,antigen_recognition,Hard,0.8,False,False,0.05,0.15238411698161172,0.21406387663278817,0.0,0.0,2,4921,
23,7,antigen_recognition,Easy,0.2,True,True,0.5210833060661945,0.8168316079125966,0.3029006348457992,0.15,0.0,0,5988,
23,8,cell_mediated_immunity,Medium,0.5,True,True,0.6684651779125989,0.9484388938447815,0.6538262857279833,0.0,0.0,0,4703,
23,9,innate_immunity,Hard,0.8,True,False,0.19395027408178922,0.6715909090909091,0.5948514285793605,0.0,0.0,1,4773,
23,10,innate_immunity,Medium,0.5,True,True,0.6385574572359745,0.9799579823362636,0.6546392798665277,0.0,0.0,0,4373,
23,11,humoral_immunity,Hard,0.8,False,False,0.22877997076337567,0.18591549295774645,0.6319430435310981,0.0,0.0,2,3497,
23,12,humoral_immunity,Medium,0.5,True,True,0.6881872804648721,0.8488772685327591,0.6949937198033908,0.0,0.0,0,3510,
23,13,tolerance_autoimmunity,Hard,0.8,False,False,0.05,0.18591549295774645,0.13075668230138976,0.0,0.0,3,3340,
23,14,tolerance_autoimmunity,Medium,0.5,False,False,0.09837074951760469,0.15302230363107422,0.16099152932413718,0.0,0.0,3,4928,
23,15,tolerance_autoimmunity,Easy,0.2,True,True,0.4417529483027334,0.8175393946179462,0.2193579090136259,0.0,0.0,0,2049,
23,16,,,,,,,,,,,,,all_kcs_mastered
24,0,innate_immunity,Easy,0.2,True,False,0.535698044320864,0.2,0.2492579373877647,0.0,0.0,1,3048,
24,1,antigen_recognition,Easy,0.2,True,False,0.8043033762582688,0.2,0.4871799067335001,0.0,0.0,3,3186,
24,2,cell_mediated_immunity,Easy,0.2,False,False,0.647407376995022,0.151473136915078,0.3526764484273079,0.0,0.0,2,3350,
24,3,humoral_immunity,Easy,0.2,True,False,0.473680127653169,0.2,0.24528307799898047,0.0,0.0,1,3352,
24,4,tolerance_autoimmunity,Easy,0.2,,False,0.37620554738620243,0.16164383561643833,0.14504645563765822,0.0,0.0,1,3322,
24,5,cell_mediated_immunity,Medium,0.5,True,False,0.2923617090338309,0.22756316558780537,0.4002947960477959,0.0,0.0,1,3271,
24,6,tolerance_autoimmunity,Medium,0.5,False,False,0.10624145572038472,0.15255307234129206,0.17340113998844026,0.0,0.0,1,2843,
24,7,tolerance_autoimmunity,Hard,0.8,False,False,0.05,0.15238411698161172,0.17340113998844026,0.0,0.0,3,3868,
24,8,tolerance_autoimmunity,Easy,0.2,,False,0.46018617889029934,0.16868176633798276,0.19670329181605944,0.15,0.0,3,5123,
24,9,tolerance_autoimmunity,Medium,0.5,False,False,0.1394602434155056,0.15268636521285428,0.215352325234941,0.3,0.0,3,3220,
24,10,tolerance_autoimmunity,Hard,0.8,False,False,0.05,0.15238656857384056,0.215352325234941,0.44999999999999996,0.0,3,3813,
24,11,tolerance_autoimmunity,Easy,0.2,False,True,0.523012218635014,0.22806430704638325,0.23617070751196362,0.6,0.0,0,5140,
24,12,innate_immunity,Medium,0.5,,False,0.18176240648877356,0.17575757575757575,0.2738441746390794,0.0,0.0,3,4068,
24,13,innate_immunity,Hard,0.8,False,False,0.05,0.15282262681781747,0.2738441746390794,0.0,0.0,3,3274,
24,14,innate_immunity,Easy,0.2,,False,0.6089891274585301,0.1687438245392569,0.29405807265936906,0.15,0.0,2,2295,
24,15,innate_immunity,Medium,0.5,True,True,0.22519380082338214,0.8336829668520293,0.32642476583651236,0.3,0.0,0,3348,
24,16,antigen_recognition,Medium,0.5,True,False,0.4807793361903959,0.25479452054794516,0.5340719980377168,0.0,0.0,1,5070,
24,17,humoral_immunity,Medium,0.5,False,False,0.17824232784950214,0.15330739299610896,0.30329801990595506,0.0,0.0,2,2337,
24,18,humoral_immunity,Hard,0.8,,False,0.05,0.16881249297831702,0.30329801990595506,0.0,0.0,3,3265,
24,19,humoral_immunity,Easy,0.2,,True,0.6501703581137899,0.555890142018771,0.39434210588005825,0.15,0.0,0,5672,
24,20,cell_mediated_immunity,Hard,0.8,False,False,0.07605085695274005,0.15364739975265204,0.42912038746452796,0.0,0.0,2,1879,
24,21,cell_mediated_immunity,Easy,0.2,,True,0.7981420448228185,0.5321786556619268,0.5005118645926215,0.15,0.0,0,3332,
24,22,tolerance_autoimmunity,Easy,0.2,False,True,0.5540441066246902,0.27112930263667123,0.26656974656506155,0.39999999999999997,0.0,0,2391,
24,23,antigen_recognition,Hard,0.8,True,False,0.16860195816710458,0.28710734245519365,0.5766762927915352,0.0,0.0,2,3991,
24,24,tolerance_autoimmunity,Easy,0.2,True,True,0.5985479355224139,0.9003832968611956,0.3054886954910594,0.19999999999999996,0.0,0,4827,
24,25,antigen_recognition,Easy,0.2,True,False,0.9055145727135611,0.3069930050664367,0.6095785796983033,0.15,0.0,1,3297,
24,26,antigen_recognition,Medium,0.5,True,True,0.6586921625826428,0.9147483736697161,0.6595585784924478,0.3,0.0,0,4027,
24,27,cell_mediated_immunity,Easy,0.2,True,True,0.8585223776756568,0.9646360180004606,0.5739984528879247,0.0,0.0,0,4372,
24,28,humoral_immunity,Easy,0.2,,False,0.762430770017856,0.2649995582718494,0.4269318684294331,0.3,0.0,3,3394,
24,29,humoral_immunity,Medium,0.5,False,True,0.3921201881267871,0.2933189238334129,0.5062248113948328,0.09999999999999998,0.0,0,4922,
24,30,humoral_immunity,Medium,0.5,False,False,0.5093361318404147,0.15547706751284612,0.5441812133873609,0.0,0.0,1,3878,
24,31,humoral_immunity,Hard,0.8,,False,0.17727603298873765,0.1691206594799933,0.5739641090749623,0.15,0.0,2,2666,
24,32,humoral_immunity,Easy,0.2,True,True,0.9041130621323903,0.8340417400756712,0.6394626999817894,0.0,0.0,0,5119,
24,33,innate_immunity,Medium,0.5,False,False,0.24514054974094407,0.197730816998147,0.3249324321779082,0.44999999999999996,0.0,3,2565,
24,34,innate_immunity,Hard,0.8,,False,0.054660364999322156,0.17540419198848067,0.3337756139894565,0.6,0.0,2,3341,
24,35,innate_immunity,Medium,0.5,False,False,0.2694634871006061,0.1528157671383273,0.33923020073529303,0.75,0.0,2,5727,
24,36,innate_immunity,Easy,0.2,,True,0.6974915534709045,0.5308309181365145,0.3478860860851548,0.9,0.0,0,4349,
24,37,innate_immunity,Easy,0.2,False,True,0.7083360855126623,0.48057602075039074,0.3606998298734857,0.7,0.0,0,6162,
24,38,innate_immunity,Easy,0.2,,True,0.7239617225845791,0.8353811571569673,0.3816364290602223,0.49999999999999994,0.0,0,2554,
24,39,,,,,,,,,,,,,all_kcs_mastered
25,0,innate_immunity,Easy,0.2,True,True,0.8977492986029735,0.7384615384615385,0.6023970678387661,0.0,0.0,0,1945,
25,1,antigen_recognition,Easy,0.2,,True,0.9323615286566914,0.43333333333333335,0.695809883893066,0.0,0.0,0,4235,
25,2,cell_mediated_immunity,Easy,0.2,,True,0.6815044438920563,0.43333333333333335,0.3726740171984646,0.0,0.0,0,4038,
25,3,humoral_immunity,Easy,0.2,,True,0.9241164149288863,0.43333333333333335,0.6463424456125929,0.0,0.0,0,5450,
25,4,tolerance_autoimmunity,Easy,0.2,True,True,0.5916007097035809,0.7384615384615385,0.3447051076898518,0.0,0.0,0,6650,
25,5,antigen_recognition,Medium,0.5,True,True,0.7640222342242978,0.9484388938447815,0.7449111355914735,0.0,0.0,0,5888,
25,6,cell_mediated_immunity,Medium,0.5,False,False,0.3177880150409952,0.1600363306085377,0.39405567635479755,0.0,0.0,1,3339,
25,7,cell_mediated_immunity,Hard,0.8,False,False,0.08049311034405741,0.1525229350070919,0.41470856711828324,0.0,0.0,2,3551,
25,8,cell_mediated_immunity,Easy,0.2,,False,0.7838510738925147,0.16870140601142222,0.43166518445580243,0.15,0.0,1,1866,
25,9,cell_mediated_immunity,Easy,0.2,True,True,0.800590823388411,0.8336425047104634,0.45878460610278204,0.3,0.0,0,3212,
25,10,humoral_immunity,Medium,0.5,False,True,0.7064189395569002,0.40565552699228785,0.6737722650491814,0.0,0.0,0,5246,
25,11,humoral_immunity,Hard,0.8,True,False,0.31921832005683975,0.38580302379185055,0.6864234409591775,0.0,0.0,2,4068,
25,12,humoral_immunity,Easy,0.2,True,True,0.9487553937756193,0.9380461009339659,0.7107445625846873,0.0,0.0,0,3404,
25,13,innate_immunity,Hard,0.8,True,False,0.23404364182401852,0.6715909090909091,0.6207008622973066,0.0,0.0,1,5341,
25,14,innate_immunity,Medium,0.5,True,False,0.6735323519933888,0.6047068289248718,0.6381620349729558,0.0,0.0,3,3880,
25,15,innate_immunity,Easy,0.2,True,True,0.9327030657041167,0.9734190605045688,0.6714767175541487,0.0,0.0,0,5365,
25,16,tolerance_autoimmunity,Hard,0.8,False,False,0.061124543666477175,0.18591549295774645,0.38151625881479145,0.0,0.0,3,2290,
25,17,tolerance_autoimmunity,Medium,0.5,,False,0.32939946304209483,0.17359125315391083,0.41625954574142177,0.0,0.0,2,5385,
25,18,tolerance_autoimmunity,Easy,0.2,True,True,0.785423589294979,0.8382065785905235,0.4818427154917613,0.0,0.0,0,5709,
25,19,,,,,,,,,,,,,all_kcs_mastered
26,0,innate_immunity,Easy,0.2,True,False,0.7415513962746396,0.2,0.4005663551275094,0.0,0.0,2,4596,
26,1,antigen_recognition,Easy,0.2,,True,0.5726163563484239,0.43333333333333335,0.3278876809419844,0.0,0.0,0,4337,
26,2,cell_mediated_immunity,Easy,0.2,,True,0.41581975739044763,0.43333333333333335,0.20566953190771448,0.0,0.0,0,1635,
26,3,humoral_immunity,Easy,0.2,True,True,0.6972639791404941,0.7384615384615385,0.40314172924003455,0.0,0.0,0,2997,
26,4,tolerance_autoimmunity,Easy,0.2,True,True,0.5831216806292632,0.7384615384615385,0.3125065754638058,0.0,0.0,0,5648,
26,5,innate_immunity,Medium,0.5,False,False,0.35512151678241605,0.15330739299610896,0.4244656762257949,0.0,0.0,3,2765,
26,6,innate_immunity,Hard,0.8,False,False,0.09507328539699439,0.15239800083060046,0.4474121353120049,0.0,0.0,3,4389,
26,7,innate_immunity,Easy,0.2,False,False,0.8152472221511055,0.1523812657777585,0.46613898470932735,0.15,0.0,3,3783,
26,8,innate_immunity,Medium,0.5,False,True,0.44938246679018573,0.2280613965032946,0.49593791626680367,0.3,0.0,0,4528,
26,9,innate_immunity,Medium,0.5,,True,0.4939071760015901,0.6351115667888886,0.5321122869451655,0.09999999999999998,0.0,0,4131,
26,10,antigen_recognition,Medium,0.5,False,False,0.2625660385963786,0.1600363306085377,0.36328602661639625,0.0,0.0,1,4374,
26,11,antigen_recognition,Hard,0.8,False,False,0.0678443408924346,0.1525229350070919,0.3968200367609352,0.0,0.0,2,2368,
26,12,antigen_recognition,Easy,0.2,,True,0.7651132215281795,0.5303551389305922,0.4603557650527192,0.0,0.0,0,3483,
26,13,cell_mediated_immunity,Medium,0.5,False,False,0.14604261759918577,0.1600363306085377,0.2345666213791512,0.0,0.0,3,6379,
26,14,cell_mediated_immunity,Hard,0.8,False,False,0.05,0.1525229350070919,0.2345666213791512,0.0,0.0,2,4319,
26,15,cell_mediated_immunity,Easy,0.2,,True,0.5516648691911009,0.5303551389305922,0.2902582956002161,0.0,0.0,0,4884,
26,16,antigen_recognition,Easy,0.2,,True,0.82665943944761,0.8602366346876807,0.5171989819621788,0.0,0.0,0,790,
26,17,cell_mediated_immunity,Easy,0.2,True,True,0.6321728608708637,0.9643869969823062,0.341897935164609,0.0,0.0,0,4681,
26,18,innate_immunity,Medium,0.5,True,False,0.5480199678255907,0.5705047067463356,0.5507668933188512,0.0,0.0,1,4937,
26,19,innate_immunity,Hard,0.8,False,False,0.18311280340360084,0.16728296685733246,0.5686777435962609,0.0,0.0,2,1401,
26,20,innate_immunity,Medium,0.5,False,False,0.6015832739079482,0.15265969700280818,0.5832949790687532,0.15,0.0,3,2331,
26,21,innate_immunity,Easy,0.2,True,True,0.90885797829024,0.8171377840870747,0.606554524236377,0.3,0.0,0,3371,
26,22,humoral_immunity,Hard,0.8,False,False,0.08128037814694616,0.18011187072715973,0.4251137783127219,0.0,0.0,2,2976,
26,23,humoral_immunity,Medium,0.5,,False,0.3895230891845112,0.17271704446944686,0.4529866914939535,0.0,0.0,2,4144,
26,24,humoral_immunity,Easy,0.2,,True,0.8202320077503487,0.5617411776065993,0.5060297246430803,0.0,0.0,0,4070,
26,25,humoral_immunity,Easy,0.2,True,True,0.8624961001237045,0.9684666320841738,0.5539292570365426,0.0,0.0,0,5645,
26,26,tolerance_autoimmunity,Hard,0.8,False,False,0.05,0.18011187072715973,0.28606229347989603,0.0,0.0,3,2283,
26,27,tolerance_autoimmunity,Medium,0.5,False,False,0.21693358970325824,0.15290762595227023,0.31320341377625815,0.0,0.0,3,4391,
26,28,tolerance_autoimmunity,Easy,0.2,False,True,0.6635646950097589,0.22835037013524373,0.36542205581069315,0.0,0.0,0,2779,
26,29,tolerance_autoimmunity,Easy,0.2,True,False,0.7295878156310989,0.2712980995664721,0.38592760235748963,0.15,0.0,2,3982,
26,30,tolerance_autoimmunity,Easy,0.2,False,True,0.7531652573060031,0.2971841161690465,0.43261686575647096,0.0,0.0,0,3171,
26,31,tolerance_autoimmunity,Medium,0.5,False,False,0.40027994525363336,0.15557908570152834,0.45418655420406795,0.0,0.0,2,4019,
26,32,tolerance_autoimmunity,Hard,0.8,,False,0.11156236669812677,0.16913518282309212,0.4718237934449216,0.15,0.0,3,4979,
26,33,tolerance_autoimmunity,Easy,0.2,,True,0.8362987466088281,0.5563775060594041,0.5119821821358932,0.0,0.0,0,2925,
26,34,tolerance_autoimmunity,Easy,0.2,True,True,0.8666771721553744,0.9677992722011727,0.5490872409679269,0.0,0.0,0,5415,
26,35,,,,,,,,,,,,,all_kcs_mastered
27,0,innate_immunity,Easy,0.2,True,False,0.700211435978464,0.2,0.36685281978490275,0.0,0.0,1,3304,
27,1,antigen_recognition,Easy,0.2,True,True,0.6628565906791813,0.7384615384615385,0.3965279089278857,0.0,0.0,0,1805,
27,2,cell_mediated_immunity,Easy,0.2,False,True,0.8072212697283864,0.2,0.5070671156686407,0.0,0.0,0,4667,
27,3,humoral_immunity,Easy,0.2,False,False,0.6377935702489088,0.151473136915078,0.31942564585556005,0.0,0.0,2,5104,
27,4,tolerance_autoimmunity,Easy,0.2,True,True,0.5055150955527653,0.7384615384615385,0.3241331868585362,0.0,0.0,0,4133,
27,5,humoral_immunity,Medium,0.5,True,False,0.2528544236644327,0.22756316558780537,0.34365666335946327,0.0,0.0,1,4051,
27,6,innate_immunity,Medium,0.5,True,True,0.31026448929590433,0.8597938144329896,0.4158204124454721,0.0,0.0,0,4768,
27,7,cell_mediated_immunity,Medium,0.5,True,False,0.5105990854644362,0.25479452054794516,0.5370964028266071,0.0,0.0,2,4307,
27,8,humoral_immunity,Hard,0.8,,False,0.060764527952496594,0.1801899398371758,0.3670249651208484,0.0,0.0,2,3385,
27,9,humoral_immunity,Easy,0.2,False,True,0.7314810431280526,0.24352628156860545,0.4053366784490001,0.15,0.0,0,2499,
27,10,humoral_immunity,Easy,0.2,True,True,0.7741719383096628,0.886952158512389,0.44768119897253833,0.0,0.0,0,3293,
27,11,cell_mediated_immunity,Hard,0.8,False,False,0.1711609587633082,0.1545168847494429,0.5652963170295945,0.0,0.0,1,2812,
27,12,cell_mediated_immunity,Easy,0.2,,False,0.8995087301352854,0.16898411445127381,0.5878060050998339,0.15,0.0,2,5798,
27,13,cell_mediated_immunity,Easy,0.2,False,True,0.9110753343944052,0.23724564850760888,0.622960990947879,0.3,0.0,0,3460,
27,14,cell_mediated_immunity,Easy,0.2,True,True,0.9267473084419783,0.8835380500314396,0.6643053269791235,0.09999999999999998,0.0,0,4076,
27,15,antigen_recognition,Hard,0.8,True,False,0.0815978429986909,0.6715909090909091,0.43333936339881646,0.0,0.0,1,4835,
27,16,antigen_recognition,Medium,0.5,,False,0.40132103264676416,0.32304512573200145,0.46790534007497797,0.0,0.0,1,4674,
27,17,antigen_recognition,Easy,0.2,,True,0.8330545536969088,0.7299371089518698,0.5328202835755372,0.0,0.0,0,4848,
27,18,antigen_recognition,Easy,0.2,,True,0.8804734973285007,0.9354240023140548,0.5898156777795962,0.0,0.0,0,3736,
27,19,tolerance_autoimmunity,Hard,0.8,False,False,0.05441309899017377,0.18591549295774645,0.37525089177472704,0.0,0.0,1,5585,
27,20,tolerance_autoimmunity,Medium,0.5,False,False,0.32114939762927514,0.15302230363107422,0.4225024211292664,0.0,0.0,3,4134,
27,21,tolerance_autoimmunity,Easy,0.2,,True,0.7916688866303637,0.5311661064995755,0.5098579481429888,0.0,0.0,0,4762,
27,22,tolerance_autoimmunity,Easy,0.2,True,True,0.8651975733127909,0.9644979357189769,0.5839995875508667,0.0,0.0,0,3649,
27,23,,,,,,,,,,,,,all_kcs_mastered
28,0,innate_immunity,Easy,0.2,True,True,0.95,0.7384615384615385,0.7343759146486774,0.0,0.0,0,3638,
28,1,antigen_recognition,Easy,0.2,False,True,0.6707367848981411,0.2,0.3700192410738995,0.0,0.0,0,6026,
28,2,cell_mediated_immunity,Easy,0.2,True,False,0.7205124051610203,0.2,0.4036246306834786,0.0,0.0,3,1098,
28,3,humoral_immunity,Easy,0.2,True,True,0.33355238208061255,0.7384615384615385,0.15976970487122288,0.0,0.0,0,4046,
28,4,tolerance_autoimmunity,Easy,0.2,True,True,0.9209055396991402,0.7384615384615385,0.6460196983695572,0.0,0.0,0,3787,
28,5,antigen_recognition,Medium,0.5,True,True,0.3143447679468209,0.8597938144329896,0.4175698210535129,0.0,0.0,0,5896,
28,6,cell_mediated_immunity,Medium,0.5,False,False,0.35933485784183655,0.15330739299610896,0.4461499861306536,0.0,0.0,1,5483,
28,7,cell_mediated_immunity,Hard,0.8,False,False,0.10687180602277119,0.15239800083060046,0.48564301336819593,0.0,0.0,2,5121,
28,8,cell_mediated_immunity,Easy,0.2,True,True,0.8473360256191885,0.8168470529643829,0.5479937829919472,0.15,0.0,0,3846,
28,9,innate_immunity,Hard,0.8,False,False,0.4028162115687952,0.18591549295774645,0.7490757092484123,0.0,0.0,1,3399,
28,10,innate_immunity,Medium,0.5,True,True,0.8167458909060121,0.8488772685327591,0.7768483077253459,0.0,0.0,0,3766,
28,11,humoral_immunity,Hard,0.8,False,False,0.05,0.18591549295774645,0.15976970487122288,0.0,0.0,1,3481,
28,12,humoral_immunity,Medium,0.5,False,False,0.11492610615067195,0.15302230363107422,0.19425147309823834,0.0,0.0,1,3832,
28,13,humoral_immunity,Easy,0.2,False,False,0.49137806438052284,0.15239275068908253,0.2223581588458444,0.15,0.0,1,4948,
28,14,humoral_immunity,Easy,0.2,,True,0.5334870340988221,0.5301434176393228,0.2670366859592669,0.3,0.0,0,4873,
28,15,humoral_immunity,Easy,0.2,True,False,0.599220949717779,0.4800185889625347,0.2835805182789302,0.44999999999999996,0.0,2,4399,
28,16,humoral_immunity,Medium,0.5,False,False,0.21441472769962847,0.16208619534412316,0.2953408228836283,0.6,0.0,3,3031,
28,17,humoral_immunity,Hard,0.8,False,False,0.05,0.15256138556626492,0.2953408228836283,0.75,0.0,2,4340,
28,18,humoral_immunity,Easy,0.2,False,False,0.6392348997372564,0.15238426986065953,0.3011244501975285,0.9,0.0,3,4941,
28,19,humoral_immunity,Medium,0.5,True,False,0.2326775908630274,0.22806304535102861,0.3068606072648295,1.0,0.0,1,6117,
28,20,humoral_immunity,Hard,0.8,False,False,0.05,0.15390581638111364,0.3068606072648295,1.0,0.0,1,2128,
28,21,humoral_immunity,Easy,0.2,False,True,0.6550164564402391,0.22889877218283677,0.3182387601488053,1.0,0.0,0,4281,
28,22,humoral_immunity,Medium,0.5,True,True,0.25151144096983585,0.8787644270173183,0.32943013622510287,0.8,0.0,0,4455,
28,23,tolerance_autoimmunity,Hard,0.8,,False,0.2841676094839775,0.3430278884462152,0.6627282192212032,0.0,0.0,2,4094,
28,24,tolerance_autoimmunity,Medium,0.5,True,True,0.7263872154269978,0.9265546196470912,0.6945679151356814,0.0,0.0,0,4223,
28,25,cell_mediated_immunity,Easy,0.2,,True,0.8801426094734857,0.9487634117780712,0.5989972986907159,0.0,0.0,0,5261,
28,26,,,,,,,,,,,,,all_kcs_mastered
29,0,innate_immunity,Easy,0.2,False,False,0.2824438829685275,0.151473136915078,0.06958107791790816,0.0,0.0,1,3749,
29,1,antigen_recognition,Easy,0.2,,False,0.5944829390375265,0.16164383561643833,0.29251833644675895,0.0,0.0,2,3071,
29,2,cell_mediated_immunity,Easy,0.2,,True,0.4882529691326279,0.43333333333333335,0.2782829356585512,0.0,0.0,0,5059,
29,3,humoral_immunity,Easy,0.2,,True,0.8452450919533039,0.43333333333333335,0.5199275956619768,0.0,0.0,0,3311,
29,4,tolerance_autoimmunity,Easy,0.2,False,True,0.3271945642478304,0.2,0.17937532079913393,0.0,0.0,0,4409,
29,5,innate_immunity,Medium,0.5,False,False,0.07027233394232994,0.15236428212260275,0.09390442823905781,0.0,0.0,2,3040,
29,6,innate_immunity,Hard,0.8,,False,0.05,0.1686789605945943,0.09390442823905781,0.0,0.0,1,4400,
29,7,antigen_recognition,Medium,0.5,False,True,0.2235859608093336,0.23316749585406296,0.34779786530796164,0.0,0.0,0,2657,
29,8,innate_immunity,Easy,0.2,False,True,0.3460215302953159,0.23707554604696957,0.13417314498442373,0.15,0.0,0,4061,
29,9,tolerance_autoimmunity,Medium,0.5,,False,0.12744418990694628,0.17575757575757575,0.223755628559191,0.0,0.0,1,4087,
29,10,tolerance_autoimmunity,Hard,0.8,,False,0.05,0.1720680393912265,0.223755628559191,0.0,0.0,1,4687,
29,11,tolerance_autoimmunity,Easy,0.2,False,True,0.5355732380965919,0.23896748272481938,0.3077159699301158,0.0,0.0,0,4581,
29,12,antigen_recognition,Hard,0.8,False,False,0.0621981858531856,0.1540192774650066,0.3732779792002232,0.0,0.0,1,5267,
29,13,antigen_recognition,Medium,0.5,False,False,0.31857416266612726,0.15241112589985176,0.3940899414377601,0.15,0.0,2,4165,
29,14,antigen_recognition,Medium,0.5,True,False,0.34627345283898037,0.2280777860025487,0.41066004989891364,0.3,0.0,3,5078,
29,15,antigen_recognition,Easy,0.2,True,True,0.7797070978637639,0.8782795286636422,0.4359866979980012,0.44999999999999996,0.0,0,3021,
29,16,innate_immunity,Easy,0.2,False,True,0.40252358228587365,0.2764692006831143,0.17944266694314628,0.0,0.0,0,5251,
29,17,tolerance_autoimmunity,Easy,0.2,True,True,0.6561752492804934,0.8844886943967439,0.38259497147755467,0.0,0.0,0,4429,
29,18,innate_immunity,Easy,0.2,,True,0.46920303527414575,0.6874425753462396,0.22234528424131242,0.0,0.0,0,4302,
29,19,cell_mediated_immunity,Medium,0.5,,False,0.2091093514139879,0.22416107382550338,0.31675079242987647,0.0,0.0,2,3635,
29,20,cell_mediated_immunity,Hard,0.8,,False,0.05217852053987527,0.17962847004800667,0.3531682944601378,0.0,0.0,3,5140,
29,21,cell_mediated_immunity,Easy,0.2,False,True,0.7148402958957918,0.24320999889568154,0.4221211587700982,0.0,0.0,0,3832,
29,22,cell_mediated_immunity,Easy,0.2,True,True,0.791291346981296,0.8867837036735435,0.4837235833044147,0.0,0.0,0,3311,
29,23,humoral_immunity,Medium,0.5,True,False,0.529855833897525,0.39006479481641465,0.5370881044605337,0.0,0.0,2,5383,
29,24,humoral_immunity,Hard,0.8,,False,0.1711538953984678,0.21291909172883022,0.553635199408254,0.0,0.0,2,2610,
29,25,humoral_immunity,Easy,0.2,,True,0.8930051070970075,0.6166557851375534,0.5855464153777826,0.0,0.0,0,2977,
29,26,humoral_immunity,Easy,0.2,True,True,0.9099708035503139,0.9746832332232885,0.615176255881988,0.0,0.0,0,5700,
29,27,innate_immunity,Medium,0.5,False,False,0.15896779818876045,0.17824043611439522,0.24267501704378408,0.0,0.0,2,6621,
29,28,innate_immunity,Hard,0.8,False,False,0.05,0.15287098584632597,0.24267501704378408,0.0,0.0,3,1644,
29,29,innate_immunity,Easy,0.2,False,True,0.5636650727537778,0.2283302499663774,0.28227154809063965,0.0,0.0,0,3555,
29,30,innate_immunity,Easy,0.2,,True,0.6209610265208115,0.6354294273855057,0.31979778526599983,0.0,0.0,0,3808,
29,31,innate_immunity,Medium,0.5,False,False,0.2532764817705993,0.17253488937241546,0.33757987929432526,0.0,0.0,2,3055,
29,32,innate_immunity,Hard,0.8,,False,0.05871665848872127,0.17159145074003887,0.35489710734429475,0.0,0.0,1,4453,
29,33,innate_immunity,Medium,0.5,True,False,0.2951258593128829,0.23870106291470777,0.36923194489652067,0.15,0.0,1,3764,
29,34,innate_immunity,Hard,0.8,False,True,0.07013559526391856,0.27743745800389086,0.39231762040908924,0.3,0.0,0,4057,
29,35,innate_immunity,Hard,0.8,True,True,0.07972463667632941,0.9031367257112015,0.4209128777642011,0.09999999999999998,0.0,0,4599,
29,36,,,,,,,,,,,,,all_kcs_mastered
30,0,innate_immunity,Easy,0.2,True,True,0.3940157311499565,0.7384615384615385,0.2031115653237524,0.0,0.0,0,3727,
30,1,antigen_recognition,Easy,0.2,True,True,0.624523386756225,0.7384615384615385,0.35428064289306777,0.0,0.0,0,3482,
30,2,cell_mediated_immunity,Easy,0.2,,False,0.6060042763120296,0.16164383561643833,0.31180921919164883,0.0,0.0,1,5141,
30,3,humoral_immunity,Easy,0.2,True,False,0.34594155526384623,0.2,0.1473778378839096,0.0,0.0,2,3245,
30,4,tolerance_autoimmunity,Easy,0.2,True,False,0.3854549541723978,0.2,0.168695094707578,0.0,0.0,3,4134,
30,5,cell_mediated_immunity,Medium,0.5,,True,0.24431898082445602,0.5448818897637795,0.3875065549844203,0.0,0.0,0,3292,
30,6,humoral_immunity,Medium,0.5,False,False,0.10757703768102839,0.15330739299610896,0.19774765881924578,0.0,0.0,2,3593,
30,7,humoral_immunity,Hard,0.8,False,True,0.05,0.22856993900213754,0.19774765881924578,0.0,0.0,0,3241,
30,8,tolerance_autoimmunity,Medium,0.5,,False,0.12048668740467527,0.17575757575757575,0.21267630810967747,0.0,0.0,2,3364,
30,9,tolerance_autoimmunity,Hard,0.8,,False,0.05,0.1720680393912265,0.21267630810967747,0.0,0.0,1,4243,
30,10,tolerance_autoimmunity,Easy,0.2,False,True,0.5190053012312943,0.23896748272481938,0.2834886741278233,0.15,0.0,0,4704,
30,11,humoral_immunity,Hard,0.8,False,False,0.05,0.15391701775338,0.19774765881924578,0.15,0.0,2,3995,
30,12,humoral_immunity,Hard,0.8,False,False,0.05,0.15240923919616303,0.19774765881924578,0.3,0.0,2,3325,
30,13,humoral_immunity,Easy,0.2,,False,0.49662153964591377,0.16868532016646098,0.22381444398052538,0.44999999999999996,0.0,2,3592,
30,14,humoral_immunity,Medium,0.5,True,False,0.1601498779113818,0.23707909057416077,0.2421561335149675,0.6,0.0,3,3733,
30,15,humoral_immunity,Hard,0.8,False,False,0.05,0.1541072304736324,0.2421561335149675,0.75,0.0,2,2655,
30,16,humoral_immunity,Easy,0.2,True,True,0.5628992152411286,0.818732580573576,0.2600643988863743,0.9,0.0,0,3358,
30,17,tolerance_autoimmunity,Easy,0.2,True,True,0.6226783401690157,0.8844886943967439,0.35930450855290785,0.0,0.0,0,4209,
30,18,cell_mediated_immunity,Hard,0.8,,False,0.07763227874764418,0.2606471030850263,0.42119207015781185,0.0,0.0,3,3497,
30,19,cell_mediated_immunity,Medium,0.5,False,False,0.3839424816659502,0.15465644412393567,0.44825003615331743,0.15,0.0,1,4194,
30,20,cell_mediated_immunity,Medium,0.5,False,False,0.4229927521773254,0.1524228917928728,0.46949138551179426,0.3,0.0,3,3674,
30,21,cell_mediated_immunity,Easy,0.2,,True,0.8343738347810756,0.530192447896209,0.5015856091173271,0.44999999999999996,0.0,0,3331,
30,22,cell_mediated_immunity,Easy,0.2,,False,0.8593030847649467,0.2550827835515463,0.5125501970085741,0.6,0.0,3,3026,
30,23,cell_mediated_immunity,Hard,0.8,,False,0.15126691577663998,0.18488987677782834,0.5192523086264856,0.75,0.0,3,2925,
30,24,cell_mediated_immunity,Easy,0.2,True,False,0.8716373341648306,0.24618044307706738,0.5245402782477518,0.9,0.0,1,3763,
30,25,cell_mediated_immunity,Medium,0.5,True,True,0.5367440567493414,0.8883517025961842,0.5349998877679906,1.0,0.0,0,5350,
30,26,innate_immunity,Hard,0.8,True,False,0.05,0.6339622641509434,0.2011549137700434,0.0,0.0,3,2240,
30,27,innate_immunity,Medium,0.5,False,True,0.1426966815048143,0.5694516971279372,0.2697506277985561,0.0,0.0,0,4167,
30,28,innate_immunity,Easy,0.2,False,False,0.6031251590210959,0.16721037533536953,0.30110337563946327,0.0,0.0,1,3906,
30,29,innate_immunity,Medium,0.5,False,False,0.2326550158772022,0.15265831543983996,0.3266090191838354,0.15,0.0,3,4222,
30,30,innate_immunity,Easy,0.2,True,True,0.681278633724202,0.8171362511937005,0.3844321640534384,0.0,0.0,0,5453,
30,31,antigen_recognition,Hard,0.8,,True,0.06164777042422995,0.9149293694026406,0.40973354538142726,0.0,0.0,0,2765,
30,32,humoral_immunity,Easy,0.2,False,False,0.5797134938069337,0.1940784684225219,0.26241848694945585,1.0,0.0,2,3707,
30,33,humoral_immunity,Medium,0.5,,False,0.19380251127094356,0.17483895538612879,0.27113321438402416,1.0,0.0,3,3583,
30,34,humoral_immunity,Easy,0.2,False,True,0.6051091091210223,0.24051884708591853,0.2883567354738698,0.8,0.0,0,4323,
30,35,humoral_immunity,Easy,0.2,,True,0.6295158604383846,0.6494986511603948,0.32198977519224264,0.6000000000000001,0.0,0,4608,
30,36,humoral_immunity,Easy,0.2,True,True,0.6752305519789596,0.9779360529214975,0.37005503335696366,0.4000000000000001,0.0,0,4496,
30,37,,,,,,,,,,,,,all_kcs_mastered
31,0,innate_immunity,Easy,0.2,True,True,0.33668295461817555,0.7384615384615385,0.19490215244408912,0.0,0.0,0,4685,
31,1,antigen_recognition,Easy,0.2,,True,0.7767084232166822,0.43333333333333335,0.4511284764078897,0.0,0.0,0,4460,
31,2,cell_mediated_immunity,Easy,0.2,True,True,0.6610555334169725,0.7384615384615385,0.4000549628749409,0.0,0.0,0,4032,
31,3,humoral_immunity,Easy,0.2,False,True,0.7918956895120893,0.2,0.4617454502654341,0.0,0.0,0,3220,
31,4,tolerance_autoimmunity,Easy,0.2,True,True,0.95,0.7384615384615385,0.7146308415470601,0.0,0.0,0,4058,
31,5,humoral_immunity,Medium,0.5,True,True,0.44286877476065134,0.8597938144329896,0.49812251439384003,0.0,0.0,0,4568,
31,6,antigen_recognition,Medium,0.5,,True,0.42721350418685444,0.8086092715231787,0.4913173659620528,0.0,0.0,0,3631,
31,7,innate_immunity,Hard,0.8,False,False,0.05,0.18591549295774645,0.19490215244408912,0.0,0.0,2,3151,
31,8,innate_immunity,Medium,0.5,False,False,0.1381683494574564,0.15302230363107422,0.24248428207331973,0.0,0.0,1,4233,
31,9,innate_immunity,Easy,0.2,True,True,0.5633835883895252,0.8175393946179462,0.3320242335114929,0.0,0.0,0,4708,
31,10,cell_mediated_immunity,Hard,0.8,False,False,0.08319784711476189,0.18591549295774645,0.43870062918237096,0.0,0.0,1,3783,
31,11,cell_mediated_immunity,Medium,0.5,False,True,0.40907363846070566,0.2467612111920276,0.5110132139722569,0.0,0.0,0,4439,
31,12,cell_mediated_immunity,Easy,0.2,True,True,0.8660039657798588,0.8886546261702489,0.574009718625838,0.0,0.0,0,2956,
31,13,tolerance_autoimmunity,Hard,0.8,False,False,0.37467443308793624,0.18591549295774645,0.726628414396245,0.0,0.0,3,4212,
31,14,tolerance_autoimmunity,Medium,0.5,False,True,0.7957223932066141,0.2467612111920276,0.7496147492262516,0.0,0.0,0,3472,
31,15,tolerance_autoimmunity,Easy,0.2,True,True,0.95,0.8886546261702489,0.7496147492262516,0.0,0.0,0,5561,
31,16,,,,,,,,,,,,,all_kcs_mastered
32,0,innate_immunity,Easy,0.2,True,True,0.2806440180746179,0.7384615384615385,0.15296417938305754,0.0,0.0,0,4676,
32,1,antigen_recognition,Easy,0.2,True,True,0.8519906308179169,0.7384615384615385,0.561191252200778,0.0,0.0,0,4129,
32,2,cell_mediated_immunity,Easy,0.2,True,False,0.6184611178614812,0.2,0.3088952604217787,0.0,0.0,1,4808,
32,3,humoral_immunity,Easy,0.2,False,True,0.7619409867614824,0.2,0.48448151543093887,0.0,0.0,0,2867,
32,4,tolerance_autoimmunity,Easy,0.2,True,True,0.95,0.7384615384615385,0.7267413506836319,0.0,0.0,0,3675,
32,5,cell_mediated_immunity,Medium,0.5,False,False,0.24110545142864892,0.15330739299610896,0.3361665789544162,0.0,0.0,3,3823,
32,6,cell_mediated_immunity,Hard,0.8,False,False,0.058249738215173236,0.15239800083060046,0.3623617584130221,0.0,0.0,1,3324,
32,7,cell_mediated_immunity,Easy,0.2,True,True,0.7259499960291376,0.8168470529643829,0.40513631748982326,0.15,0.0,0,2890,
32,8,humoral_immunity,Medium,0.5,True,False,0.47673907604046656,0.25479452054794516,0.5230065626301925,0.0,0.0,1,4593,
32,9,humoral_immunity,Hard,0.8,False,False,0.15949898200717488,0.1545168847494429,0.5586526068331803,0.0,0.0,3,4252,
32,10,humoral_immunity,Easy,0.2,True,True,0.8958476506555799,0.8191798507264203,0.6246169889531835,0.0,0.0,0,4549,
32,11,innate_immunity,Hard,0.8,,False,0.05,0.3717391304347826,0.15296417938305754,0.0,0.0,1,4790,
32,12,innate_immunity,Medium,0.5,,False,0.11083749212106152,0.2085380587998389,0.20158083947671887,0.0,0.0,3,3095,
32,13,innate_immunity,Easy,0.2,True,True,0.5023712414375276,0.8658367233839197,0.2932333339630905,0.0,0.0,0,3468,
32,14,antigen_recognition,Hard,0.8,False,False,0.19265462279858267,0.18591549295774645,0.5911804893528995,0.0,0.0,1,2576,
32,15,antigen_recognition,Medium,0.5,,True,0.6334585454585627,0.58080204778157,0.6470598915694652,0.0,0.0,0,2967,
32,16,antigen_recognition,Easy,0.2,True,True,0.9359776495551528,0.9707466826848145,0.6953014303505548,0.0,0.0,0,4479,
32,17,tolerance_autoimmunity,Hard,0.8,False,False,0.39184774866913497,0.18591549295774645,0.7472314500048116,0.0,0.0,2,4520,
32,18,tolerance_autoimmunity,Medium,0.5,True,True,0.8150838782956553,0.8488772685327591,0.7851387785203359,0.0,0.0,0,4543,
32,19,,,,,,,,,,,,,all_kcs_mastered
33,0,innate_immunity,Easy,0.2,True,True,0.8886686321790324,0.7384615384615385,0.5566489437005542,0.0,0.0,0,4533,
33,1,antigen_recognition,Easy,0.2,True,True,0.7829248572035967,0.7384615384615385,0.4704748220621734,0.0,0.0,0,3491,
33,2,cell_mediated_immunity,Easy,0.2,True,False,0.5631479413290088,0.2,0.27910426413785216,0.0,0.0,3,4401,
33,3,humoral_immunity,Easy,0.2,True,False,0.5188836391367234,0.2,0.2492732006515338,0.0,0.0,1,5607,
33,4,tolerance_autoimmunity,Easy,0.2,False,False,0.3927041289937952,0.151473136915078,0.1811040384541935,0.0,0.0,2,4630,
33,5,tolerance_autoimmunity,Medium,0.5,False,False,0.1286020768158157,0.15236428212260275,0.2315556534343926,0.0,0.0,3,3321,
33,6,tolerance_autoimmunity,Hard,0.8,False,False,0.05,0.15238064594829565,0.2315556534343926,0.0,0.0,3,3163,
33,7,tolerance_autoimmunity,Easy,0.2,True,True,0.5471925869406075,0.8168277462426223,0.31203930730035334,0.15,0.0,0,3162,
33,8,cell_mediated_immunity,Medium,0.5,False,False,0.20992552052801364,0.15330739299610896,0.3140985161431037,0.0,0.0,2,4283,
33,9,cell_mediated_immunity,Hard,0.8,False,False,0.05139708131683588,0.15239800083060046,0.34739405138185564,0.0,0.0,3,3161,
33,10,cell_mediated_immunity,Easy,0.2,,True,0.7077257959642179,0.5301519584815546,0.40124882539836093,0.15,0.0,0,3943,
33,11,humoral_immunity,Medium,0.5,,False,0.18177602704395154,0.17575757575757575,0.28424281407347046,0.0,0.0,3,2906,
33,12,humoral_immunity,Hard,0.8,False,False,0.05,0.15282262681781747,0.28424281407347046,0.0,0.0,2,4917,
33,13,humoral_immunity,Easy,0.2,True,True,0.6237408597455752,0.8173184154682555,0.3409219929702797,0.15,0.0,0,2729,
33,14,cell_mediated_immunity,Easy,0.2,True,True,0.7698550552847386,0.9643591538799225,0.4593788668179894,0.0,0.0,0,5423,
33,15,innate_immunity,Hard,0.8,False,False,0.18845106166387876,0.18591549295774645,0.5617520560286923,0.0,0.0,2,3293,
33,16,innate_immunity,Medium,0.5,,True,0.591582771111166,0.58080204778157,0.5718408037778376,0.0,0.0,0,3126,
33,17,innate_immunity,Easy,0.2,True,True,0.9030029121649502,0.9707466826848145,0.5816973021062019,0.0,0.0,0,4152,
33,18,antigen_recognition,Hard,0.8,,False,0.12162286351632597,0.3717391304347826,0.49607298936390276,0.0,0.0,3,3789,
33,19,antigen_recognition,Medium,0.5,True,False,0.4941097565509552,0.3622586402725945,0.520433696774189,0.0,0.0,1,5880,
33,20,antigen_recognition,Easy,0.2,True,True,0.8724283297246026,0.9320145989412003,0.5667998337350554,0.0,0.0,0,4501,
33,21,tolerance_autoimmunity,Easy,0.2,True,False,0.643849000826025,0.7117185852311128,0.3289301825725668,0.3,0.0,2,4668,
33,22,tolerance_autoimmunity,Medium,0.5,True,False,0.26377896300075715,0.644160650715397,0.35166946412229405,0.44999999999999996,0.0,2,4876,
33,23,tolerance_autoimmunity,Hard,0.8,False,False,0.06356701746002388,0.1733811334063524,0.367646742854632,0.6,0.0,3,5317,
33,24,tolerance_autoimmunity,Easy,0.2,,True,0.7322131745628989,0.5627264228485122,0.387126166712548,0.75,0.0,0,3056,
33,25,tolerance_autoimmunity,Easy,0.2,False,True,0.7544997535150512,0.506926246515501,0.42110902718371285,0.55,0.0,0,5359,
33,26,tolerance_autoimmunity,Easy,0.2,True,True,0.7902866555702635,0.9610429610449898,0.4674736224458284,0.35000000000000003,0.0,0,3746,
33,27,,,,,,,,,,,,,all_kcs_mastered
34,0,innate_immunity,Easy,0.2,True,False,0.48057410979900067,0.2,0.22633669958971447,0.0,0.0,3,2660,
34,1,antigen_recognition,Easy,0.2,False,True,0.36257911411657456,0.2,0.18429029756836227,0.0,0.0,0,3861,
34,2,cell_mediated_immunity,Easy,0.2,,True,0.9038188509898611,0.43333333333333335,0.615481642197855,0.0,0.0,0,3763,
34,3,humoral_immunity,Easy,0.2,True,False,0.4526067959655077,0.2,0.20824474853389568,0.0,0.0,1,4825,
34,4,tolerance_autoimmunity,Easy,0.2,True,False,0.5829999048110593,0.2,0.303398405826955,0.0,0.0,2,3166,
34,5,innate_immunity,Medium,0.5,True,False,0.1621958505206075,0.25479452054794516,0.26373127071537533,0.0,0.0,2,3785,
34,6,antigen_recognition,Medium,0.5,False,False,0.13075971245923806,0.15330739299610896,0.22002039248494054,0.0,0.0,3,4523,
34,7,antigen_recognition,Hard,0.8,False,False,0.05,0.15239800083060046,0.22002039248494054,0.0,0.0,2,4735,
34,8,antigen_recognition,Easy,0.2,True,False,0.5299945305245316,0.2280705819127759,0.24906066689563694,0.15,0.0,1,4043,
34,9,humoral_immunity,Medium,0.5,False,False,0.1479801717789028,0.15330739299610896,0.24626252350248726,0.0,0.0,1,2878,
34,10,humoral_immunity,Hard,0.8,False,False,0.05,0.15239800083060046,0.24626252350248726,0.0,0.0,1,3992,
34,11,humoral_immunity,Easy,0.2,,False,0.568951637473692,0.168683730347086,0.2770259550765029,0.15,0.0,1,1505,
34,12,humoral_immunity,Medium,0.5,True,False,0.20786479117695633,0.23707820448138311,0.30132652668369664,0.3,0.0,3,2240,
34,13,tolerance_autoimmunity,Medium,0.5,False,False,0.23512240474323046,0.15330739299610896,0.3479085624136682,0.0,0.0,1,3066,
34,14,tolerance_autoimmunity,Hard,0.8,False,False,0.062236938608773974,0.15239800083060046,0.3895746915735915,0.0,0.0,1,3504,
34,15,tolerance_autoimmunity,Easy,0.2,True,True,0.7572108081396824,0.8168470529643829,0.455881192581777,0.15,0.0,0,4676,
34,16,antigen_recognition,Easy,0.2,True,True,0.5730641754572997,0.8782752611338299,0.29511085729523356,0.3,0.0,0,3764,
34,17,humoral_immunity,Hard,0.8,,False,0.05,0.18178266403350882,0.30132652668369664,0.44999999999999996,0.0,3,4339,
34,18,humoral_immunity,Easy,0.2,,True,0.6474751184704908,0.5749492599765514,0.32816513453467405,0.6,0.0,0,3053,
34,19,innate_immunity,Hard,0.8,,False,0.05,0.18483913618334066,0.26373127071537533,0.0,0.0,2,2979,
34,20,innate_immunity,Easy,0.2,False,True,0.594448839565732,0.24615172529534105,0.3242293849407703,0.15,0.0,0,4357,
34,21,innate_immunity,Easy,0.2,,False,0.678170386637117,0.1833329672955069,0.3470934740364324,0.3,0.0,1,4762,
34,22,innate_immunity,Medium,0.5,False,False,0.2854799711767297,0.15297107633340368,0.36445029803316686,0.44999999999999996,0.0,1,4776,
34,23,innate_immunity,Hard,0.8,False,False,0.06828745833749024,0.15239180766639687,0.3767378699117801,0.6,0.0,2,2197,
34,24,innate_immunity,Easy,0.2,True,True,0.7427721790333848,0.8168401636542334,0.3918003783965143,0.75,0.0,0,3670,
34,25,cell_mediated_immunity,Medium,0.5,,True,0.6574117212340881,0.7951177876408331,0.647237183068327,0.0,0.0,0,2903,
34,26,humoral_immunity,Easy,0.2,False,False,0.6833025446477896,0.16759318207871762,0.3362300215954226,0.75,0.0,2,2757,
34,27,humoral_immunity,Medium,0.5,False,False,0.27237225351527866,0.15266560368802937,0.34260448077915745,0.9,0.0,2,5162,
34,28,humoral_immunity,Hard,0.8,False,False,0.06040522322610423,0.15238618666723366,0.34891772338002913,1.0,0.0,3,4352,
34,29,humoral_immunity,Easy,0.2,True,False,0.7096132277773228,0.22806409742900738,0.3551703372863446,1.0,0.0,3,5284,
34,30,humoral_immunity,Medium,0.5,,True,0.29546700837002565,0.6351147616988091,0.36755547219500523,1.0,0.0,0,3796,
34,31,humoral_immunity,Medium,0.5,True,False,0.311167417751451,0.5705076360182251,0.3736291000474722,1.0,0.0,1,4109,
34,32,humoral_immunity,Hard,0.8,,False,0.07187583541165593,0.2710378036549641,0.37964440032547453,1.0,0.0,2,5135,
34,33,humoral_immunity,Easy,0.2,False,True,0.7460900074097829,0.29702390301686044,0.3915594660204655,0.8,0.0,0,3419,
34,34,humoral_immunity,Easy,0.2,True,False,0.7593934135246689,0.3132253551560877,0.39740257353627184,0.9500000000000001,0.0,3,4168,
34,35,humoral_immunity,Easy,0.2,True,True,0.7657407828813861,0.9169569481293994,0.41187005784630876,0.75,0.0,0,4912,
34,36,tolerance_autoimmunity,Easy,0.2,,True,0.8094855419346366,0.9487634117780712,0.5125334068178722,0.0,0.0,0,3181,
34,37,cell_mediated_immunity,Hard,0.8,False,False,0.2856558873129625,0.198595812477139,0.6646364719808635,0.0,0.0,1,3718,
34,38,cell_mediated_immunity,Easy,0.2,True,True,0.942014016251777,0.85876054681568,0.6977186826599028,0.0,0.0,0,4580,
34,39,,,,,,,,,,,,,all_kcs_mastered
35,0,innate_immunity,Easy,0.2,True,True,0.8546619443876977,0.7384615384615385,0.5644577795326244,0.0,0.0,0,4608,
35,1,antigen_recognition,Easy,0.2,,True,0.8384053489878831,0.43333333333333335,0.5331448951923894,0.0,0.0,0,5330,
35,2,cell_mediated_immunity,Easy,0.2,True,False,0.5193552949376465,0.2,0.23403945249784847,0.0,0.0,3,4393,
35,3,humoral_immunity,Easy,0.2,True,False,0.6010075347820276,0.2,0.30842068925491345,0.0,0.0,1,4398,
35,4,tolerance_autoimmunity,Easy,0.2,False,True,0.8400794222599586,0.2,0.5460264364855636,0.0,0.0,0,4279,
35,5,cell_mediated_immunity,Medium,0.5,False,False,0.16857458744615464,0.15330739299610896,0.2546017021523648,0.0,0.0,1,4155,
35,6,cell_mediated_immunity,Hard,0.8,,False,0.05,0.16881249297831702,0.2546017021523648,0.0,0.0,2,3163,
35,7,cell_mediated_immunity,Easy,0.2,True,True,0.5811777914731421,0.8337484352714597,0.2886191356899552,0.15,0.0,0,2942,
35,8,humoral_immunity,Medium,0.5,False,False,0.2405848315673249,0.15330739299610896,0.346361583245367,0.0,0.0,3,4365,
35,9,humoral_immunity,Hard,0.8,False,False,0.061697411988833405,0.15239800083060046,0.38222099299470874,0.0,0.0,3,3679,
35,10,humoral_immunity,Easy,0.2,True,True,0.7490075036390802,0.8168470529643829,0.4398375941064552,0.15,0.0,0,4903,
35,11,tolerance_autoimmunity,Medium,0.5,,False,0.5686042076835351,0.17575757575757575,0.5761840588773933,0.0,0.0,1,4013,
35,12,tolerance_autoimmunity,Hard,0.8,False,False,0.2070342738104842,0.15282262681781747,0.6043382998800351,0.0,0.0,2,4061,
35,13,tolerance_autoimmunity,Easy,0.2,True,True,0.9187907912565609,0.8173184154682555,0.6569061897578246,0.0,0.0,0,4275,
35,14,antigen_recognition,Medium,0.5,False,True,0.5495541321967518,0.40565552699228785,0.585322631637909,0.0,0.0,0,4554,
35,15,antigen_recognition,Hard,0.8,,False,0.21618064355617514,0.21681777423532927,0.6084956956287539,0.0,0.0,1,5608,
35,16,antigen_recognition,Easy,0.2,,True,0.9206326610795675,0.6215139036009447,0.6522519022127808,0.0,0.0,0,4546,
35,17,antigen_recognition,Medium,0.5,True,True,0.7137181687619123,0.9751843842847414,0.6911177267671673,0.0,0.0,0,3836,
35,18,innate_immunity,Hard,0.8,False,False,0.19572142901042858,0.18591549295774645,0.5943081188225099,0.0,0.0,2,2162,
35,19,innate_immunity,Medium,0.5,False,True,0.6378047365951833,0.2467612111920276,0.6499171492733572,0.0,0.0,0,5179,
35,20,innate_immunity,Easy,0.2,,True,0.9369973045785529,0.6564547642062398,0.6979037341906437,0.0,0.0,0,5719,
35,21,innate_immunity,Medium,0.5,True,True,0.7662797465148414,0.9785862936365176,0.7393126980469602,0.0,0.0,0,3843,
35,22,cell_mediated_immunity,Easy,0.2,True,True,0.6209112631661359,0.989121299927614,0.3207731161723397,0.0,0.0,0,3906,
35,23,,,,,,,,,,,,,all_kcs_mastered
36,0,innate_immunity,Easy,0.2,,False,0.41111729531393637,0.16164383561643833,0.1797910298323936,0.0,0.0,2,4704,
36,1,antigen_recognition,Easy,0.2,True,False,0.5765131778293033,0.2,0.282199821639703,0.0,0.0,3,5496,
36,2,cell_mediated_immunity,Easy,0.2,,False,0.4025046048879255,0.16164383561643833,0.16601195148265735,0.0,0.0,2,4497,
36,3,humoral_immunity,Easy,0.2,,True,0.8655461366335158,0.43333333333333335,0.5529314397537942,0.0,0.0,0,4522,
36,4,tolerance_autoimmunity,Easy,0.2,,False,0.4253225820640716,0.16164383561643833,0.19243979087602706,0.0,0.0,3,5349,
36,5,innate_immunity,Medium,0.5,False,False,0.12772181422054715,0.15255307234129206,0.21764219605793558,0.0,0.0,3,3220,
36,6,innate_immunity,Hard,0.8,,False,0.05,0.16870567050359922,0.21764219605793558,0.0,0.0,3,4375,
36,7,cell_mediated_immunity,Medium,0.5,False,False,0.11879109323136963,0.15255307234129206,0.19669216044249638,0.0,0.0,2,4724,
36,8,cell_mediated_immunity,Hard,0.8,False,False,0.05,0.15238411698161172,0.19669216044249638,0.0,0.0,1,3556,
36,9,cell_mediated_immunity,Easy,0.2,False,False,0.4950384035291019,0.1523810105539718,0.22181099105096674,0.15,0.0,2,5571,
36,10,cell_mediated_immunity,Medium,0.5,,False,0.15853966611844061,0.16868132691030582,0.24185024822386728,0.3,0.0,3,4457,
36,11,tolerance_autoimmunity,Medium,0.5,False,True,0.13641845935629202,0.23316749585406296,0.27337048741056175,0.0,0.0,0,2645,
36,12,cell_mediated_immunity,Hard,0.8,,False,0.05,0.1710257042087278,0.24185024822386728,0.44999999999999996,0.0,2,2253,
36,13,innate_immunity,Easy,0.2,True,False,0.5264386118735215,0.23709043304106403,0.2483309386926184,0.15,0.0,3,3096,
36,14,cell_mediated_immunity,Easy,0.2,True,True,0.5624475963610743,0.8358369144195489,0.2641625035121234,0.6,0.0,0,3594,
36,15,antigen_recognition,Medium,0.5,False,False,0.21302263316510048,0.15330739299610896,0.311720823685144,0.0,0.0,2,4600,
36,16,antigen_recognition,Hard,0.8,False,False,0.05070596369385832,0.15239800083060046,0.3400277140766178,0.0,0.0,1,4505,
36,17,antigen_recognition,Easy,0.2,True,True,0.6985002362758663,0.8168470529643829,0.38617032373744803,0.15,0.0,0,1930,
36,18,tolerance_autoimmunity,Hard,0.8,False,False,0.05,0.1540192774650066,0.27337048741056175,0.0,0.0,2,3255,
36,19,tolerance_autoimmunity,Medium,0.5,,False,0.2042765357390762,0.16891345536977373,0.3043190390635551,0.15,0.0,3,4239,
36,20,tolerance_autoimmunity,Medium,0.5,False,False,0.23611725712439008,0.15269079088399296,0.32872053932867673,0.3,0.0,2,5975,
36,21,tolerance_autoimmunity,Easy,0.2,,False,0.6840232419229817,0.16872516125234358,0.34722065395741414,0.44999999999999996,0.0,2,4269,
36,22,tolerance_autoimmunity,Hard,0.8,False,False,0.0619964809402795,0.15268719394838648,0.36030448016918193,0.6,0.0,2,3244,
36,23,tolerance_autoimmunity,Medium,0.5,False,False,0.30191968570205724,0.1523865838187464,0.3683179699692319,0.75,0.0,1,4090,
36,24,tolerance_autoimmunity,Easy,0.2,True,True,0.7330021090408272,0.8168343522924981,0.3809789371890496,0.9,0.0,0,2834,
36,25,innate_immunity,Medium,0.5,False,False,0.1809366638481513,0.15410748679601777,0.2726126597352817,0.3,0.0,1,3190,
36,26,innate_immunity,Hard,0.8,False,False,0.05,0.1524127537320751,0.2726126597352817,0.44999999999999996,0.0,2,4729,
36,27,innate_immunity,Easy,0.2,False,True,0.6072282172588194,0.2280786794934969,0.2994667519270202,0.6,0.0,0,6805,
36,28,innate_immunity,Easy,0.2,,True,0.6449239730323445,0.6351320101611182,0.3382607686477748,0.39999999999999997,0.0,0,4492,
36,29,humoral_immunity,Medium,0.5,True,False,0.5599060778407224,0.39006479481641465,0.5601231550142848,0.0,0.0,3,4405,
36,30,humoral_immunity,Hard,0.8,,False,0.1916598021996358,0.21291909172883022,0.579246958876409,0.0,0.0,1,3800,
36,31,humoral_immunity,Easy,0.2,True,True,0.9068259894888784,0.8687862094135028,0.6158317381143391,0.0,0.0,0,2420,
36,32,innate_immunity,Easy,0.2,False,False,0.6962628614272114,0.17250674678686953,0.3626912272795619,0.19999999999999996,0.0,2,5003,
36,33,innate_immunity,Medium,0.5,False,False,0.30494646466968517,0.15275974041857251,0.3921018789191167,0.0,0.0,3,5517,
36,34,innate_immunity,Hard,0.8,False,False,0.07962971639752803,0.15238791845215605,0.41594727151564787,0.15,0.0,2,4770,
36,35,innate_immunity,Easy,0.2,True,True,0.7851076486532937,0.8168358370573058,0.4536814451228386,0.3,0.0,0,5040,
36,36,antigen_recognition,Easy,0.2,False,True,0.7296678670768952,0.7117386865882526,0.41768075966744367,0.0,0.0,0,4605,
36,37,antigen_recognition,Easy,0.2,True,False,0.7868572231782023,0.644180918635353,0.4416298307365348,0.0,0.0,1,4538,
36,38,antigen_recognition,Medium,0.5,False,False,0.4133288264062945,0.1733831440571271,0.46459394722170244,0.0,0.0,2,4870,
36,39,antigen_recognition,Hard,0.8,False,False,0.11790335964959194,0.15277664630321344,0.48331066687064156,0.15,0.0,1,4744,
36,40,antigen_recognition,Easy,0.2,,True,0.8455169718600201,0.5307673933096592,0.5130605363301588,0.3,0.0,0,3563,
36,41,antigen_recognition,Easy,0.2,,True,0.8674230091558924,0.8604298257709178,0.5491080247614283,0.09999999999999998,0.0,0,3939,
36,42,cell_mediated_immunity,Easy,0.2,True,False,0.5803748630835036,0.6883337418328956,0.26091243307103323,0.75,0.0,3,4675,
36,43,cell_mediated_immunity,Medium,0.5,True,True,0.192394553388087,0.9814099349195478,0.2853825977574225,0.55,0.0,0,4008,
36,44,tolerance_autoimmunity,Easy,0.2,True,True,0.7465447940936863,0.9880532090369487,0.39868363902818743,0.7,0.0,0,3179,
36,45,,,,,,,,,,,,,all_kcs_mastered
37,0,innate_immunity,Easy,0.2,False,False,0.41737613539334845,0.151473136915078,0.17138223482944545,0.0,0.0,3,3995,
37,1,antigen_recognition,Easy,0.2,True,False,0.9195214461035508,0.2,0.6207434555459371,0.0,0.0,2,4099,
37,2,cell_mediated_immunity,Easy,0.2,False,False,0.3456988473741419,0.151473136915078,0.1030948298289468,0.0,0.0,1,4324,
37,3,humoral_immunity,Easy,0.2,False,False,0.7314630350735796,0.151473136915078,0.411491706839284,0.0,0.0,2,2486,
37,4,tolerance_autoimmunity,Easy,0.2,,False,0.49488596709444066,0.16164383561643833,0.22348883921710452,0.0,0.0,1,4987,
37,5,innate_immunity,Medium,0.5,True,False,0.12220570023696856,0.22756316558780537,0.19750636407373282,0.0,0.0,2,3989,
37,6,cell_mediated_immunity,Medium,0.5,False,False,0.08459967788333993,0.15236428212260275,0.112424868994132,0.0,0.0,1,3246,
37,7,humoral_immunity,Medium,0.5,False,False,0.3702720817184937,0.15236428212260275,0.45284785109260817,0.0,0.0,2,4199,
37,8,cell_mediated_immunity,Hard,0.8,False,False,0.05,0.15238064594829565,0.112424868994132,0.0,0.0,2,3842,
37,9,humoral_immunity,Hard,0.8,False,False,0.11076872411016796,0.15238064594829565,0.4912977819800747,0.0,0.0,2,3784,
37,10,cell_mediated_immunity,Easy,0.2,,True,0.37157854349864333,0.5301237250698008,0.1281209411281288,0.15,0.0,0,2105,
37,11,humoral_immunity,Easy,0.2,True,True,0.8516734216124349,0.8168277462426223,0.5520692890995905,0.15,0.0,0,2331,
37,12,tolerance_autoimmunity,Medium,0.5,False,False,0.15988728559542034,0.15255307234129206,0.2494865915709434,0.0,0.0,3,4642,
37,13,tolerance_autoimmunity,Hard,0.8,False,False,0.05,0.15238411698161172,0.2494865915709434,0.0,0.0,2,2064,
37,14,tolerance_autoimmunity,Easy,0.2,True,False,0.5736893029362591,0.22806296144035879,0.2708448325191698,0.15,0.0,3,5454,
37,15,antigen_recognition,Medium,0.5,False,True,0.6735885435891269,0.25479452054794516,0.6491693930745057,0.0,0.0,0,2172,
37,16,innate_immunity,Hard,0.8,,False,0.05,0.1801899398371758,0.19750636407373282,0.0,0.0,3,2514,
37,17,innate_immunity,Easy,0.2,False,True,0.4962596158859343,0.24352628156860545,0.24051722165434397,0.15,0.0,0,3914,
37,18,tolerance_autoimmunity,Medium,0.5,True,False,0.201824336542683,0.2711285087473201,0.2879334173333319,0.3,0.0,2,2935,
37,19,innate_immunity,Easy,0.2,,True,0.560478273836293,0.6528704387723789,0.2884061931301813,0.0,0.0,0,4370,
37,20,antigen_recognition,Hard,0.8,True,False,0.28802743516356677,0.28710734245519365,0.6623170751137564,0.0,0.0,1,3441,
37,21,tolerance_autoimmunity,Hard,0.8,,False,0.05,0.18776719749990262,0.2879334173333319,0.44999999999999996,0.0,2,2740,
37,22,tolerance_autoimmunity,Easy,0.2,True,False,0.6289232939568603,0.24781120035619664,0.2974694712166775,0.6,0.0,1,4354,
37,23,tolerance_autoimmunity,Medium,0.5,False,False,0.22878523338025666,0.15435314499653974,0.3033496876355587,0.75,0.0,1,2636,
37,24,tolerance_autoimmunity,Hard,0.8,False,False,0.05,0.15241728891334136,0.3033496876355587,0.9,0.0,2,4635,
37,25,tolerance_autoimmunity,Easy,0.2,True,False,0.6502408654291254,0.22808116878880524,0.3080144866011821,1.0,0.0,3,3210,
37,26,tolerance_autoimmunity,Medium,0.5,False,True,0.24013982460533487,0.27113925092462376,0.3172816131633546,1.0,0.0,0,7342,
37,27,tolerance_autoimmunity,Medium,0.5,False,False,0.2504318672794636,0.1549121285496154,0.3218531233862074,1.0,0.0,1,5601,
37,28,tolerance_autoimmunity,Hard,0.8,False,False,0.05371348734743349,0.1524276181471842,0.3263940225897577,1.0,0.0,1,4209,
37,29,tolerance_autoimmunity,Medium,0.5,False,True,0.26083447611581423,0.22808683839515512,0.335415008903526,0.8,0.0,0,4748,
37,30,tolerance_autoimmunity,Medium,0.5,True,False,0.2714041902917529,0.2711425959818992,0.3398650971673404,0.9500000000000001,0.0,1,2849,
37,31,tolerance_autoimmunity,Medium,0.5,,False,0.27671616537921256,0.18776977016333804,0.3442853874582529,1.0,0.0,2,3742,
37,32,tolerance_autoimmunity,Medium,0.5,True,True,0.2820556483669464,0.8503877970713923,0.35306677115116286,0.8,0.0,0,3154,
37,33,antigen_recognition,Medium,0.5,,True,0.7258966552556201,0.6977574423500236,0.6876269975597837,0.0,0.0,0,5092,
37,34,cell_mediated_immunity,Easy,0.2,True,False,0.38320380458286546,0.45883958770564376,0.1270744263085587,0.3,0.0,1,4683,
37,35,cell_mediated_immunity,Medium,0.5,False,False,0.0964285000319714,0.16111368283652927,0.1320687518336349,0.44999999999999996,0.0,2,4765,
37,36,cell_mediated_immunity,Hard,0.8,False,False,0.05,0.15254312056535083,0.1320687518336349,0.6,0.0,1,2751,
37,37,cell_mediated_immunity,Easy,0.2,False,False,0.3994907368625934,0.15238393397371203,0.13432591145524123,0.75,0.0,3,3598,
37,38,cell_mediated_immunity,Medium,0.5,False,False,0.10028656842490895,0.15238100718983205,0.13612694314042334,0.9,0.0,2,3047,
37,39,cell_mediated_immunity,Hard,0.8,False,False,0.05,0.15238095338846863,0.13612694314042334,1.0,0.0,2,2865,
37,40,cell_mediated_immunity,Easy,0.2,False,True,0.40534608659851357,0.22806122504278933,0.13972151243149386,1.0,0.0,0,5554,
37,41,cell_mediated_immunity,Easy,0.2,False,False,0.4105551422817939,0.15390577618178625,0.1415113185891392,1.0,0.0,3,4747,
37,42,cell_mediated_immunity,Medium,0.5,False,False,0.10424415509300064,0.15240903181515786,0.1432974010618055,1.0,0.0,1,3782,
37,43,cell_mediated_immunity,Hard,0.8,False,False,0.05,0.1523814685638078,0.1432974010618055,1.0,0.0,2,2252,
37,44,cell_mediated_immunity,Easy,0.2,,False,0.41575710774521857,0.16868139169908683,0.14507976759660535,1.0,0.0,1,3571,
37,45,cell_mediated_immunity,Medium,0.5,False,False,0.10626043587831673,0.15268635805854763,0.14685842592453352,1.0,0.0,1,2387,
37,46,cell_mediated_immunity,Hard,0.8,True,False,0.05,0.22822887588936352,0.14685842592453352,1.0,0.0,3,4419,
37,47,cell_mediated_immunity,Easy,0.2,False,False,0.42095617261741525,0.15390947932944118,0.14863338376050045,1.0,0.0,1,4684,
37,48,cell_mediated_immunity,Medium,0.5,False,False,0.10830240480796605,0.1524091001290729,0.15040464880336576,1.0,0.0,2,3482,
37,49,cell_mediated_immunity,Hard,0.8,False,False,0.05,0.15238146981966008,0.15040464880336576,1.0,0.0,1,1862,
37,50,cell_mediated_immunity,Easy,0.2,True,False,0.4261511087674983,0.22806150849540546,0.1521722287359716,1.0,0.0,2,3731,
37,51,cell_mediated_immunity,Medium,0.5,False,False,0.11037006486138395,0.15390578244148562,0.153936131225176,1.0,0.0,3,4739,
37,52,cell_mediated_immunity,Hard,0.8,,False,0.05,0.1688973492979587,0.153936131225176,1.0,0.0,2,6126,
37,53,cell_mediated_immunity,Easy,0.2,False,True,0.43134070179044126,0.23719727786305345,0.15745659661859623,1.0,0.0,0,4931,
37,54,cell_mediated_immunity,Easy,0.2,,True,0.4365291567228763,0.6457295983388004,0.16096241338199732,0.8,0.0,0,3376,
37,55,innate_immunity,Easy,0.2,,True,0.5768449429464108,0.873541568785619,0.2988268195112946,0.0,0.0,0,3349,
37,56,cell_mediated_immunity,Easy,0.2,False,False,0.441709867521268,0.173537429890095,0.16445364246821853,0.6000000000000001,0.0,3,4112,
37,57,cell_mediated_immunity,Easy,0.2,True,False,0.4468816632101879,0.2397896496145713,0.1696686956306031,0.4000000000000001,0.0,1,3951,
37,58,cell_mediated_immunity,Easy,0.2,True,False,0.45462819891828987,0.27808674705832304,0.17355557323079102,0.55,0.0,2,4208,
37,59,cell_mediated_immunity,Easy,0.2,False,True,0.46041636843920103,0.3013772261064184,0.1787138167950255,0.7000000000000001,0.0,0,3402,
38,0,innate_immunity,Easy,0.2,True,False,0.4999796434149698,0.2,0.21951906951618014,0.0,0.0,1,4018,
38,1,antigen_recognition,Easy,0.2,True,False,0.3094272308201205,0.2,0.09596207036326346,0.0,0.0,3,2604,
38,2,cell_mediated_immunity,Easy,0.2,True,True,0.9245991160914089,0.7384615384615385,0.6529321042881828,0.0,0.0,0,3832,
38,3,humoral_immunity,Easy,0.2,,True,0.7128500000030517,0.43333333333333335,0.4198883380471546,0.0,0.0,0,2698,
38,4,tolerance_autoimmunity,Easy,0.2,,True,0.28063260631565784,0.43333333333333335,0.11652859304462602,0.0,0.0,0,6625,
38,5,innate_immunity,Medium,0.5,False,False,0.15671374811709352,0.15330739299610896,0.23857481311936293,0.0,0.0,3,2574,
38,6,innate_immunity,Hard,0.8,False,False,0.05,0.15239800083060046,0.23857481311936293,0.0,0.0,3,4409,
38,7,innate_immunity,Easy,0.2,False,False,0.5576052961323722,0.1523812657777585,0.2543767298381061,0.15,0.0,1,5283,
38,8,innate_immunity,Medium,0.5,False,False,0.1863748753276532,0.15238095814192518,0.26712000608493863,0.3,0.0,2,4850,
38,9,innate_immunity,Hard,0.8,False,False,0.05,0.15238095248685263,0.26712000608493863,0.44999999999999996,0.0,3,3430,
38,10,innate_immunity,Easy,0.2,True,True,0.5993410023305922,0.8168280872848903,0.28143484475477293,0.6,0.0,0,2888,
38,11,antigen_recognition,Medium,0.5,False,False,0.0813437817207673,0.15330739299610896,0.1247753153621057,0.0,0.0,2,3710,
38,12,antigen_recognition,Hard,0.8,False,False,0.05,0.15239800083060046,0.1247753153621057,0.0,0.0,2,3368,
38,13,antigen_recognition,Easy,0.2,False,False,0.3890402891847154,0.1523812657777585,0.14848599505227467,0.15,0.0,3,2136,
38,14,antigen_recognition,Medium,0.5,,False,0.10821703177302414,0.16868136301353626,0.167483447026501,0.3,0.0,1,3015,
38,15,antigen_recognition,Hard,0.8,False,False,0.05,0.15268635751075316,0.167483447026501,0.44999999999999996,0.0,1,2293,
38,16,antigen_recognition,Easy,0.2,False,True,0.45137929662254583,0.2282288755886106,0.18871043551452232,0.6,0.0,0,3629,
38,17,antigen_recognition,Easy,0.2,True,True,0.48307212536638494,0.8783689799402536,0.2197390694514861,0.39999999999999997,0.0,0,4524,
38,18,humoral_immunity,Medium,0.5,,False,0.38209393365119526,0.22416107382550338,0.4504587616814541,0.0,0.0,1,2208,
38,19,humoral_immunity,Hard,0.8,False,True,0.10936464443843133,0.2688308064366105,0.5083776402758343,0.0,0.0,0,3021,
38,20,humoral_immunity,Easy,0.2,,True,0.8641583128245522,0.6797922048047846,0.5601921607916566,0.0,0.0,0,2821,
38,21,tolerance_autoimmunity,Medium,0.5,,False,0.08889360937987324,0.2183653533051123,0.1461905554249195,0.0,0.0,3,2863,
38,22,tolerance_autoimmunity,Hard,0.8,True,False,0.05,0.26543389331665235,0.1461905554249195,0.0,0.0,3,4483,
38,23,tolerance_autoimmunity,Easy,0.2,True,False,0.41997971429949693,0.2935846862440816,0.17403131241590095,0.15,0.0,1,3641,
38,24,tolerance_autoimmunity,Easy,0.2,,False,0.461125584357558,0.19197659863608008,0.19621137580056097,0.3,0.0,2,2341,
38,25,tolerance_autoimmunity,Medium,0.5,False,False,0.13910640795458343,0.1531437938114537,0.21317058917257142,0.44999999999999996,0.0,2,1898,
38,26,tolerance_autoimmunity,Hard,0.8,False,False,0.05,0.152394987600608,0.21317058917257142,0.6,0.0,3,3585,
38,27,tolerance_autoimmunity,Easy,0.2,,True,0.5197456093461883,0.5301470566345311,0.22826276126387562,0.75,0.0,0,3104,
38,28,tolerance_autoimmunity,Easy,0.2,True,True,0.5422928419408534,0.9643584819086881,0.25490760181100974,0.55,0.0,0,4371,
38,29,humoral_immunity,Hard,0.8,,False,0.1917239552566089,0.3282605192371323,0.5833689263078407,0.0,0.0,1,3830,
38,30,humoral_immunity,Hard,0.8,,True,0.2142009605873366,0.734294095251483,0.6272797429913283,0.0,0.0,0,3887,
38,31,cell_mediated_immunity,Hard,0.8,False,False,0.2926791603133116,0.1757345335607056,0.6689012501115413,0.0,0.0,1,4030,
38,32,cell_mediated_immunity,Medium,0.5,False,True,0.7336864728894952,0.24102112949305038,0.699370010168166,0.0,0.0,0,2907,
38,33,cell_mediated_immunity,Easy,0.2,True,True,0.95,0.8856079244962463,0.699370010168166,0.0,0.0,0,4641,
38,34,humoral_immunity,Hard,0.8,False,False,0.2618603782006772,0.18518424792989532,0.6469211618786567,0.0,0.0,3,4243,
38,35,humoral_immunity,Easy,0.2,,True,0.9359277524477795,0.5797739611305223,0.6841338930323121,0.0,0.0,0,2719,
38,36,humoral_immunity,Medium,0.5,,True,0.7511590279283963,0.8820840195969574,0.7174245897551237,0.0,0.0,0,5985,
38,37,innate_immunity,Easy,0.2,True,False,0.6086428059859476,0.7117189403059255,0.2780356377063247,0.75,0.0,3,5217,
38,38,innate_immunity,Medium,0.5,,False,0.20886406461443588,0.35045315787050574,0.28156104550071515,0.9,0.0,1,3994,
38,39,innate_immunity,Hard,0.8,False,False,0.05,0.157105793733263,0.28156104550071515,1.0,0.0,2,4923,
38,40,innate_immunity,Easy,0.2,False,True,0.6199571310988305,0.23066029498259097,0.2885774314118945,1.0,0.0,0,4375,
38,41,innate_immunity,Easy,0.2,False,False,0.6298246391480345,0.15396336338193062,0.29205136281266014,1.0,0.0,2,4261,
38,42,innate_immunity,Medium,0.5,,False,0.2230999510168999,0.16890552014365715,0.29550833073783467,1.0,0.0,2,5397,
38,43,innate_immunity,Hard,0.8,False,False,0.05,0.1526906392670663,0.29550833073783467,1.0,0.0,2,3102,
38,44,innate_immunity,Easy,0.2,False,True,0.6394666448665149,0.2282312263853123,0.30238850530492684,1.0,0.0,0,4822,
38,45,innate_immunity,Easy,0.2,,True,0.6489281348292314,0.6353123922792383,0.30920148702341765,0.8,0.0,0,3637,
38,46,innate_immunity,Easy,0.2,False,True,0.6581833194943975,0.5706888568231939,0.32269437719469346,0.6000000000000001,0.0,0,1994,
38,47,innate_immunity,Easy,0.2,False,True,0.6761569553347887,0.5136572280630658,0.33757738792123876,0.4000000000000001,0.15,0,5229,
38,48,innate_immunity,Easy,0.2,True,True,0.6953950324896495,0.9620320453098558,0.35375069204655357,0.20000000000000007,0.3,0,4080,
38,49,antigen_recognition,Easy,0.2,True,False,0.5295740433758807,0.7302722186986369,0.23963367662926477,0.19999999999999996,0.0,1,4715,
38,50,antigen_recognition,Medium,0.5,,False,0.17333148310317686,0.36492765992700565,0.26386786022480624,0.0,0.0,3,3801,
38,51,antigen_recognition,Hard,0.8,,False,0.05,0.20696228950315715,0.26386786022480624,0.15,0.0,3,1583,
38,52,antigen_recognition,Easy,0.2,False,True,0.5946463977783844,0.25880577230850255,0.2967143780525952,0.3,0.0,0,3818,
38,53,antigen_recognition,Easy,0.2,True,False,0.6411332740100787,0.28954144205786503,0.3090425859139755,0.44999999999999996,0.0,3,2708,
38,54,antigen_recognition,Easy,0.2,False,False,0.6579687915985557,0.15537841346935927,0.3178513867853402,0.6,0.0,2,5299,
38,55,antigen_recognition,Medium,0.5,False,False,0.25107414752405727,0.15243624470620595,0.32328669941820515,0.75,0.0,2,4007,
38,56,antigen_recognition,Hard,0.8,False,False,0.05415236718970738,0.15238196884907804,0.3276003029705413,0.9,0.0,1,4137,
38,57,antigen_recognition,Easy,0.2,True,False,0.6825687115822812,0.22806178239687339,0.33188641012877573,1.0,0.0,3,2383,
38,58,antigen_recognition,Medium,0.5,False,False,0.26723795491655195,0.15390578849026396,0.3361451961643906,1.0,0.0,3,2525,
38,59,antigen_recognition,Hard,0.8,False,False,0.05824270067745346,0.15240903204221787,0.3403768352316275,1.0,0.0,1,3813,
39,0,innate_immunity,Easy,0.2,True,True,0.8970536977923415,0.7384615384615385,0.6156170278465718,0.0,0.0,0,4572,
39,1,antigen_recognition,Easy,0.2,True,True,0.8979292394943447,0.7384615384615385,0.6088801294949566,0.0,0.0,0,3155,
39,2,cell_mediated_immunity,Easy,0.2,False,False,0.5877231819925944,0.151473136915078,0.3036938000368139,0.0,0.0,3,4597,
39,3,humoral_immunity,Easy,0.2,,True,0.45787688005902843,0.43333333333333335,0.27522211982652145,0.0,0.0,0,2812,
39,4,tolerance_autoimmunity,Easy,0.2,True,True,0.7164161791049345,0.7384615384615385,0.42549927202355003,0.0,0.0,0,4935,
39,5,cell_mediated_immunity,Medium,0.5,True,False,0.23544129628577198,0.22756316558780537,0.34560929195979656,0.0,0.0,3,6359,
39,6,cell_mediated_immunity,Hard,0.8,False,False,0.06143662371906977,0.15389478410989638,0.3850016001695816,0.0,0.0,3,3457,
39,7,cell_mediated_immunity,Easy,0.2,False,True,0.752130901361676,0.22889270828810016,0.4479373212439789,0.15,0.0,0,2958,
39,8,cell_mediated_immunity,Easy,0.2,,True,0.8157213692249954,0.6360933374710543,0.5144022723060305,0.0,0.0,0,4296,
39,9,humoral_immunity,Medium,0.5,True,False,0.20608834045043808,0.4056555269922879,0.3204561145446492,0.0,0.0,1,2255,
39,10,humoral_immunity,Hard,0.8,,False,0.05328903172042699,0.21681777423532927,0.362867017755528,0.0,0.0,2,3154,
39,11,humoral_immunity,Easy,0.2,,False,0.7265527004947173,0.17843061912681016,0.3966664204838359,0.15,0.0,1,2833,
39,12,humoral_immunity,Easy,0.2,,False,0.764947538177692,0.17246576037320013,0.4230246084017669,0.3,0.0,2,3676,
39,13,humoral_immunity,Medium,0.5,,False,0.38654648714730866,0.17158126224168788,0.44282984306950884,0.44999999999999996,0.0,1,3882,
39,14,humoral_immunity,Hard,0.8,,False,0.10498519295521241,0.17145102948990876,0.45673922558524443,0.6,0.0,1,2546,
39,15,humoral_immunity,Easy,0.2,True,True,0.8235280038976682,0.8362335288854413,0.4736919056218932,0.75,0.0,0,3242,
39,16,cell_mediated_immunity,Easy,0.2,,True,0.8683460743276149,0.9041260561253908,0.5728652520527323,0.0,0.0,0,3667,
39,17,innate_immunity,Hard,0.8,True,True,0.24856173100225443,0.9853892821031346,0.6635784685393951,0.0,0.0,0,4325,
39,18,antigen_recognition,Hard,0.8,False,True,0.24108884045701606,0.6715909090909093,0.6504200009249124,0.0,0.0,0,4488,
39,19,antigen_recognition,Medium,0.5,True,False,0.7114670891201847,0.604706828924872,0.6689840132791197,0.0,0.0,2,4893,
39,20,antigen_recognition,Easy,0.2,True,True,0.9434225661268717,0.9734190605045688,0.7041404002760008,0.0,0.0,0,3778,
39,21,tolerance_autoimmunity,Hard,0.8,,False,0.09450906704110869,0.3430278884462152,0.4550981874462166,0.0,0.0,1,5246,
39,22,tolerance_autoimmunity,Medium,0.5,,True,0.43305172999661057,0.7462387978636735,0.5150634144525161,0.0,0.0,0,4213,
39,23,tolerance_autoimmunity,Easy,0.2,True,False,0.8687989073261495,0.6797469215707194,0.5417465083293093,0.0,0.0,2,5068,
39,24,tolerance_autoimmunity,Medium,0.5,True,True,0.5622944078979988,0.9806735791096837,0.5921762812193564,0.0,0.0,0,3716,
39,25,,,,,,,,,,,,,all_kcs_mastered
40,0,innate_immunity,Easy,0.2,,True,0.5484939998959734,0.43333333333333335,0.2976488287528551,0.0,0.0,0,2705,
40,1,antigen_recognition,Easy,0.2,False,False,0.7463898048741451,0.151473136915078,0.40380808023157977,0.0,0.0,1,3902,
40,2,cell_mediated_immunity,Easy,0.2,True,True,0.7607948868143862,0.7384615384615385,0.48376754804775357,0.0,0.0,0,2807,
40,3,humoral_immunity,Easy,0.2,True,False,0.7932181154849289,0.2,0.45825756272622686,0.0,0.0,1,4960,
40,4,tolerance_autoimmunity,Easy,0.2,,True,0.4411113535744093,0.43333333333333335,0.19736976358485459,0.0,0.0,0,3791,
40,5,antigen_recognition,Medium,0.5,False,False,0.35958829223011357,0.15236428212260275,0.4267867430909557,0.0,0.0,3,3999,
40,6,antigen_recognition,Hard,0.8,False,False,0.09627820965307762,0.15238064594829565,0.44887975331181557,0.0,0.0,1,4796,
40,7,antigen_recognition,Easy,0.2,True,True,0.8165698506178468,0.8168277462426223,0.4849902909932438,0.15,0.0,0,3206,
40,8,humoral_immunity,Medium,0.5,False,False,0.4377116039057889,0.15330739299610896,0.49041371089391367,0.0,0.0,3,3670,
40,9,humoral_immunity,Hard,0.8,False,False,0.1349926426268449,0.15239800083060046,0.52066116999861,0.0,0.0,1,3803,
40,10,humoral_immunity,Easy,0.2,True,True,0.8725801552421505,0.8168470529643829,0.5690296786204361,0.15,0.0,0,4371,
40,11,innate_immunity,Medium,0.5,False,False,0.2289751666037316,0.1600363306085377,0.32748695315719906,0.0,0.0,2,4605,
40,12,innate_immunity,Hard,0.8,False,False,0.055457784989344075,0.1525229350070919,0.35605745859197796,0.0,0.0,1,3989,
40,13,innate_immunity,Easy,0.2,False,False,0.7183607233001141,0.15238356278492216,0.3793106867197456,0.15,0.0,3,2226,
40,14,innate_immunity,Easy,0.2,False,True,0.7457105088932459,0.22806265725871522,0.4162271011659608,0.3,0.0,0,4532,
40,15,innate_immunity,Easy,0.2,True,False,0.7853907795093291,0.2711283292844093,0.4298673982150859,0.44999999999999996,0.0,1,4451,
40,16,innate_immunity,Medium,0.5,,False,0.39632638316375296,0.1877671647262514,0.4395558208705637,0.6,0.0,1,5723,
40,17,innate_immunity,Hard,0.8,False,False,0.10315363660023005,0.15305923029610657,0.44550818623391203,0.75,0.0,2,4388,
40,18,innate_immunity,Easy,0.2,,True,0.8135203945315421,0.5312260015833651,0.45493082060695045,0.9,0.0,0,4662,
40,19,tolerance_autoimmunity,Medium,0.5,,True,0.13994083966493914,0.8086092715231787,0.23256737149659673,0.0,0.0,0,2183,
40,20,innate_immunity,Easy,0.2,True,True,0.8219455754718781,0.9645061170107737,0.46882458997718524,0.7,0.0,0,5191,
40,21,cell_mediated_immunity,Hard,0.8,False,False,0.12185262479757655,0.18011187072715973,0.5104565403274566,0.0,0.0,1,4562,
40,22,cell_mediated_immunity,Medium,0.5,True,False,0.5156796676199489,0.24348229420545298,0.547113122190849,0.0,0.0,2,3978,
40,23,cell_mediated_immunity,Easy,0.2,True,True,0.8892082092290199,0.8869287520624446,0.6149366609727661,0.0,0.0,0,1739,
40,24,antigen_recognition,Easy,0.2,False,True,0.8285274618385046,0.7117185852311128,0.5039679665846356,0.0,0.0,0,2993,
40,25,antigen_recognition,Easy,0.2,True,True,0.8610224057705796,0.9833313273045673,0.5422044890377737,0.0,0.0,0,4486,
40,26,,,,,,,,,,,,,all_kcs_mastered
41,0,innate_immunity,Easy,0.2,,True,0.5729231657813358,0.43333333333333335,0.29026701321152176,0.0,0.0,0,4684,
41,1,antigen_recognition,Easy,0.2,True,True,0.6929901884732069,0.7384615384615385,0.397380089046402,0.0,0.0,0,2702,
41,2,cell_mediated_immunity,Easy,0.2,,False,0.7454802763113816,0.16164383561643833,0.41611138514336454,0.0,0.0,1,4907,
41,3,humoral_immunity,Easy,0.2,,True,0.7193623939456738,0.43333333333333335,0.43915437252949036,0.0,0.0,0,3713,
41,4,tolerance_autoimmunity,Easy,0.2,True,False,0.5556599884640469,0.2,0.2821503976737446,0.0,0.0,2,5298,
41,5,cell_mediated_immunity,Medium,0.5,False,False,0.3767580295203653,0.15255307234129206,0.4509091289930996,0.0,0.0,2,1732,
41,6,cell_mediated_immunity,Hard,0.8,,True,0.10962812792208607,0.5304041339347053,0.5163569661091477,0.0,0.0,0,5477,
41,7,tolerance_autoimmunity,Medium,0.5,False,True,0.21297292361041187,0.25479452054794516,0.36664529915786825,0.0,0.0,0,3681,
41,8,tolerance_autoimmunity,Hard,0.8,False,False,0.06913016973996682,0.1545168847494429,0.4039199893427911,0.0,0.0,3,3908,
41,9,tolerance_autoimmunity,Medium,0.5,,False,0.3597429324412534,0.16898411445127381,0.43373881446426044,0.15,0.0,1,3483,
41,10,tolerance_autoimmunity,Medium,0.5,False,True,0.40189700716878746,0.23724564850760888,0.5003909139166743,0.0,0.0,0,4119,
41,11,tolerance_autoimmunity,Medium,0.5,True,False,0.5005863706061952,0.276570452128995,0.5253837935648112,0.15,0.0,2,4848,
41,12,tolerance_autoimmunity,Easy,0.2,True,True,0.8756975174890291,0.9027645567080959,0.5812487678930738,0.0,0.0,0,4294,
41,13,innate_immunity,Medium,0.5,False,False,0.22124980452451312,0.1600363306085377,0.3097825221712409,0.0,0.0,2,4633,
41,14,innate_immunity,Hard,0.8,False,True,0.0501490804628825,0.23227814876759492,0.3477403052346237,0.0,0.0,0,4361,
41,15,innate_immunity,Easy,0.2,,True,0.7081553460787217,0.6400589605410149,0.3836106400061736,0.0,0.0,0,6148,
41,16,humoral_immunity,Medium,0.5,True,False,0.4097319078052765,0.4056555269922879,0.47502754081294957,0.0,0.0,1,4113,
41,17,humoral_immunity,Hard,0.8,,False,0.12457137757688959,0.21681777423532927,0.5086061664635324,0.0,0.0,2,4814,
41,18,humoral_immunity,Easy,0.2,False,True,0.8643191908543592,0.2645300656445507,0.5714678625185123,0.0,0.0,0,4411,
41,19,humoral_immunity,Easy,0.2,True,True,0.9028067428106635,0.8973853356758362,0.6262879582089338,0.0,0.0,0,4129,
41,20,cell_mediated_immunity,Hard,0.8,,False,0.14199474614333615,0.2457566044314315,0.5255152094521869,0.15,0.0,2,4057,
41,21,cell_mediated_immunity,Hard,0.8,True,False,0.16152717955417487,0.2816580549790176,0.5453095672241609,0.3,0.0,2,4234,
41,22,cell_mediated_immunity,Easy,0.2,False,False,0.8881376260251237,0.15517579804721066,0.5602134554734618,0.44999999999999996,0.0,2,4775,
41,23,cell_mediated_immunity,Medium,0.5,,True,0.5893504279710106,0.5346423077779863,0.5811812621894767,0.6,0.0,0,3864,
41,24,cell_mediated_immunity,Medium,0.5,False,True,0.619420099406517,0.48367427055591583,0.6111334416709245,0.39999999999999997,0.0,0,4155,
41,25,cell_mediated_immunity,Medium,0.5,True,True,0.6607864014789242,0.9574349359892171,0.6482136067412044,0.19999999999999996,0.0,0,3026,
41,26,innate_immunity,Hard,0.8,False,False,0.07597490373705856,0.17297869388268244,0.40055948175589506,0.0,0.0,3,2857,
41,27,innate_immunity,Hard,0.8,,False,0.08342903461728374,0.171656894952109,0.41704228165723034,0.0,0.0,2,2508,
41,28,innate_immunity,Easy,0.2,False,True,0.7862140310326737,0.23873764004176667,0.44910142724361507,0.0,0.0,0,5990,
41,29,innate_immunity,Medium,0.5,True,True,0.424240033666992,0.8843624469511101,0.4793975138921221,0.0,0.0,0,4767,
41,30,antigen_recognition,Hard,0.8,False,False,0.07762436551022574,0.1757345335607056,0.4159283738347776,0.0,0.0,1,5184,
41,31,antigen_recognition,Medium,0.5,False,False,0.3765002255665126,0.1528221793602686,0.4430480709367475,0.0,0.0,2,4554,
41,32,antigen_recognition,Easy,0.2,True,True,0.811270754352689,0.8173179197901523,0.4947690138482269,0.0,0.0,0,4789,
41,33,,,,,,,,,,,,,all_kcs_mastered
42,0,innate_immunity,Easy,0.2,False,False,0.6454888081670073,0.151473136915078,0.3229292041056891,0.0,0.0,2,2548,
42,1,antigen_recognition,Easy,0.2,True,True,0.9205668195427991,0.7384615384615385,0.6774699610381241,0.0,0.0,0,2801,
42,2,cell_mediated_immunity,Easy,0.2,False,False,0.3771640072459452,0.151473136915078,0.1668769615443893,0.0,0.0,2,3660,
42,3,humoral_immunity,Easy,0.2,True,True,0.7406020291135544,0.7384615384615385,0.4344267481994338,0.0,0.0,0,5278,
42,4,tolerance_autoimmunity,Easy,0.2,False,True,0.30317167440884235,0.2,0.16971000677226025,0.0,0.0,0,5114,
42,5,innate_immunity,Medium,0.5,False,False,0.2568463497248915,0.15236428212260275,0.34522146452330177,0.0,0.0,3,3941,
42,6,cell_mediated_immunity,Medium,0.5,,False,0.11933546336696449,0.1685530193297038,0.21447081176850394,0.0,0.0,3,3495,
42,7,innate_immunity,Hard,0.8,False,False,0.0613025827534616,0.15238064594829565,0.3667797619970981,0.0,0.0,3,3164,
42,8,innate_immunity,Easy,0.2,True,True,0.7311919730593304,0.8168277462426223,0.4022222118943074,0.15,0.0,0,4008,
42,9,cell_mediated_immunity,Hard,0.8,False,False,0.05,0.15268390696295708,0.21447081176850394,0.0,0.0,2,4580,
42,10,cell_mediated_immunity,Easy,0.2,True,False,0.5216925917925863,0.22822753017773875,0.25261452318304467,0.15,0.0,2,2438,
42,11,tolerance_autoimmunity,Medium,0.5,,False,0.12113347939610238,0.17575757575757575,0.2176574986229367,0.0,0.0,1,4351,
42,12,tolerance_autoimmunity,Hard,0.8,False,False,0.05,0.15282262681781747,0.2176574986229367,0.0,0.0,3,2515,
42,13,tolerance_autoimmunity,Easy,0.2,False,False,0.5264615014864674,0.15238907555132108,0.2560593303478757,0.15,0.0,1,3841,
42,14,tolerance_autoimmunity,Easy,0.2,False,False,0.5833050767492816,0.15238110170534186,0.2861320310193671,0.3,0.0,2,5153,
42,15,tolerance_autoimmunity,Medium,0.5,,False,0.2170046774427101,0.16868133980431704,0.30880543235791985,0.44999999999999996,0.0,3,3992,
42,16,tolerance_autoimmunity,Hard,0.8,False,False,0.05,0.1526863570675376,0.30880543235791985,0.6,0.0,2,4359,
42,17,tolerance_autoimmunity,Easy,0.2,False,True,0.6576484971006076,0.22822887534527408,0.32876294489544616,0.75,0.0,0,1785,
42,18,cell_mediated_immunity,Medium,0.5,False,False,0.1847768707491202,0.1539094495984786,0.28250166537091487,0.3,0.0,3,5242,
42,19,cell_mediated_immunity,Hard,0.8,False,False,0.05,0.15240909958060783,0.28250166537091487,0.44999999999999996,0.0,1,5013,
42,20,cell_mediated_immunity,Easy,0.2,True,True,0.6212859462618471,0.8168593982306437,0.31529250820987,0.6,0.0,0,5683,
42,21,tolerance_autoimmunity,Easy,0.2,True,True,0.684078231424615,0.8783689797962659,0.36364921372056364,0.55,0.0,0,3962,
42,22,antigen_recognition,Hard,0.8,,False,0.30291331958378215,0.3430278884462152,0.6909972086407258,0.0,0.0,1,2224,
42,23,antigen_recognition,Medium,0.5,False,False,0.7587764769086655,0.15687848341588578,0.7182656731904818,0.0,0.0,2,4294,
42,24,antigen_recognition,Easy,0.2,True,True,0.95,0.8217240820193382,0.7182656731904818,0.0,0.0,0,2715,
42,25,humoral_immunity,Hard,0.8,True,False,0.09577910307667872,0.6339622641509434,0.4531877287208345,0.0,0.0,1,4586,
42,26,humoral_immunity,Medium,0.5,True,True,0.43023960762309743,0.9764361246070306,0.5052989026739094,0.0,0.0,0,2649,
42,27,innate_immunity,Easy,0.2,True,True,0.7495762259796814,0.9880527837786663,0.42337255482163355,0.0,0.0,0,3177,
42,28,,,,,,,,,,,,,all_kcs_mastered
43,0,innate_immunity,Easy,0.2,True,False,0.8753715534085974,0.2,0.5342870622320147,0.0,0.0,2,4298,
43,1,antigen_recognition,Easy,0.2,False,True,0.7686476608634688,0.2,0.43136052071047304,0.0,0.0,0,4221,
43,2,cell_mediated_immunity,Easy,0.2,True,True,0.8782816911162501,0.7384615384615385,0.5859069981561711,0.0,0.0,0,2784,
43,3,humoral_immunity,Easy,0.2,,True,0.771483135357924,0.43333333333333335,0.438539081736261,0.0,0.0,0,4202,
43,4,tolerance_autoimmunity,Easy,0.2,,True,0.30724103583799395,0.43333333333333335,0.2063006256510417,0.0,0.0,0,2800,
43,5,innate_immunity,Medium,0.5,,False,0.5512499719066696,0.17575757575757575,0.5435028194020354,0.0,0.0,2,6313,
43,6,innate_immunity,Hard,0.8,,False,0.17668315312902227,0.1720680393912265,0.5525362106265794,0.0,0.0,1,2768,
43,7,innate_immunity,Easy,0.2,,True,0.8923734420648056,0.5607755489746885,0.5675890884712682,0.15,0.0,0,2854,
43,8,antigen_recognition,Medium,0.5,True,True,0.3984717547019188,0.8597938144329896,0.4609784630851096,0.0,0.0,0,3730,
43,9,humoral_immunity,Medium,0.5,True,True,0.4088393516195263,0.9484388938447815,0.472153403479006,0.0,0.0,0,2918,
43,10,tolerance_autoimmunity,Medium,0.5,False,True,0.1465154888146504,0.40565552699228785,0.3266134306030192,0.0,0.0,0,5069,
43,11,tolerance_autoimmunity,Hard,0.8,False,False,0.05518388148693947,0.1589691466170944,0.37765103350373674,0.0,0.0,3,4247,
43,12,tolerance_autoimmunity,Easy,0.2,True,True,0.743817609205335,0.8239288804096182,0.4719897116456316,0.0,0.0,0,3217,
43,13,innate_immunity,Easy,0.2,,False,0.9007454137831161,0.26698389799595734,0.5735788206530504,0.3,0.0,2,2731,
43,14,innate_immunity,Medium,0.5,True,True,0.6086099430126704,0.8985145741293805,0.5887676391293618,0.09999999999999998,0.0,0,4585,
43,15,cell_mediated_immunity,Hard,0.8,False,True,0.2167753481767069,0.6715909090909093,0.6356472848965595,0.0,0.0,0,2960,
43,16,cell_mediated_immunity,Medium,0.5,True,False,0.6929364811840437,0.604706828924872,0.6575300605570851,0.0,0.0,3,3706,
43,17,cell_mediated_immunity,Easy,0.2,True,True,0.9396405770360334,0.9734190605045688,0.6986670827042946,0.0,0.0,0,3588,
43,18,,,,,,,,,,,,,all_kcs_mastered
44,0,innate_immunity,Easy,0.2,True,False,0.5482895764490953,0.2,0.2403868347949387,0.0,0.0,2,3122,
44,1,antigen_recognition,Easy,0.2,,True,0.828878669883488,0.43333333333333335,0.49209944193049193,0.0,0.0,0,3748,
44,2,cell_mediated_immunity,Easy,0.2,True,True,0.8247602344581249,0.7384615384615385,0.4646583905077929,0.0,0.0,0,4217,
44,3,humoral_immunity,Easy,0.2,False,False,0.4248835770641165,0.151473136915078,0.19892791252188263,0.0,0.0,3,3501,
44,4,tolerance_autoimmunity,Easy,0.2,False,True,0.6413025271405522,0.2,0.3632472541707977,0.0,0.0,0,3874,
44,5,humoral_immunity,Medium,0.5,False,False,0.14106984037216752,0.15236428212260275,0.24544737095416802,0.0,0.0,3,4986,
44,6,humoral_immunity,Hard,0.8,False,True,0.05,0.22805207479018869,0.24544737095416802,0.0,0.0,0,3782,
44,7,innate_immunity,Medium,0.5,False,False,0.17397994898163005,0.15330739299610896,0.24839464339575615,0.0,0.0,3,3202,
44,8,innate_immunity,Hard,0.8,,False,0.05,0.16881249297831702,0.24839464339575615,0.0,0.0,3,5036,
44,9,innate_immunity,Easy,0.2,False,False,0.5720861888557078,0.15268886202574228,0.25512952543508927,0.15,0.0,2,4555,
44,10,innate_immunity,Medium,0.5,False,False,0.1870607660755335,0.15238661450375365,0.26062619969793455,0.3,0.0,1,4487,
44,11,innate_immunity,Hard,0.8,False,False,0.05,0.15238105646477462,0.26062619969793455,0.44999999999999996,0.0,2,4790,
44,12,innate_immunity,Easy,0.2,False,True,0.5899496405532024,0.22806128161807643,0.2668617565823965,0.6,0.0,0,3168,
44,13,tolerance_autoimmunity,Medium,0.5,False,True,0.3056540375894671,0.25479452054794516,0.42338539399299996,0.0,0.0,0,4558,
44,14,humoral_immunity,Hard,0.8,,False,0.05,0.18027097096391204,0.24544737095416802,0.15,0.0,1,4124,
44,15,humoral_immunity,Hard,0.8,False,False,0.05,0.1529107484846876,0.24544737095416802,0.3,0.0,1,4273,
44,16,humoral_immunity,Easy,0.2,False,True,0.5677517594172827,0.22835208484237124,0.32431977754403135,0.09999999999999998,0.0,0,5151,
44,17,innate_immunity,Easy,0.2,False,True,0.598968862288326,0.27112751767635535,0.27613620994915905,0.39999999999999997,0.0,0,4224,
44,18,humoral_immunity,Easy,0.2,,True,0.6782887471925152,0.6354552277677173,0.4027953068088465,0.0,0.0,0,3475,
44,19,tolerance_autoimmunity,Hard,0.8,,False,0.09451709880168066,0.18483913618334066,0.45061458933350534,0.0,0.0,1,5496,
44,20,tolerance_autoimmunity,Easy,0.2,True,True,0.8181238151696711,0.8479895962755439,0.5025013175170094,0.0,0.0,0,1891,
44,21,innate_immunity,Easy,0.2,True,True,0.6122588706297051,0.9003825025322041,0.2883457143638955,0.19999999999999996,0.0,0,3887,
44,22,antigen_recognition,Medium,0.5,False,False,0.46597394996282965,0.15919260913349972,0.49146658235590573,0.0,0.0,2,4631,
44,23,antigen_recognition,Hard,0.8,False,False,0.13573200547714348,0.15250716226611388,0.5052673357509181,0.0,0.0,3,4754,
44,24,antigen_recognition,Easy,0.2,True,True,0.8619526997371433,0.8169684162372474,0.5321197834322915,0.0,0.0,0,5659,
44,25,humoral_immunity,Easy,0.2,False,False,0.7714949544968176,0.1725373327627691,0.4374758796745569,0.0,0.0,3,4356,
44,26,humoral_immunity,Medium,0.5,False,True,0.407298462768065,0.23922994179732476,0.5028091195706536,0.0,0.0,0,3996,
44,27,humoral_immunity,Medium,0.5,,True,0.5042135796064515,0.6480417670612872,0.5605543608706163,0.0,0.0,0,2442,
44,28,humoral_immunity,Medium,0.5,False,True,0.5898453657318893,0.5824534154027374,0.6115928965087386,0.0,0.0,0,5091,
44,29,humoral_immunity,Medium,0.5,True,True,0.6614040418841831,0.970937769116024,0.6499370483769329,0.0,0.15,0,4000,
44,30,cell_mediated_immunity,Hard,0.8,False,False,0.10421536041996635,0.1757345335607056,0.44481115796878823,0.0,0.0,3,5035,
44,31,cell_mediated_immunity,Medium,0.5,False,True,0.4179649596734332,0.24102112949305038,0.45147342407316277,0.0,0.0,0,3922,
44,32,cell_mediated_immunity,Easy,0.2,True,False,0.8188893120249467,0.27882209838896554,0.4547645835287238,0.0,0.0,3,5027,
44,33,cell_mediated_immunity,Medium,0.5,,True,0.4325603615487463,0.6897574547738404,0.4613074085263791,0.0,0.0,0,2824,
44,34,cell_mediated_immunity,Easy,0.2,,True,0.8274761005850519,0.9227608397054633,0.46777171962406255,0.0,0.0,0,4378,
44,35,,,,,,,,,,,,,all_kcs_mastered
45,0,innate_immunity,Easy,0.2,True,False,0.4053797848741739,0.2,0.20554441121329797,0.0,0.0,3,3625,
45,1,antigen_recognition,Easy,0.2,True,False,0.9364434177467047,0.2,0.6630360369612283,0.0,0.0,1,2885,
45,2,cell_mediated_immunity,Easy,0.2,,True,0.6668578765167016,0.43333333333333335,0.41193186800230874,0.0,0.0,0,3639,
45,3,humoral_immunity,Easy,0.2,True,True,0.5939014431383044,0.7384615384615385,0.3474344458617712,0.0,0.0,0,4448,
45,4,tolerance_autoimmunity,Easy,0.2,True,True,0.5373622430871343,0.7384615384615385,0.2928621583170143,0.0,0.0,0,4347,
45,5,innate_immunity,Medium,0.5,,False,0.14594901653325731,0.17575757575757575,0.269364055822465,0.0,0.0,3,4592,
45,6,innate_immunity,Hard,0.8,False,False,0.05,0.15282262681781747,0.269364055822465,0.0,0.0,3,5482,
45,7,innate_immunity,Easy,0.2,True,False,0.6025698351672684,0.22830369564783892,0.31925304636026164,0.15,0.0,3,4055,
45,8,antigen_recognition,Medium,0.5,False,False,0.7267541324005223,0.15330739299610896,0.6770997797873972,0.0,0.0,2,5974,
45,9,antigen_recognition,Hard,0.8,True,False,0.3235726644229395,0.22856993900213754,0.6905765492752396,0.0,0.0,3,3751,
45,10,innate_immunity,Medium,0.5,False,False,0.2526588297321591,0.1539111324908805,0.35753274441297156,0.3,0.0,2,5673,
45,11,innate_immunity,Hard,0.8,False,False,0.0656935628072275,0.15240913062600212,0.3859183683255244,0.44999999999999996,0.0,1,3850,
45,12,innate_immunity,Easy,0.2,True,True,0.753154957114918,0.8168594327609091,0.42538234546673565,0.6,0.0,0,3320,
45,13,antigen_recognition,Easy,0.2,True,True,0.9499534445124213,0.8785705493071088,0.7125308498284199,0.15,0.0,0,3533,
45,14,cell_mediated_immunity,Medium,0.5,False,False,0.370888088441158,0.1600363306085377,0.4532931767165181,0.0,0.0,3,2908,
45,15,cell_mediated_immunity,Hard,0.8,True,False,0.11103218276135506,0.2322781487675949,0.49174537037166,0.0,0.0,1,3731,
45,16,cell_mediated_immunity,Easy,0.2,,True,0.8520123530937914,0.6400589605410149,0.563240748194876,0.0,0.0,0,3769,
45,17,cell_mediated_immunity,Easy,0.2,False,False,0.8983883725708242,0.17297869388268244,0.5893519983630866,0.15,0.0,1,4770,
45,18,cell_mediated_immunity,Easy,0.2,True,True,0.9118239853931259,0.837645702063551,0.6471172056389136,0.0,0.0,0,5105,
45,19,humoral_immunity,Hard,0.8,,False,0.06207111860277858,0.3717391304347826,0.3846766413144433,0.0,0.0,2,4806,
45,20,humoral_immunity,Medium,0.5,False,False,0.33360161581521575,0.15778646809878397,0.41979340873411625,0.0,0.0,2,2910,
45,21,humoral_immunity,Easy,0.2,True,True,0.7889754041806597,0.8226870357236922,0.4860186856823861,0.0,0.0,0,5340,
45,22,tolerance_autoimmunity,Hard,0.8,False,False,0.05,0.18011187072715973,0.29056677503821776,0.0,0.0,3,2875,
45,23,tolerance_autoimmunity,Medium,0.5,False,False,0.22155985065334963,0.15290762595227023,0.32164613336404746,0.0,0.0,1,4542,
45,24,tolerance_autoimmunity,Easy,0.2,False,False,0.6747782366485678,0.15239063978910927,0.3469062731889374,0.15,0.0,3,3514,
45,25,tolerance_autoimmunity,Easy,0.2,True,False,0.707120046637744,0.22806654162213286,0.36693411128448783,0.3,0.0,2,3745,
45,26,tolerance_autoimmunity,Medium,0.5,True,False,0.31036887745237485,0.27113062100842816,0.3821877031643579,0.44999999999999996,0.0,1,3048,
45,27,tolerance_autoimmunity,Hard,0.8,False,False,0.07537770512166292,0.15491191528575923,0.3930139284246666,0.6,0.0,3,1550,
45,28,tolerance_autoimmunity,Easy,0.2,,True,0.7609843152419113,0.5342181712060861,0.4063095684888134,0.75,0.0,0,4518,
45,29,tolerance_autoimmunity,Easy,0.2,True,True,0.7751908454462779,0.9649127004756808,0.4297175021824911,0.55,0.0,0,4555,
45,30,innate_immunity,Easy,0.2,True,True,0.7826536316910282,0.9880548235099466,0.47006698121111207,0.39999999999999997,0.0,0,3978,
45,31,cell_mediated_immunity,Medium,0.5,True,True,0.6532466678522354,0.9893616648324548,0.6610425513031413,0.0,0.0,0,3403,
45,32,,,,,,,,,,,,,all_kcs_mastered
46,0,innate_immunity,Easy,0.2,False,False,0.5303185031959499,0.151473136915078,0.26161007788389556,0.0,0.0,1,3536,
46,1,antigen_recognition,Easy,0.2,False,False,0.37454730335068587,0.151473136915078,0.12340507477609029,0.0,0.0,2,4807,
46,2,cell_mediated_immunity,Easy,0.2,False,True,0.6476662174500389,0.2,0.3985972107675583,0.0,0.0,0,3116,
46,3,humoral_immunity,Easy,0.2,True,True,0.8540807907123044,0.7384615384615385,0.533211476644241,0.0,0.0,0,4077,
46,4,tolerance_autoimmunity,Easy,0.2,False,False,0.8375517192102033,0.151473136915078,0.5010844848147518,0.0,0.0,3,3880,
46,5,innate_immunity,Medium,0.5,False,False,0.193045786619085,0.15236428212260275,0.30078781511574937,0.0,0.0,1,3195,
46,6,antigen_recognition,Medium,0.5,False,False,0.09452720540118052,0.15236428212260275,0.13218100133391042,0.0,0.0,1,3542,
46,7,tolerance_autoimmunity,Medium,0.5,False,True,0.5016267214825346,0.2275631655878054,0.5536253617717569,0.0,0.0,0,4219,
46,8,innate_immunity,Hard,0.8,False,False,0.05,0.15238064594829565,0.30078781511574937,0.0,0.0,1,5059,
46,9,antigen_recognition,Hard,0.8,,False,0.05,0.1686789605945943,0.13218100133391042,0.0,0.0,1,6123,
46,10,innate_immunity,Easy,0.2,True,True,0.6467369982528399,0.8168277462426223,0.363856169284696,0.15,0.0,0,4015,
46,11,antigen_recognition,Easy,0.2,False,False,0.39965231830265435,0.1526863116330173,0.13956585862869214,0.15,0.0,2,3286,
46,12,antigen_recognition,Medium,0.5,False,False,0.10315920846992953,0.15238656758822003,0.14559575297403163,0.3,0.0,3,3173,
46,13,antigen_recognition,Hard,0.8,False,False,0.05,0.15238105560234544,0.14559575297403163,0.44999999999999996,0.0,3,3686,
46,14,antigen_recognition,Easy,0.2,False,True,0.4191106117407308,0.2280612811447167,0.1524387667372466,0.6,0.0,0,4568,
46,15,cell_mediated_immunity,Medium,0.5,False,False,0.3524204465197036,0.15330739299610896,0.4404097341133908,0.0,0.0,2,3283,
46,16,cell_mediated_immunity,Hard,0.8,False,True,0.10362858952160879,0.22856993900213754,0.5182207502090983,0.0,0.0,0,4147,
46,17,tolerance_autoimmunity,Hard,0.8,False,False,0.185692220200466,0.15389478410989638,0.5771292559482787,0.0,0.0,2,4227,
46,18,tolerance_autoimmunity,Medium,0.5,,True,0.6136724034617564,0.5325785808518971,0.6216618452458658,0.0,0.0,0,4696,
46,19,antigen_recognition,Easy,0.2,True,True,0.4291383807179669,0.878269751257387,0.162621077753208,0.39999999999999997,0.0,0,2887,
46,20,cell_mediated_immunity,Easy,0.2,,False,0.8709432400664163,0.1803568955657689,0.5517164480842772,0.0,0.0,2,4506,
46,21,cell_mediated_immunity,Hard,0.8,,False,0.18396656316162655,0.17275373979121017,0.5782083214065786,0.15,0.0,2,4366,
46,22,cell_mediated_immunity,Easy,0.2,,True,0.9062981097097187,0.5617956934465543,0.6368584464942059,0.0,0.0,0,2644,
46,23,tolerance_autoimmunity,Medium,0.5,False,True,0.6747989243845679,0.48199501019939717,0.6615047000620695,0.0,0.0,0,2709,
46,24,tolerance_autoimmunity,Easy,0.2,,True,0.9409790383486862,0.8361343121956123,0.6971516971252092,0.0,0.0,0,2010,
46,25,cell_mediated_immunity,Hard,0.8,False,True,0.2731201631741056,0.5061435204442054,0.687353272775879,0.0,0.0,0,4442,
46,26,cell_mediated_immunity,Easy,0.2,True,True,0.9490259583954205,0.9609263948331178,0.7308267943993517,0.0,0.0,0,4238,
46,27,humoral_immunity,Hard,0.8,True,False,0.16787945275304061,0.6339622641509434,0.5510868825330165,0.0,0.0,3,3522,
46,28,humoral_immunity,Medium,0.5,True,True,0.5760359224416016,0.9764361246070306,0.5854686369336152,0.0,0.0,0,4406,
46,29,,,,,,,,,,,,,all_kcs_mastered
47,0,innate_immunity,Easy,0.2,False,False,0.35339465014125926,0.151473136915078,0.14615724594990923,0.0,0.0,3,3646,
47,1,antigen_recognition,Easy,0.2,True,False,0.6007445588523265,0.2,0.28986802360239433,0.0,0.0,2,4280,
47,2,cell_mediated_immunity,Easy,0.2,True,True,0.8619999688889605,0.7384615384615385,0.5678009940006764,0.0,0.0,0,4536,
47,3,humoral_immunity,Easy,0.2,False,False,0.3746930237958871,0.151473136915078,0.13081588187254617,0.0,0.0,2,4898,
47,4,tolerance_autoimmunity,Easy,0.2,False,False,0.4243913260801439,0.151473136915078,0.1901810145395102,0.0,0.0,3,3931,
47,5,innate_immunity,Medium,0.5,False,False,0.10687596380217503,0.15236428212260275,0.19056944921216318,0.0,0.0,1,3647,
47,6,humoral_immunity,Medium,0.5,False,False,0.09840225787328696,0.15236428212260275,0.14669230503248468,0.0,0.0,1,4648,
47,7,tolerance_autoimmunity,Medium,0.5,True,False,0.13482969449224663,0.22756316558780537,0.22918385447060943,0.0,0.0,1,2686,
47,8,innate_immunity,Hard,0.8,,False,0.05,0.1686789605945943,0.19056944921216318,0.0,0.0,3,5291,
47,9,humoral_immunity,Hard,0.8,False,False,0.05,0.15238064594829565,0.14669230503248468,0.0,0.0,1,4121,
47,10,humoral_immunity,Easy,0.2,False,False,0.42071323790595083,0.15238094674800115,0.15994076724334969,0.15,0.0,3,3360,
47,11,humoral_immunity,Medium,0.5,False,False,0.11503054825317026,0.1523809522774055,0.1706818690494592,0.3,0.0,2,4042,
47,12,humoral_immunity,Hard,0.8,,False,0.05,0.16868131866667121,0.1706818690494592,0.44999999999999996,0.0,1,3670,
47,13,innate_immunity,Easy,0.2,True,True,0.4858579467996484,0.8336210882048541,0.262143061287894,0.15,0.0,0,3950,
47,14,humoral_immunity,Easy,0.2,,True,0.45613585592628636,0.5556918293093399,0.18280045732697706,0.6,0.0,0,5491,
47,15,antigen_recognition,Medium,0.5,,False,0.2208376083277532,0.17575757575757575,0.31099358470744043,0.0,0.0,1,5454,
47,16,antigen_recognition,Hard,0.8,False,False,0.05049634166578325,0.15282262681781747,0.33149068610804255,0.0,0.0,1,2497,
47,17,antigen_recognition,Easy,0.2,,True,0.687604566999827,0.5308420557889004,0.3652991600393959,0.15,0.0,0,4944,
47,18,tolerance_autoimmunity,Hard,0.8,False,False,0.05,0.15389478410989638,0.22918385447060943,0.0,0.0,3,3971,
47,19,tolerance_autoimmunity,Easy,0.2,True,True,0.5436642724398065,0.8184999256336875,0.29229528156267787,0.15,0.0,0,3554,
47,20,antigen_recognition,Easy,0.2,False,True,0.7294423147818931,0.48058505485754743,0.40306231343527793,0.0,0.0,0,3586,
47,21,antigen_recognition,Easy,0.2,,True,0.7717772560241338,0.8353859609999614,0.43857865122195194,0.0,0.0,0,3823,
47,22,humoral_immunity,Easy,0.2,True,True,0.4742235578225773,0.9677131094463587,0.2007127115548197,0.39999999999999997,0.0,0,4708,
47,23,cell_mediated_immunity,Hard,0.8,False,True,0.17871724454974047,0.6339622641509434,0.6031772759818481,0.0,0.0,0,4360,
47,24,cell_mediated_immunity,Medium,0.5,True,True,0.6500055617824108,0.9764361246070306,0.6532888206510772,0.0,0.0,0,5687,
47,25,,,,,,,,,,,,,all_kcs_mastered
48,0,innate_immunity,Easy,0.2,True,False,0.6853690812291161,0.2,0.3543259130051441,0.0,0.0,2,4671,
48,1,antigen_recognition,Easy,0.2,True,False,0.36160817512486454,0.2,0.15232499867323612,0.0,0.0,3,4075,
48,2,cell_mediated_immunity,Easy,0.2,True,True,0.519161401080852,0.7384615384615385,0.2601105894770396,0.0,0.0,0,4724,
48,3,humoral_immunity,Easy,0.2,,True,0.7068657605710431,0.43333333333333335,0.4260694745680077,0.0,0.0,0,3808,
48,4,tolerance_autoimmunity,Easy,0.2,,False,0.4265395948499074,0.16164383561643833,0.19229766055402037,0.0,0.0,2,3377,
48,5,tolerance_autoimmunity,Medium,0.5,,False,0.13631802557350603,0.17000398883127243,0.2318856083921837,0.0,0.0,1,4733,
48,6,tolerance_autoimmunity,Hard,0.8,,False,0.05,0.1712193807621569,0.2318856083921837,0.0,0.0,2,3749,
48,7,tolerance_autoimmunity,Easy,0.2,False,True,0.5476830642566783,0.23849315400253296,0.2958865660126229,0.15,0.0,0,3005,
48,8,innate_immunity,Medium,0.5,False,False,0.29441341859016623,0.15330739299610896,0.3779918540966886,0.0,0.0,2,2236,
48,9,innate_immunity,Hard,0.8,,False,0.07364175294135032,0.16881249297831702,0.40079036566143394,0.0,0.0,2,5311,
48,10,innate_immunity,Easy,0.2,True,True,0.7693673189817354,0.8337484352714597,0.43812725485790904,0.15,0.0,0,3641,
48,11,antigen_recognition,Medium,0.5,,False,0.1104600985283409,0.17575757575757575,0.19690696074900943,0.0,0.0,2,3142,
48,12,antigen_recognition,Hard,0.8,False,False,0.05,0.15282262681781747,0.19690696074900943,0.0,0.0,1,3203,
48,13,antigen_recognition,Easy,0.2,False,False,0.49536057427740166,0.15238907555132108,0.23280862572519884,0.15,0.0,3,3868,
48,14,antigen_recognition,Medium,0.5,,False,0.1675420639311057,0.16868246777087065,0.2610529737235144,0.3,0.0,1,2625,
48,15,antigen_recognition,Hard,0.8,,False,0.05,0.1710258710376031,0.2610529737235144,0.44999999999999996,0.0,1,4058,
48,16,antigen_recognition,Easy,0.2,True,True,0.5905689405977435,0.8358370702835722,0.2921438594992194,0.6,0.0,0,2977,
48,17,tolerance_autoimmunity,Easy,0.2,True,True,0.6399896898054793,0.8842279369229948,0.3649080471586649,0.0,0.0,0,3742,
48,18,humoral_immunity,Medium,0.5,False,False,0.39088750769566544,0.1600363306085377,0.4609322589570211,0.0,0.0,3,3338,
48,19,humoral_immunity,Hard,0.8,False,True,0.11563753089448178,0.23227814876759492,0.52642242403548,0.0,0.0,0,4808,
48,20,humoral_immunity,Easy,0.2,True,False,0.8763742689753827,0.2736205156045183,0.5551893778578012,0.0,0.0,3,2920,
48,21,humoral_immunity,Hard,0.8,False,False,0.18711538241408476,0.15497365164540622,0.5781559839321375,0.15,0.0,2,4333,
48,22,humoral_immunity,Easy,0.2,,True,0.9062714387373682,0.5343174450611315,0.6294048941269729,0.0,0.0,0,2312,
48,23,humoral_immunity,Hard,0.8,,False,0.2643324678619607,0.25661819479998216,0.6485395806339462,0.15,0.0,1,3605,
48,24,humoral_immunity,Easy,0.2,,True,0.9365076035870452,0.6671127255891658,0.6912377410512139,0.0,0.0,0,2414,
48,25,humoral_immunity,Medium,0.5,,True,0.7590405329632717,0.9151534838980651,0.7287485950107383,0.0,0.0,0,4547,
48,26,cell_mediated_immunity,Hard,0.8,,False,0.05,0.3430278884462152,0.24003053301965802,0.0,0.0,3,3845,
48,27,cell_mediated_immunity,Medium,0.5,True,False,0.17367293632782113,0.34297014619283395,0.2628763872888248,0.0,0.0,3,4222,
48,28,cell_mediated_immunity,Easy,0.2,True,True,0.5932116741384328,0.9265374247957637,0.3071945325987253,0.0,0.0,0,5174,
48,29,,,,,,,,,,,,,all_kcs_mastered
49,0,innate_immunity,Easy,0.2,,True,0.5667265666968618,0.43333333333333335,0.3147660769676448,0.0,0.0,0,3781,
49,1,antigen_recognition,Easy,0.2,,False,0.6027589689767542,0.16164383561643833,0.3075388591170075,0.0,0.0,3,1948,
49,2,cell_mediated_immunity,Easy,0.2,True,False,0.40365084313058,0.2,0.19533430845926533,0.0,0.0,3,2039,
49,3,humoral_immunity,Easy,0.2,False,True,0.8920208604525806,0.2,0.5757322466247861,0.0,0.0,0,3909,
49,4,tolerance_autoimmunity,Easy,0.2,True,False,0.315679147716117,0.2,0.11499286436103115,0.0,0.0,3,2974,
49,5,antigen_recognition,Medium,0.5,False,False,0.23961947668131753,0.15255307234129206,0.3436008134362471,0.0,0.0,3,2090,
49,6,antigen_recognition,Hard,0.8,False,False,0.06074540589924617,0.15238411698161172,0.377784735224066,0.0,0.0,2,3095,
49,7,antigen_recognition,Easy,0.2,True,False,0.743970442866122,0.22806296144035879,0.40532787455821034,0.15,0.0,1,4189,
49,8,cell_mediated_immunity,Medium,0.5,True,False,0.13847740051015525,0.25479452054794516,0.2515000753296617,0.0,0.0,3,2456,
49,9,humoral_immunity,Medium,0.5,True,False,0.6116833139270829,0.25479452054794516,0.5870032940275292,0.0,0.0,1,5221,
49,10,tolerance_autoimmunity,Medium,0.5,False,False,0.09029462784835708,0.15330739299610896,0.15685714710508972,0.0,0.0,3,3717,
49,11,tolerance_autoimmunity,Hard,0.8,,False,0.05,0.16881249297831702,0.15685714710508972,0.0,0.0,1,4198,
49,12,tolerance_autoimmunity,Easy,0.2,,False,0.43564467478705377,0.17104488727924624,0.19075849542300932,0.15,0.0,3,4028,
49,13,tolerance_autoimmunity,Medium,0.5,False,False,0.13523438724980225,0.15273161889508308,0.21755468683672602,0.3,0.0,2,4431,
49,14,tolerance_autoimmunity,Hard,0.8,False,True,0.05,0.22825372575508818,0.21755468683672602,0.44999999999999996,0.0,0,5423,
49,15,antigen_recognition,Medium,0.5,False,False,0.3616908807127839,0.15390581452804292,0.4270063867945546,0.3,0.0,2,5281,
49,16,antigen_recognition,Hard,0.8,True,False,0.0963929361764496,0.22889877116429003,0.44341856873021546,0.44999999999999996,0.0,2,3786,
49,17,tolerance_autoimmunity,Hard,0.8,,False,0.05,0.18030441754690774,0.21755468683672602,0.6,0.0,1,3798,
49,18,tolerance_autoimmunity,Hard,0.8,False,False,0.05,0.1529114050651446,0.21755468683672602,0.75,0.0,2,3513,
49,19,tolerance_autoimmunity,Easy,0.2,True,False,0.5263077132413919,0.22835244539753402,0.22495722869270343,0.9,0.0,3,3549,
49,20,tolerance_autoimmunity,Medium,0.5,True,False,0.16107426860693935,0.2712993242856925,0.23228973673927894,1.0,0.0,1,4957,
49,21,antigen_recognition,Easy,0.2,True,True,0.8116108815146814,0.8787644264174934,0.4666070631763227,0.6,0.0,0,2976,
49,22,cell_mediated_immunity,Hard,0.8,False,False,0.05,0.15422039513430125,0.2515000753296617,0.0,0.0,3,3301,
49,23,cell_mediated_immunity,Easy,0.2,True,True,0.5766412640671369,0.8188563140909555,0.3403172370565152,0.15,0.0,0,2802,
49,24,humoral_immunity,Hard,0.8,False,False,0.21335584462778678,0.15422039513430125,0.5936213369460223,0.0,0.0,2,3331,
49,25,humoral_immunity,Easy,0.2,,True,0.9138619297552186,0.5331042828259749,0.6152129527985426,0.0,0.0,0,3442,
49,26,tolerance_autoimmunity,Hard,0.8,False,False,0.05,0.1549160852041563,0.23228973673927894,1.0,0.0,1,3975,
49,27,tolerance_autoimmunity,Easy,0.2,True,False,0.5482836739020904,0.2294543332251247,0.23955287355081614,1.0,0.0,3,3382,
49,28,tolerance_autoimmunity,Medium,0.5,False,False,0.1732620255909463,0.15393659573546598,0.2467472954332093,1.0,0.0,3,3895,
49,29,tolerance_autoimmunity,Hard,0.8,True,False,0.05,0.22891569040592025,0.2467472954332093,1.0,0.0,3,3644,
49,30,tolerance_autoimmunity,Easy,0.2,,True,0.5696648232445769,0.6361204340606651,0.2610000095331666,1.0,0.0,0,1758,
49,31,innate_immunity,Medium,0.5,True,False,0.22148959199463672,0.37558388679790633,0.3233857550165007,0.0,0.0,1,4549,
49,32,innate_immunity,Hard,0.8,False,False,0.05418281695754976,0.15791423970385557,0.35474826012715466,0.0,0.0,1,2936,
49,33,innate_immunity,Easy,0.2,False,True,0.7167687496690567,0.23110616650412819,0.4145658331074989,0.0,0.0,0,3639,
49,34,innate_immunity,Easy,0.2,True,True,0.7837059393062584,0.8800542296458687,0.46883806336941214,0.0,0.0,0,4488,
49,35,humoral_immunity,Easy,0.2,,True,0.9235280889110992,0.8615212646102258,0.6356573679796024,0.0,0.0,0,3608,
49,36,tolerance_autoimmunity,Easy,0.2,,True,0.5904920988079215,0.9041360128530433,0.2749830400886991,0.8,0.0,0,5473,
49,37,,,,,,,,,,,,,all_kcs_mastered
