learner_id,encounter_idx,kc,tier,difficulty,quiz_outcome,combat_outcome,success_prob_true,model_mastery,true_skill,frustration,boredom,retries,latency_ms,event
0,0,innate_immunity,Easy,0.2,,True,0.6025866106724274,0.43333333333333335,0.3325799218475947,0.0,0.0,0,3814,
0,1,antigen_recognition,Easy,0.2,True,False,0.5877698861593555,0.2,0.30432237440383064,0.0,0.0,2,4648,
0,2,cell_mediated_immunity,Medium,0.5,,False,0.31422915946708496,0.16164383561643833,0.41123777234143805,0.0,0.0,1,5693,
0,3,humoral_immunity,Medium,0.5,False,False,0.2534018253565225,0.151473136915078,0.33944365116145603,0.0,0.0,2,3350,
0,4,tolerance_autoimmunity,Hard,0.8,False,False,0.3013548291678562,0.151473136915078,0.6753552793852279,0.0,0.0,2,3682,
0,5,innate_immunity,Easy,0.2,False,True,0.6890066795194496,0.40565552699228785,0.39031650117328176,0.0,0.0,0,6083,
0,6,antigen_recognition,Easy,0.2,True,True,0.6515669942679492,0.8597938144329896,0.3892014390046736,0.0,0.0,0,3225,
0,7,cell_mediated_immunity,Medium,0.5,,False,0.36991689153433915,0.17000398883127243,0.4498375265590002,0.0,0.0,3,4425,
0,8,humoral_immunity,Medium,0.5,False,False,0.27621035106896574,0.15236428212260275,0.35841792828246444,0.0,0.0,1,3753,
0,9,tolerance_autoimmunity,Hard,0.8,False,True,0.3212859597221473,0.2275631655878054,0.704938473479459,0.0,0.0,0,4923,
0,10,innate_immunity,Easy,0.2,True,True,0.7580281283490007,0.9426495265054792,0.44305845612168093,0.0,0.0,0,4971,
0,11,antigen_recognition,Easy,0.2,True,True,0.756798852677403,0.9932097858967958,0.4637244775635116,0.0,0.0,0,3799,
0,12,cell_mediated_immunity,Medium,0.5,,False,0.425319192601374,0.1712193807621569,0.48590664794099225,0.0,0.0,2,2664,
0,13,humoral_immunity,Medium,0.5,True,False,0.2995393426910348,0.22805207479018869,0.37684717515299104,0.0,0.0,2,3713,
0,14,tolerance_autoimmunity,Hard,0.8,False,False,0.36115164767425545,0.15389478410989638,0.7183821888004223,0.0,0.0,1,3494,
0,15,innate_immunity,Easy,0.2,,True,0.8112802946538819,0.9886613623782888,0.4840109470317231,0.0,0.15,0,3836,
0,16,antigen_recognition,Easy,0.2,,True,0.8295366345994014,0.9987105942932053,0.5291550204442458,0.0,0.0,0,5715,
0,17,cell_mediated_immunity,Medium,0.5,,True,0.4788725595711387,0.5595087252038737,0.5432041262329865,0.15,0.0,0,5005,
0,18,humoral_immunity,Medium,0.5,False,False,0.3232410225629061,0.15390557411223033,0.3920620667318092,0.15,0.0,1,3109,
0,19,tolerance_autoimmunity,Hard,0.8,False,False,0.3799626246849571,0.15240882904207578,0.7292886979226608,0.15,0.0,3,3889,
0,20,innate_immunity,Easy,0.2,False,True,0.8460649907238361,0.98301584099055,0.5152566507559079,0.0,0.3,0,4575,
0,21,antigen_recognition,Easy,0.2,True,True,0.8781396718272422,0.9999458103755711,0.5779853234054485,0.0,0.15,0,2997,
0,22,cell_mediated_immunity,Medium,0.5,True,False,0.5644457104597244,0.5042238078813439,0.5641676754191957,0.3,0.0,2,5630,
0,23,humoral_immunity,Medium,0.5,,False,0.3435243512956379,0.16889731973736594,0.40428604730052264,0.3,0.0,3,5031,
0,24,tolerance_autoimmunity,Hard,0.8,False,True,0.39549595247858554,0.22807652529654518,0.7539572185679079,0.0,0.0,0,3415,
0,25,innate_immunity,Easy,0.2,,True,0.8689310098087663,0.9967489348254233,0.5383202100700643,0.0,0.44999999999999996,0,4860,
0,26,antigen_recognition,Easy,0.2,,True,0.9061844235128376,0.9999897637506201,0.6140280920319849,0.0,0.3,0,3750,
0,27,cell_mediated_immunity,Medium,0.5,True,True,0.5950799322798582,0.9606391156106238,0.6156000460324121,0.09999999999999998,0.0,0,3478,
0,28,humoral_immunity,Medium,0.5,False,False,0.36024896840877046,0.1526904825863751,0.4136974819249648,0.44999999999999996,0.0,3,4841,
0,29,tolerance_autoimmunity,Hard,0.8,,True,0.431371736627142,0.6351294621209426,0.7763778245300393,0.0,0.0,0,4141,
0,30,innate_immunity,Easy,0.2,False,True,0.8839029980386378,0.9950996702960521,0.5542956430466367,0.0,0.6,0,3428,
0,31,antigen_recognition,Easy,0.2,True,True,0.9230244974114687,0.999999570326092,0.6399287582570186,0.0,0.44999999999999996,0,4252,
0,32,cell_mediated_immunity,Medium,0.5,True,True,0.6667673469807597,0.9982835916426595,0.6660032242505498,0.0,0.0,0,1824,
0,33,humoral_immunity,Medium,0.5,True,False,0.37336327617237103,0.2282311403633303,0.420434025430609,0.6,0.0,3,4853,
0,34,tolerance_autoimmunity,Hard,0.8,True,False,0.46462593392636864,0.5705211143325616,0.7865665905881698,0.0,0.0,2,4753,
0,35,innate_immunity,Easy,0.2,True,True,0.8933831382704812,0.9997933444769299,0.5639347915392469,0.0,0.75,0,2526,
0,36,antigen_recognition,Easy,0.2,True,True,0.9333653843056431,0.9999999819642977,0.6575015586831454,0.0,0.6,0,3711,
0,37,cell_mediated_immunity,Medium,0.5,True,True,0.7302752149782724,0.9999278354823937,0.7097974516915925,0.0,0.0,0,2014,
0,38,humoral_immunity,Medium,0.5,,True,0.3828672462107094,0.6353122905910028,0.42875795224678653,0.75,0.0,0,4608,
0,39,tolerance_autoimmunity,Hard,0.8,,False,0.4798607874566792,0.271043513653735,0.7962911318726652,0.0,0.0,2,4015,
0,40,innate_immunity,Easy,0.2,True,True,0.8987678839942259,0.9999913238662074,0.5714793393656062,0.0,0.9,0,5228,
0,41,antigen_recognition,Easy,0.2,True,True,0.939630877205217,0.9999999992429458,0.6679485481566493,0.0,0.75,0,3444,
0,42,cell_mediated_immunity,Medium,0.5,True,True,0.778816831460452,0.9999969706642855,0.7421415272284296,0.0,0.15,0,2796,
0,43,humoral_immunity,Medium,0.5,,True,0.39473486583699935,0.903838806153159,0.44352582851149863,0.55,0.0,0,5786,
0,44,tolerance_autoimmunity,Hard,0.8,,True,0.49443692737902367,0.6820299783098032,0.8148540672967038,0.0,0.0,0,5174,
0,45,innate_immunity,Easy,0.2,,True,0.902812784977743,0.999998361163669,0.578893355792533,0.0,1.0,0,4583,
0,46,antigen_recognition,Easy,0.2,True,True,0.9430900345315771,0.9999999999682224,0.6760512139877266,0.0,0.9,0,2022,
0,47,cell_mediated_immunity,Medium,0.5,True,True,0.8104365357500517,0.9999998728423323,0.7658091174474458,0.0,0.3,0,3392,
0,48,humoral_immunity,Medium,0.5,,False,0.4160900605979931,0.6091775532636543,0.45391578517968695,0.35000000000000003,0.0,3,3258,
0,49,tolerance_autoimmunity,Hard,0.8,False,True,0.5222663641226978,0.6147805868007254,0.8317254584363688,0.0,0.0,0,3060,
0,50,innate_immunity,Easy,0.2,True,True,0.9066465736031888,0.999999931209232,0.5861790991987439,0.0,1.0,0,3431,
0,51,antigen_recognition,Easy,0.2,,True,0.945643800053889,0.9999999999939976,0.6839561598774947,0.0,1.0,0,5262,
0,52,cell_mediated_immunity,Medium,0.5,True,True,0.8312980301333044,0.9999999946625171,0.78269824703159,0.0,0.44999999999999996,0,3051,
0,53,humoral_immunity,Medium,0.5,False,False,0.4313107584528844,0.17020937773399175,0.46724897053985115,0.15000000000000002,0.0,3,5499,
0,54,tolerance_autoimmunity,Hard,0.8,True,True,0.547445013207433,0.9744878390000551,0.8470594469724144,0.0,0.0,0,2165,
0,55,innate_immunity,Easy,0.2,True,True,0.9102813116455887,0.9999999971124861,0.5933387888897942,0.0,1.0,0,4402,
0,56,antigen_recognition,Easy,0.2,,True,0.9480308592940893,0.9999999999988662,0.6916682105559877,0.0,1.0,0,3889,
0,57,cell_mediated_immunity,Medium,0.5,,False,0.8450364038587937,0.9999999637051176,0.7933831133429657,0.0,0.24999999999999994,3,3155,
0,58,humoral_immunity,Medium,0.5,True,False,0.4510309315552765,0.23792914331522558,0.4779611466942054,0.30000000000000004,0.0,3,3817,
0,59,tolerance_autoimmunity,Hard,0.8,False,True,0.5701239009407455,0.9621983797286341,0.8589056262296877,0.0,0.15,0,3794,
1,0,innate_immunity,Easy,0.2,False,True,0.7670278216581807,0.2,0.45738638836336665,0.0,0.0,0,5471,
1,1,antigen_recognition,Easy,0.2,,False,0.3261202347642164,0.16164383561643833,0.12714921192864626,0.0,0.0,3,4032,
1,2,cell_mediated_immunity,Medium,0.5,True,True,0.2220926449358191,0.7384615384615385,0.32280703608249756,0.0,0.0,0,2028,
1,3,humoral_immunity,Medium,0.5,False,False,0.1190138616385967,0.151473136915078,0.1917023560069404,0.0,0.0,3,4921,
1,4,tolerance_autoimmunity,Hard,0.8,False,False,0.05573096117744023,0.151473136915078,0.35934702306180566,0.0,0.0,1,1692,
1,5,innate_immunity,Easy,0.2,,True,0.8240916067277767,0.5999999999999999,0.5104259050872495,0.0,0.0,0,4077,
1,6,antigen_recognition,Easy,0.2,,False,0.3924310703350017,0.17000398883127243,0.17274911799640946,0.0,0.0,3,3518,
1,7,cell_mediated_immunity,Medium,0.5,,False,0.2567064607808668,0.3717391304347826,0.33796005172022464,0.0,0.0,1,5214,
1,8,humoral_immunity,Medium,0.5,,False,0.135898040993304,0.1685530193297038,0.2162683469857079,0.0,0.0,2,4197,
1,9,tolerance_autoimmunity,Hard,0.8,False,False,0.06636486981148872,0.15236428212260275,0.38890976702602964,0.0,0.0,1,5096,
1,10,innate_immunity,Easy,0.2,True,True,0.8655945263274681,0.9729083665338645,0.5582809032624401,0.0,0.0,0,4187,
1,11,antigen_recognition,Easy,0.2,,False,0.45921449976549705,0.1712193807621569,0.2159667710355842,0.0,0.0,2,2391,
1,12,cell_mediated_immunity,Medium,0.5,False,False,0.27443430970536525,0.15778646809878397,0.3527740002158643,0.0,0.0,2,5309,
1,13,humoral_immunity,Medium,0.5,False,False,0.15415338574507187,0.15268390696295708,0.24008772201519762,0.0,0.0,3,3227,
1,14,tolerance_autoimmunity,Hard,0.8,,False,0.07823729288835043,0.1686789605945943,0.4171083468293828,0.0,0.0,1,4759,
1,15,innate_immunity,Easy,0.2,,True,0.8956393768705103,0.9947725422809081,0.5949815718022582,0.0,0.15,0,1819,
1,16,antigen_recognition,Easy,0.2,,False,0.523931855950014,0.1713978147185276,0.2507826476675027,0.15,0.0,3,4744,
1,17,cell_mediated_immunity,Medium,0.5,True,False,0.292482816543965,0.2310356757783195,0.3650840983498833,0.15,0.0,2,3159,
1,18,humoral_immunity,Medium,0.5,False,False,0.17372218522061234,0.15238652335356928,0.25971885487659835,0.15,0.0,2,2098,
1,19,tolerance_autoimmunity,Hard,0.8,False,False,0.09134267752063122,0.1526863116330173,0.4399711067377697,0.15,0.0,3,4115,
1,20,innate_immunity,Easy,0.2,True,True,0.91450221578746,0.9997794800163022,0.6226944541639015,0.0,0.3,0,4408,
1,21,antigen_recognition,Easy,0.2,True,True,0.5755900619161533,0.836183988956016,0.305580028732673,0.3,0.0,0,3892,
1,22,cell_mediated_immunity,Medium,0.5,False,False,0.307998031211568,0.15397171215905295,0.3750290088396244,0.3,0.0,3,4286,
1,23,humoral_immunity,Medium,0.5,,True,0.19128426287574027,0.5301332868488746,0.2912171972201683,0.3,0.0,0,3894,
1,24,tolerance_autoimmunity,Hard,0.8,,True,0.10338438060554375,0.5306206635992877,0.47615042367232085,0.3,0.0,0,2810,
1,25,innate_immunity,Easy,0.2,True,True,0.9266386684506335,0.9999907416647967,0.6429789749694427,0.0,0.44999999999999996,0,4412,
1,26,antigen_recognition,Easy,0.2,True,True,0.6532781613669683,0.9918554517563323,0.37088085060213166,0.09999999999999998,0.0,0,3827,
1,27,cell_mediated_immunity,Medium,0.5,False,False,0.3208592272928828,0.15241024825868124,0.38272047587889646,0.44999999999999996,0.0,3,3403,
1,28,humoral_immunity,Medium,0.5,False,False,0.22223365607959616,0.16472515328278992,0.3030650278276387,0.44999999999999996,0.0,3,3044,
1,29,tolerance_autoimmunity,Hard,0.8,False,False,0.12530796271134537,0.16475349403240813,0.4894455105633789,0.44999999999999996,0.0,2,3817,
1,30,innate_immunity,Easy,0.2,,True,0.9344946357137202,0.9999982511907574,0.656938243385707,0.0,0.6,0,4710,
1,31,antigen_recognition,Easy,0.2,True,True,0.7360007943198594,0.9996554625447311,0.4366143631566938,0.0,0.0,0,4103,
1,32,cell_mediated_immunity,Medium,0.5,False,False,0.3309974623194099,0.15238149092638786,0.38824542771994675,0.6,0.0,2,4870,
1,33,humoral_immunity,Medium,0.5,,True,0.23476286743997654,0.5496565238029778,0.3348371696241837,0.24999999999999994,0.0,0,3365,
1,34,tolerance_autoimmunity,Hard,0.8,,False,0.13431574147191555,0.1704536415361086,0.4988692655098613,0.6,0.0,2,3869,
1,35,innate_immunity,Easy,0.2,True,True,0.9394388687619113,0.9999999265930702,0.6653216627227129,0.0,0.75,0,4474,
1,36,antigen_recognition,Easy,0.2,False,True,0.8052892144526266,0.9994795051020281,0.4866499078349197,0.0,0.15,0,3579,
1,37,cell_mediated_immunity,Medium,0.5,False,False,0.33837874963429,0.1523809622806908,0.39166761574246584,0.75,0.0,2,4671,
1,38,humoral_immunity,Medium,0.5,False,False,0.27071914855823676,0.1659067747368804,0.3540421803046749,0.04999999999999993,0.0,1,4207,
1,39,tolerance_autoimmunity,Hard,0.8,,False,0.14102720850881767,0.17128534313009855,0.5046503982485002,0.75,0.0,2,3341,
1,40,innate_immunity,Easy,0.2,True,True,0.9422381741488702,0.9999999969187212,0.6718645053224769,0.0,0.9,0,3927,
1,41,antigen_recognition,Easy,0.2,True,True,0.8481158840299549,0.9999781412504888,0.5241960758896689,0.0,0.3,0,3783,
1,42,cell_mediated_immunity,Medium,0.5,,True,0.3429908205600225,0.530124239708273,0.3971124863319442,0.9,0.0,0,4300,
1,43,humoral_immunity,Medium,0.5,True,False,0.2940598965636569,0.2355324848509433,0.3697478739577282,0.19999999999999993,0.0,2,2360,
1,44,tolerance_autoimmunity,Hard,0.8,False,False,0.14528166450196814,0.1527362378108905,0.5092219507040421,0.9,0.0,1,3646,
1,45,innate_immunity,Easy,0.2,True,True,0.9443380297997443,0.9999999998706625,0.6782794376737511,0.0,1.0,0,5056,
1,46,antigen_recognition,Easy,0.2,True,True,0.8749197301682194,0.9999990824531767,0.5515389803091625,0.0,0.44999999999999996,0,3577,
1,47,cell_mediated_immunity,Medium,0.5,True,False,0.3503900639528493,0.4800030455771417,0.3998105545072406,1.0,0.0,1,5133,
1,48,humoral_immunity,Medium,0.5,False,True,0.31399394406969666,0.2755514795496923,0.4080574450860499,0.0,0.0,0,4302,
1,49,tolerance_autoimmunity,Hard,0.8,False,False,0.14872094444907108,0.15238748605141134,0.5137513125697866,1.0,0.0,1,4554,
1,50,innate_immunity,Easy,0.2,False,True,0.9463269254640704,0.9999999998045566,0.6845689603764537,0.0,1.0,0,3987,
1,51,antigen_recognition,Easy,0.2,True,True,0.8917974290272026,0.9999999614856553,0.5702819596613528,0.0,0.6,0,1681,
1,52,cell_mediated_immunity,Medium,0.5,,False,0.35408368399133766,0.23793199641515486,0.4024965481715984,1.0,0.0,2,5266,
1,53,humoral_immunity,Medium,0.5,False,True,0.3654804452393748,0.2998079666618196,0.4440383874332963,0.0,0.0,0,4038,
1,54,tolerance_autoimmunity,Hard,0.8,False,False,0.15219447594636187,0.15238107248609753,0.5182388732202153,1.0,0.0,3,3000,
1,55,innate_immunity,Easy,0.2,,True,0.9482117111827376,0.9999999999630829,0.6907355251446624,0.0,1.0,0,3522,
1,56,antigen_recognition,Easy,0.2,True,True,0.9021805962577361,0.9999999983833484,0.5815067317202535,0.0,0.75,0,3173,
1,57,cell_mediated_immunity,Medium,0.5,False,True,0.3577781482078829,0.27697916333945727,0.4078444945511799,0.8,0.0,0,3749,
1,58,humoral_immunity,Medium,0.5,,False,0.41683743806563567,0.19318283455177104,0.46093531650435515,0.0,0.0,3,2504,
1,59,tolerance_autoimmunity,Hard,0.8,,True,0.1557013201214914,0.5301244190003337,0.527131163652376,1.0,0.0,0,2877,
2,0,innate_immunity,Easy,0.2,True,False,0.5382721501874971,0.2,0.25504427163420523,0.0,0.0,1,3963,
2,1,antigen_recognition,Easy,0.2,False,False,0.5100064227841916,0.151473136915078,0.25376714228519187,0.0,0.0,1,3404,
2,2,cell_mediated_immunity,Medium,0.5,False,False,0.09268015150160472,0.151473136915078,0.16164794769787594,0.0,0.0,2,2128,
2,3,humoral_immunity,Medium,0.5,True,True,0.43716949156224977,0.7384615384615385,0.5360105619898515,0.0,0.0,0,2762,
2,4,tolerance_autoimmunity,Hard,0.8,False,False,0.05,0.151473136915078,0.30315605260416745,0.0,0.0,3,2968,
2,5,innate_immunity,Easy,0.2,False,True,0.5818240072612839,0.25479452054794516,0.3117589467885883,0.0,0.0,0,5050,
2,6,antigen_recognition,Easy,0.2,False,True,0.5799584562420729,0.2275631655878054,0.3423661968624896,0.0,0.0,0,2834,
2,7,cell_mediated_immunity,Medium,0.5,False,False,0.11607739778903918,0.15236428212260275,0.20152756229549956,0.0,0.0,3,3849,
2,8,humoral_immunity,Medium,0.5,,True,0.5538066825155252,0.9379828326180258,0.602873291200708,0.0,0.0,0,3026,
2,9,tolerance_autoimmunity,Hard,0.8,False,True,0.05,0.2275631655878054,0.30315605260416745,0.0,0.0,0,4487,
2,10,innate_immunity,Easy,0.2,False,True,0.6616271264931118,0.2871073424551936,0.36415584270403145,0.0,0.0,0,3417,
2,11,antigen_recognition,Easy,0.2,True,True,0.7014468551625809,0.8779741264725345,0.42044602491305755,0.0,0.0,0,4232,
2,12,cell_mediated_immunity,Medium,0.5,False,True,0.14297042634848836,0.22805207479018869,0.2774927203577716,0.0,0.0,0,6466,
2,13,humoral_immunity,Medium,0.5,True,False,0.6495905121584236,0.9105975479380389,0.6314870627843027,0.0,0.0,1,3809,
2,14,tolerance_autoimmunity,Hard,0.8,False,False,0.05,0.15389478410989638,0.30315605260416745,0.0,0.0,2,2458,
2,15,innate_immunity,Easy,0.2,False,True,0.728086341107414,0.3069930050664367,0.41256367884345096,0.0,0.0,0,3304,
2,16,antigen_recognition,Easy,0.2,True,True,0.7896266034882551,0.9942057996039938,0.4892555576726587,0.0,0.0,0,2955,
2,17,cell_mediated_immunity,Medium,0.5,True,True,0.2083263055448131,0.8782642969520611,0.3462306969082861,0.0,0.0,0,3600,
2,18,humoral_immunity,Medium,0.5,True,True,0.6875998971427406,0.9958987493778316,0.6845912473050106,0.0,0.0,0,2626,
2,19,tolerance_autoimmunity,Hard,0.8,False,False,0.05,0.15240882904207578,0.30315605260416745,0.15,0.0,1,2339,
2,20,innate_immunity,Easy,0.2,,True,0.7816626778525225,0.7160458435598281,0.4505777782465933,0.0,0.15,0,3868,
2,21,antigen_recognition,Easy,0.2,,True,0.8501188282751221,0.998900585302585,0.5407994599747867,0.0,0.15,0,3724,
2,22,cell_mediated_immunity,Medium,0.5,,True,0.2844252031875633,0.9746005764485767,0.40842907233173825,0.0,0.0,0,5455,
2,23,humoral_immunity,Medium,0.5,True,True,0.751671603944592,0.9998271749428567,0.7300429069648104,0.0,0.0,0,3871,
2,24,tolerance_autoimmunity,Hard,0.8,False,False,0.05,0.1523814648361199,0.30315605260416745,0.3,0.0,2,3376,
2,25,innate_immunity,Easy,0.2,,True,0.8180909485320887,0.9311608706313359,0.47985765509026834,0.0,0.3,0,4617,
2,26,antigen_recognition,Easy,0.2,,True,0.8854208035055784,0.9997921550510948,0.578963570950207,0.0,0.3,0,2656,
2,27,cell_mediated_immunity,Medium,0.5,,False,0.36599769233159557,0.8533565360191957,0.4365695421233802,0.0,0.0,3,5580,
2,28,humoral_immunity,Medium,0.5,True,False,0.7990323433462914,0.9997388772358607,0.7494938540462471,0.0,0.0,1,3190,
2,29,tolerance_autoimmunity,Hard,0.8,False,False,0.05,0.15238096180108973,0.30315605260416745,0.44999999999999996,0.0,2,1858,
2,30,innate_immunity,Easy,0.2,False,True,0.8427914051173335,0.9012629603877337,0.5016372544023903,0.0,0.44999999999999996,0,3783,
2,31,antigen_recognition,Easy,0.2,True,True,0.9066822249557698,0.9999912739200124,0.6064575174361018,0.0,0.44999999999999996,0,4921,
2,32,cell_mediated_immunity,Medium,0.5,False,True,0.4059863532050319,0.801092079468925,0.4901732506154893,0.0,0.0,0,3160,
2,33,humoral_immunity,Medium,0.5,True,True,0.8171211000512296,0.9999890365699536,0.7855927891306158,0.0,0.0,0,5661,
2,34,tolerance_autoimmunity,Hard,0.8,False,False,0.05,0.15238095255411666,0.30315605260416745,0.6,0.0,3,3391,
2,35,innate_immunity,Easy,0.2,,True,0.859340544484497,0.9797982687425951,0.5168137166534389,0.0,0.6,0,1912,
2,36,antigen_recognition,Easy,0.2,True,True,0.9197344965271084,0.9999996337170609,0.6251473896553117,0.0,0.6,0,5276,
2,37,cell_mediated_immunity,Medium,0.5,True,True,0.4852641445797075,0.9897039461370429,0.5386772036294587,0.0,0.0,0,3897,
2,38,humoral_immunity,Medium,0.5,,True,0.8472970401922341,0.9999979291122214,0.8164897236442439,0.0,0.0,0,5217,
2,39,tolerance_autoimmunity,Hard,0.8,False,True,0.05,0.22806122458484024,0.30315605260416745,0.75,0.0,0,4398,
2,40,innate_immunity,Easy,0.2,,True,0.8699913519854361,0.9961232034272101,0.5260101534535053,0.0,0.75,0,3798,
2,41,antigen_recognition,Easy,0.2,,True,0.927632902787748,0.9999999308132029,0.6362738050024178,0.0,0.75,0,5403,
2,42,cell_mediated_immunity,Medium,0.5,False,True,0.5577568379121054,0.9845651217586637,0.5825665822594407,0.0,0.0,0,3696,
2,43,humoral_immunity,Medium,0.5,True,True,0.8697713197007056,0.9999999130736752,0.8429342866239641,0.0,0.0,0,4691,
2,44,tolerance_autoimmunity,Hard,0.8,,False,0.05,0.18027248826370962,0.30315605260416745,0.9,0.0,2,4981,
2,45,innate_immunity,Easy,0.2,,True,0.8761060210414459,0.999265501479648,0.5332272749950314,0.0,0.9,0,5018,
2,46,antigen_recognition,Easy,0.2,True,True,0.931988446945016,0.9999999970958626,0.6449107329180469,0.0,0.9,0,4327,
2,47,cell_mediated_immunity,Medium,0.5,,False,0.6213775875903078,0.905277084618011,0.6024234953235279,0.0,0.0,3,3706,
2,48,humoral_immunity,Medium,0.5,True,True,0.886713881390592,0.9999999963512404,0.8621730131794398,0.0,0.15,0,3538,
2,49,tolerance_autoimmunity,Hard,0.8,,False,0.05,0.17274109670591198,0.30315605260416745,1.0,0.0,3,3019,
2,50,innate_immunity,Easy,0.2,True,True,0.8807302491149505,0.9999691476559719,0.5403345063274642,0.0,1.0,0,4456,
2,51,antigen_recognition,Easy,0.2,True,False,0.9352005812037256,0.9999999956115256,0.6512346115228463,0.0,0.7,2,4746,
2,52,cell_mediated_immunity,Medium,0.5,True,True,0.648975961976132,0.9956305260593148,0.6402481722859793,0.0,0.0,0,3869,
2,53,humoral_immunity,Medium,0.5,,True,0.8978020580956064,0.9999999993107899,0.8760760062649654,0.0,0.3,0,5112,
2,54,tolerance_autoimmunity,Hard,0.8,False,False,0.05,0.1527642576344959,0.30315605260416745,1.0,0.0,1,5468,
2,55,innate_immunity,Easy,0.2,True,True,0.8851374795259205,0.999998704925354,0.5473335206743989,0.0,1.0,0,5189,
2,56,antigen_recognition,Easy,0.2,,True,0.9374623410577437,0.999999999171066,0.671938794787428,0.0,0.49999999999999994,0,2083,
2,57,cell_mediated_immunity,Medium,0.5,,False,0.6987787310050896,0.9711693991180756,0.6573612266414013,0.0,0.0,2,4900,
2,58,humoral_immunity,Medium,0.5,True,True,0.9052059666722776,0.9999999999710701,0.885897874321386,0.0,0.44999999999999996,0,4531,
2,59,tolerance_autoimmunity,Hard,0.8,,False,0.05,0.16873556092237918,0.30315605260416745,1.0,0.0,3,6062,
3,0,innate_immunity,Easy,0.2,,False,0.3564299363202098,0.16164383561643833,0.14617170854915063,0.0,0.0,3,1852,
3,1,antigen_recognition,Easy,0.2,False,False,0.41259262418875936,0.151473136915078,0.19620474164676802,0.0,0.0,1,4985,
3,2,cell_mediated_immunity,Medium,0.5,True,False,0.14372953184824255,0.2,0.22894950644010673,0.0,0.0,2,3146,
3,3,humoral_immunity,Medium,0.5,,False,0.07172678686781635,0.16164383561643833,0.10631115645685713,0.0,0.0,1,5667,
3,4,tolerance_autoimmunity,Hard,0.8,False,False,0.05,0.151473136915078,0.13963648550989746,0.0,0.0,2,5364,
3,5,innate_immunity,Easy,0.2,False,True,0.4199521683222361,0.23316749585406296,0.23104099594317953,0.0,0.0,0,814,
3,6,antigen_recognition,Easy,0.2,False,False,0.4943073584582127,0.15236428212260275,0.2477533599255613,0.0,0.0,3,4976,
3,7,cell_mediated_immunity,Medium,0.5,,False,0.16433744809677747,0.17575757575757575,0.25446773814408863,0.0,0.0,2,3626,
3,8,humoral_immunity,Medium,0.5,False,False,0.08610619156041584,0.15255307234129206,0.13818696278579526,0.0,0.0,2,3308,
3,9,tolerance_autoimmunity,Hard,0.8,,False,0.05,0.1685530193297038,0.13963648550989746,0.0,0.0,1,4011,
3,10,innate_immunity,Easy,0.2,True,False,0.54642736708432,0.27414760266857496,0.2692576979211798,0.0,0.0,3,3448,
3,11,antigen_recognition,Easy,0.2,,True,0.5711439977451711,0.530097101887864,0.34423881314942484,0.0,0.0,0,4561,
3,12,cell_mediated_immunity,Medium,0.5,,False,0.1864576921129801,0.1720680393912265,0.2791414335242668,0.0,0.0,1,2246,
3,13,humoral_immunity,Medium,0.5,,False,0.10239628662120777,0.16870567050359922,0.1689258331034348,0.0,0.0,2,4209,
3,14,tolerance_autoimmunity,Hard,0.8,False,False,0.05,0.15268390696295708,0.13963648550989746,0.0,0.0,3,2997,
3,15,innate_immunity,Easy,0.2,,True,0.6024170019920477,0.6851394191858801,0.3418924174157982,0.0,0.0,0,1501,
3,16,antigen_recognition,Easy,0.2,,True,0.7037944872742432,0.8601156137434828,0.42834874724449157,0.0,0.0,0,3480,
3,17,cell_mediated_immunity,Medium,0.5,False,False,0.20996251169298857,0.15275129085170952,0.299419976456221,0.15,0.0,1,2456,
3,18,humoral_immunity,Medium,0.5,False,True,0.12063347209950186,0.23709043304106403,0.2193180595999821,0.15,0.0,0,5346,
3,19,tolerance_autoimmunity,Hard,0.8,False,False,0.05,0.15238652335356928,0.13963648550989746,0.15,0.0,2,4218,
3,20,innate_immunity,Easy,0.2,,True,0.70085120348936,0.9212382456090841,0.40730735168510074,0.0,0.0,0,4289,
3,21,antigen_recognition,Easy,0.2,False,True,0.7973950952533528,0.8093605273657072,0.5016704841187787,0.0,0.0,0,4021,
3,22,cell_mediated_immunity,Medium,0.5,False,False,0.230856697350678,0.15238776299439694,0.3156501643130527,0.3,0.0,1,4177,
3,23,humoral_immunity,Medium,0.5,False,True,0.15655442784952175,0.27647806131609576,0.2750082844841406,0.0,0.0,0,4459,
3,24,tolerance_autoimmunity,Hard,0.8,False,False,0.05,0.15238105478919794,0.13963648550989746,0.3,0.0,3,4525,
3,25,innate_immunity,Easy,0.2,True,True,0.7762324284004922,0.9964263864369484,0.46622013685492886,0.0,0.0,0,5586,
3,26,antigen_recognition,Easy,0.2,True,False,0.8593646424847415,0.7491216051548779,0.5336291175198333,0.0,0.0,1,4309,
3,27,cell_mediated_immunity,Medium,0.5,,False,0.24859886799468836,0.16868228209757433,0.3281070251810845,0.44999999999999996,0.0,3,4232,
3,28,humoral_immunity,Medium,0.5,False,True,0.2058784983903783,0.3003810355813643,0.32672582729746885,0.0,0.0,0,4555,
3,29,tolerance_autoimmunity,Hard,0.8,False,False,0.05,0.15238095426345713,0.13963648550989746,0.44999999999999996,0.0,2,4079,
3,30,innate_immunity,Easy,0.2,True,True,0.8316435997746007,0.9998494851478767,0.5113185360347133,0.0,0.15,0,5819,
3,31,antigen_recognition,Easy,0.2,False,True,0.8809832847434854,0.682791095141797,0.5934472723235016,0.0,0.0,0,4449,
3,32,cell_mediated_immunity,Medium,0.5,,False,0.2628209415310761,0.1710258438864345,0.33700165439404145,0.6,0.0,2,3114,
3,33,humoral_immunity,Medium,0.5,False,False,0.26121849022409727,0.15566429829475315,0.3507399540155069,0.0,0.0,1,3797,
3,34,tolerance_autoimmunity,Hard,0.8,,False,0.05,0.16868131894761235,0.13963648550989746,0.6,0.0,3,3421,
3,35,innate_immunity,Easy,0.2,True,False,0.8662164027250971,0.9997725819577417,0.5356056485751814,0.0,0.0,2,4779,
3,36,antigen_recognition,Easy,0.2,True,True,0.9137796817821754,0.9809365990321298,0.6455929677637408,0.0,0.0,0,4772,
3,37,cell_mediated_immunity,Medium,0.5,False,True,0.27329077897803655,0.23838503649403117,0.3479727552128851,0.75,0.0,0,5293,
3,38,humoral_immunity,Medium,0.5,,False,0.28996371582224995,0.1691473160168031,0.373897552582888,0.0,0.0,3,3664,
3,39,tolerance_autoimmunity,Hard,0.8,False,True,0.05,0.23707686047988663,0.13963648550989746,0.75,0.0,0,4222,
3,40,innate_immunity,Easy,0.2,True,True,0.8822211337296336,0.9999904519933256,0.5817657700772052,0.0,0.0,0,3330,
3,41,antigen_recognition,Easy,0.2,,True,0.935448202181374,0.9963449414926008,0.6910502969286223,0.0,0.0,0,3886,
3,42,cell_mediated_immunity,Medium,0.5,False,False,0.2865573287185467,0.15413679199324,0.3522885769259268,0.9,0.0,2,3725,
3,43,humoral_immunity,Medium,0.5,False,False,0.3193817056585667,0.15269526049297708,0.3928794302521842,0.15,0.0,2,1963,
3,44,tolerance_autoimmunity,Hard,0.8,False,False,0.05,0.15410718007779461,0.13963648550989746,0.9,0.0,2,3762,
3,45,innate_immunity,Easy,0.2,,True,0.9080950881846759,0.9999981964742348,0.6233376427976833,0.0,0.0,0,4340,
3,46,antigen_recognition,Easy,0.2,,True,0.95,0.9993076317792147,0.6910502969286223,0.0,0.15,0,3433,
3,47,cell_mediated_immunity,Medium,0.5,True,False,0.2918804699041381,0.22902574248559904,0.35657583186172465,1.0,0.0,3,5033,
3,48,humoral_immunity,Medium,0.5,False,False,0.34463116665773896,0.15238673220743668,0.408037637146666,0.3,0.0,3,6527,
3,49,tolerance_autoimmunity,Hard,0.8,True,False,0.05,0.22900946289222512,0.13963648550989746,1.0,0.0,2,5331,
3,50,innate_immunity,Easy,0.2,True,True,0.9269005785466712,0.9999999242963196,0.6607773319764015,0.0,0.0,0,3824,
3,51,antigen_recognition,Easy,0.2,,True,0.95,0.9998691488716137,0.6910502969286223,0.0,0.3,0,3503,
3,52,cell_mediated_immunity,Medium,0.5,,False,0.29722549026960354,0.18043260356241547,0.36083470910611587,1.0,0.0,1,1869,
3,53,humoral_immunity,Medium,0.5,,False,0.3654528843796201,0.16868213628358608,0.41965029492209277,0.44999999999999996,0.0,2,6206,
3,54,tolerance_autoimmunity,Hard,0.8,,False,0.05,0.1804298982557956,0.13963648550989746,1.0,0.0,3,5284,
3,55,innate_immunity,Easy,0.2,True,True,0.9407361941977863,0.9999999968223144,0.689437834834678,0.0,0.15,0,2894,
3,56,antigen_recognition,Easy,0.2,,True,0.95,0.9999752811600362,0.6910502969286223,0.0,0.44999999999999996,0,4214,
3,57,cell_mediated_immunity,Medium,0.5,,True,0.3025906275734611,0.573014856783584,0.3692960838806104,1.0,0.0,0,4106,
3,58,humoral_immunity,Medium,0.5,,False,0.3817567812228248,0.17102582256393462,0.4279301855957987,0.6,0.0,3,3917,
3,59,tolerance_autoimmunity,Hard,0.8,,False,0.05,0.1727646764065568,0.13963648550989746,1.0,0.0,1,4553,
4,0,innate_immunity,Easy,0.2,,False,0.36117860146480035,0.16164383561643833,0.13655799854613543,0.0,0.0,2,3150,
4,1,antigen_recognition,Easy,0.2,,True,0.6764209369965759,0.43333333333333335,0.4009268188773502,0.0,0.0,0,2643,
4,2,cell_mediated_immunity,Medium,0.5,False,False,0.16742799998249164,0.151473136915078,0.2470965411581231,0.0,0.0,3,3516,
4,3,humoral_immunity,Medium,0.5,,False,0.1844091397413408,0.16164383561643833,0.30184514256725525,0.0,0.0,2,2364,
4,4,tolerance_autoimmunity,Hard,0.8,False,False,0.05,0.151473136915078,0.17901374685796956,0.0,0.0,1,5061,
4,5,innate_immunity,Easy,0.2,,True,0.405969650119935,0.5448818897637795,0.19752678607283242,0.0,0.0,0,3198,
4,6,antigen_recognition,Easy,0.2,True,True,0.7695125615154992,0.9484388938447815,0.469965720638186,0.0,0.0,0,5404,
4,7,cell_mediated_immunity,Medium,0.5,,False,0.1798416406831819,0.1685530193297038,0.2612496506516469,0.0,0.0,3,3244,
4,8,humoral_immunity,Medium,0.5,False,True,0.23345051211244996,0.23316749585406296,0.3945309219081647,0.0,0.0,0,5048,
4,9,tolerance_autoimmunity,Hard,0.8,False,False,0.05,0.15236428212260275,0.17901374685796956,0.0,0.0,1,3217,
4,10,innate_immunity,Easy,0.2,,True,0.4962902471843036,0.8669284940411701,0.25419048646430026,0.0,0.0,0,5312,
4,11,antigen_recognition,Easy,0.2,False,True,0.834766762598592,0.9250895784096976,0.5310483824828729,0.0,0.0,0,5350,
4,12,cell_mediated_immunity,Medium,0.5,True,False,0.19270912802426238,0.23700535667704026,0.2751367094238155,0.0,0.0,2,2251,
4,13,humoral_immunity,Medium,0.5,,False,0.34687263980036553,0.18112401687587895,0.43472141315255863,0.0,0.0,2,3184,
4,14,tolerance_autoimmunity,Hard,0.8,False,False,0.05,0.15238064594829565,0.17901374685796956,0.0,0.0,3,4436,
4,15,innate_immunity,Easy,0.2,False,True,0.5805771069932945,0.8177745172102509,0.30685308764606234,0.0,0.0,0,4230,
4,16,antigen_recognition,Easy,0.2,True,True,0.879350115513144,0.9966145286541536,0.576985205932266,0.0,0.15,0,2480,
4,17,cell_mediated_immunity,Medium,0.5,,False,0.20600450606120535,0.18177034292063546,0.28671881731434123,0.15,0.0,1,5382,
4,18,humoral_immunity,Medium,0.5,True,False,0.40331498087366435,0.24405283228598845,0.46661569343834086,0.15,0.0,3,4015,
4,19,tolerance_autoimmunity,Hard,0.8,False,False,0.05,0.15238094674800115,0.17901374685796956,0.15,0.0,3,5567,
4,20,innate_immunity,Easy,0.2,True,True,0.6550062611240095,0.990748406095665,0.3484555088162104,0.0,0.15,0,2965,
4,21,antigen_recognition,Easy,0.2,,True,0.9056730333828135,0.9993588337959309,0.6111098077537092,0.0,0.3,0,4851,
4,22,cell_mediated_immunity,Medium,0.5,,True,0.2176034914482756,0.5749316564706608,0.3054904210087222,0.3,0.0,0,4227,
4,23,humoral_immunity,Medium,0.5,False,False,0.4500903035292065,0.15426624799226854,0.4913995918320065,0.3,0.0,2,5567,
4,24,tolerance_autoimmunity,Hard,0.8,False,False,0.05,0.1523809522774055,0.17901374685796956,0.3,0.0,2,3101,
4,25,innate_immunity,Easy,0.2,True,True,0.709041425783076,0.9996082158566075,0.3806600046667725,0.0,0.3,0,4317,
4,26,antigen_recognition,Easy,0.2,,True,0.9217711766466996,0.9998788304026808,0.6357590558645357,0.0,0.44999999999999996,0,3793,
4,27,cell_mediated_immunity,Medium,0.5,True,False,0.23738727146082375,0.5172694337014891,0.31267090145436455,0.44999999999999996,0.0,3,3987,
4,28,humoral_immunity,Medium,0.5,False,False,0.48710224964550114,0.15241568438199893,0.5099678318050291,0.44999999999999996,0.0,1,4196,
4,29,tolerance_autoimmunity,Hard,0.8,False,False,0.05,0.15238095237904895,0.17901374685796956,0.44999999999999996,0.0,1,4256,
4,30,innate_immunity,Easy,0.2,True,True,0.7472426501033111,0.9999835486125584,0.4047128358763637,0.0,0.44999999999999996,0,4554,
4,31,antigen_recognition,Easy,0.2,True,True,0.9317924182839373,0.9999949132828363,0.6525495219056413,0.0,0.6,0,3209,
4,32,cell_mediated_immunity,Medium,0.5,False,True,0.2452747821499083,0.4696602906553352,0.332051561502264,0.24999999999999994,0.0,0,4822,
4,33,humoral_immunity,Medium,0.5,True,True,0.5149472925885937,0.8168667219465836,0.5359901464406567,0.6,0.0,0,2953,
4,34,tolerance_autoimmunity,Hard,0.8,False,False,0.05,0.1523809523809174,0.17901374685796956,0.6,0.0,1,2069,
4,35,innate_immunity,Easy,0.2,True,False,0.7735168693765329,0.9999751404437349,0.4204755926245206,0.0,0.24999999999999994,2,3425,
4,36,antigen_recognition,Easy,0.2,True,True,0.9379232809458397,0.9999997864824446,0.6625598178844062,0.0,0.75,0,5307,
4,37,cell_mediated_immunity,Medium,0.5,,False,0.2674320411313128,0.2347154557607895,0.3439798770270682,0.04999999999999993,0.0,2,3713,
4,38,humoral_immunity,Medium,0.5,False,True,0.553776413629846,0.7577680583489107,0.5729508130673888,0.39999999999999997,0.0,0,3799,
4,39,tolerance_autoimmunity,Hard,0.8,False,False,0.05,0.15238095238095173,0.17901374685796956,0.75,0.0,2,2859,
4,40,innate_immunity,Easy,0.2,False,True,0.7896560720701626,0.9999624351746346,0.459350531972272,0.0,0.04999999999999993,0,4062,
4,41,antigen_recognition,Easy,0.2,,True,0.9413296499308931,0.9999999596688995,0.6703373316564565,0.0,0.9,0,4608,
4,42,cell_mediated_immunity,Medium,0.5,True,False,0.28168460105659904,0.27506611833267824,0.353845391147216,0.19999999999999993,0.0,2,6631,
4,43,humoral_immunity,Medium,0.5,,True,0.6077120135374571,0.9436236198984896,0.618306236766136,0.19999999999999996,0.0,0,4221,
4,44,tolerance_autoimmunity,Hard,0.8,,False,0.05,0.16868131868131858,0.17901374685796956,0.9,0.0,3,5638,
4,45,innate_immunity,Easy,0.2,True,True,0.8257934750726088,0.9999984231485521,0.49752650961420003,0.0,0.0,0,4966,
4,46,antigen_recognition,Easy,0.2,True,True,0.9438544206440332,0.9999999983070896,0.677935584855284,0.0,1.0,0,5627,
4,47,cell_mediated_immunity,Medium,0.5,,False,0.29381484897677645,0.18848954973444518,0.3617405773546066,0.3499999999999999,0.0,3,4874,
4,48,humoral_immunity,Medium,0.5,,False,0.6703652347087183,0.7251184159621079,0.6436427244652876,0.0,0.0,2,2728,
4,49,tolerance_autoimmunity,Hard,0.8,False,False,0.05,0.15268635666416167,0.17901374685796956,1.0,0.0,2,3290,
4,50,innate_immunity,Easy,0.2,True,False,0.8563327367370509,0.9999976172051789,0.515266670170176,0.0,0.0,3,3881,
4,51,antigen_recognition,Easy,0.2,True,True,0.9462220385160489,0.9999999999289395,0.6853587091808194,0.0,1.0,0,4388,
4,52,cell_mediated_immunity,Medium,0.5,False,False,0.3037388464981788,0.1530736811607759,0.36773959050024196,0.4999999999999999,0.0,2,4376,
4,53,humoral_immunity,Medium,0.5,False,True,0.7030483524242704,0.6577873494739463,0.6909520734658706,0.0,0.0,0,2918,
4,54,tolerance_autoimmunity,Hard,0.8,False,False,0.05,0.15238656841658424,0.17901374685796956,1.0,0.0,2,3943,
4,55,innate_immunity,Easy,0.2,False,True,0.8689378563180522,0.9999963993389437,0.5494943349626467,0.0,0.0,0,4516,
4,56,antigen_recognition,Easy,0.2,True,True,0.9484439072690972,0.9999999999970172,0.6926107411032167,0.0,1.0,0,2977,
4,57,cell_mediated_immunity,Medium,0.5,,False,0.31140425312981995,0.16877937866814718,0.37189943031057066,0.6499999999999999,0.0,3,4822,
4,58,humoral_immunity,Medium,0.5,False,True,0.7587269056064224,0.5915846850067353,0.7319807186433015,0.0,0.0,0,3131,
4,59,tolerance_autoimmunity,Hard,0.8,False,False,0.05,0.15238105561757292,0.17901374685796956,1.0,0.0,1,3809,
5,0,innate_immunity,Easy,0.2,True,False,0.3808855436774042,0.2,0.16169391719345938,0.0,0.0,3,4105,
5,1,antigen_recognition,Easy,0.2,False,True,0.48957669462522263,0.2,0.30021327466583925,0.0,0.0,0,3904,
5,2,cell_mediated_immunity,Medium,0.5,True,False,0.5762118905078915,0.2,0.5719032662174123,0.0,0.0,1,5137,
5,3,humoral_immunity,Medium,0.5,,False,0.06458033016493295,0.16164383561643833,0.12851581063531684,0.0,0.0,3,3679,
5,4,tolerance_autoimmunity,Hard,0.8,False,False,0.17821712539445198,0.151473136915078,0.5715777190649651,0.0,0.0,3,4083,
5,5,innate_immunity,Easy,0.2,False,True,0.4427924857174725,0.25479452054794516,0.24288078562962512,0.0,0.0,0,6542,
5,6,antigen_recognition,Easy,0.2,True,True,0.6459490149228261,0.8597938144329896,0.39314513226459413,0.0,0.0,0,3088,
5,7,cell_mediated_immunity,Medium,0.5,True,True,0.6062126041617061,0.8597938144329896,0.6113870051331776,0.0,0.0,0,2310,
5,8,humoral_immunity,Medium,0.5,False,False,0.09718466176453845,0.15255307234129206,0.19674959282741,0.0,0.0,2,5237,
5,9,tolerance_autoimmunity,Hard,0.8,False,False,0.20253363517631393,0.15236428212260275,0.5963772921018177,0.0,0.0,2,4123,
5,10,innate_immunity,Easy,0.2,,False,0.5639686975499525,0.18483913618334066,0.27954289467802507,0.0,0.0,2,3459,
5,11,antigen_recognition,Easy,0.2,True,True,0.7611274716069965,0.9932097858967958,0.4737356152071903,0.0,0.0,0,4720,
5,12,cell_mediated_immunity,Medium,0.5,False,False,0.661127332067196,0.2243237576011742,0.6293080645781064,0.0,0.0,2,5182,
5,13,humoral_immunity,Medium,0.5,False,False,0.13949358656229832,0.15238411698161172,0.25964093841645686,0.0,0.0,1,4293,
5,14,tolerance_autoimmunity,Hard,0.8,,False,0.2276310476232025,0.1686789605945943,0.6197413216336315,0.0,0.0,2,3939,
5,15,innate_immunity,Easy,0.2,True,True,0.6171000333695674,0.8479895962755439,0.3493165220240816,0.0,0.0,0,3815,
5,16,antigen_recognition,Easy,0.2,False,True,0.8378631012713901,0.989793137297547,0.5331404543272547,0.0,0.15,0,5120,
5,17,cell_mediated_immunity,Medium,0.5,True,True,0.6847846573892662,0.8760255730375178,0.6634973083666631,0.0,0.0,0,3074,
5,18,humoral_immunity,Medium,0.5,True,False,0.19121195378216885,0.22806296144035879,0.3089130590507191,0.15,0.0,3,3106,
5,19,tolerance_autoimmunity,Hard,0.8,False,True,0.2532124141706648,0.23707554604696957,0.657161013809738,0.15,0.0,0,4694,
5,20,innate_immunity,Easy,0.2,,True,0.7101060445470013,0.9674369886885388,0.41233282955600337,0.0,0.0,0,6167,
5,21,antigen_recognition,Easy,0.2,True,True,0.8806755180712472,0.9995673660181028,0.5765398019748582,0.0,0.3,0,6684,
5,22,cell_mediated_immunity,Medium,0.5,True,True,0.7273033901004134,0.9941009148009454,0.6945332480794163,0.0,0.0,0,2560,
5,23,humoral_immunity,Medium,0.5,False,False,0.24112499204551774,0.15390581452804292,0.34678963038270944,0.3,0.0,2,4639,
5,24,tolerance_autoimmunity,Hard,0.8,False,True,0.2979594176457161,0.2764692006831143,0.6968520422938292,0.0,0.0,0,4976,
5,25,innate_immunity,Easy,0.2,,True,0.7814261966968001,0.993689381281047,0.4692462389056776,0.0,0.0,0,3465,
5,26,antigen_recognition,Easy,0.2,False,False,0.9054444822093243,0.9770891676756673,0.6018458325533457,0.0,0.09999999999999998,1,4559,
5,27,cell_mediated_immunity,Medium,0.5,True,True,0.7626384371173396,0.9997509876736258,0.7227067157293807,0.0,0.0,0,2146,
5,28,humoral_immunity,Medium,0.5,False,True,0.28510824637441745,0.22889877116429003,0.4030478116475158,0.44999999999999996,0.0,0,2961,
5,29,tolerance_autoimmunity,Hard,0.8,,False,0.350034458426299,0.1887485310549327,0.7144000089908435,0.0,0.0,1,4618,
5,30,innate_immunity,Easy,0.2,False,True,0.8341704678526746,0.9905105307088918,0.5129375602011748,0.0,0.15,0,2478,
5,31,antigen_recognition,Easy,0.2,True,True,0.9176679379995384,0.9990168993673875,0.6547208086738694,0.0,0.0,0,3858,
5,32,cell_mediated_immunity,Medium,0.5,True,False,0.7918709792972531,0.9996237875702264,0.7354942176830823,0.0,0.0,3,6605,
5,33,humoral_immunity,Medium,0.5,,False,0.35853849778451896,0.18041150630608374,0.4217434144346786,0.6,0.0,2,4487,
5,34,tolerance_autoimmunity,Hard,0.8,False,False,0.3743499940461957,0.15307886806855556,0.7309321973282424,0.0,0.0,3,5013,
5,35,innate_immunity,Easy,0.2,True,True,0.8673381323749559,0.9995980506716422,0.5459567074098315,0.0,0.3,0,4610,
5,36,antigen_recognition,Easy,0.2,,True,0.9386774830313908,0.9998141611151423,0.700573974329178,0.0,0.0,0,5017,
5,37,cell_mediated_immunity,Medium,0.5,True,True,0.8042332289957486,0.9999842027174993,0.7598898190193338,0.0,0.0,0,3851,
5,38,humoral_immunity,Medium,0.5,True,False,0.3847252404026176,0.2436511390421679,0.43306221814681817,0.75,0.0,2,5313,
5,39,tolerance_autoimmunity,Hard,0.8,,False,0.3978559215565923,0.1687801134243301,0.744171125094117,0.15,0.0,1,4755,
5,40,innate_immunity,Easy,0.2,,True,0.8885228021446525,0.9999240524947167,0.5701415422794976,0.0,0.44999999999999996,0,3477,
5,41,antigen_recognition,Easy,0.2,True,True,0.95,0.9999921979771321,0.700573974329178,0.0,0.0,0,1800,
5,42,cell_mediated_immunity,Medium,0.5,True,True,0.826258470993868,0.9999993368942334,0.782035392551489,0.0,0.0,0,3830,
5,43,humoral_immunity,Medium,0.5,True,False,0.40092157268390755,0.280395520873805,0.4419400175597116,0.9,0.0,2,3859,
5,44,tolerance_autoimmunity,Hard,0.8,False,True,0.41703104927875245,0.23713192641625205,0.7649035333060439,0.3,0.0,0,4443,
5,45,innate_immunity,Easy,0.2,,True,0.9021062194096374,0.9999856535126622,0.5867936280839049,0.0,0.6,0,3328,
5,46,antigen_recognition,Easy,0.2,True,True,0.95,0.9999996725052531,0.700573974329178,0.0,0.15,0,5345,
5,47,cell_mediated_immunity,Medium,0.5,True,True,0.8445148846017589,0.9999999721659133,0.8021384603262245,0.0,0.0,0,2713,
5,48,humoral_immunity,Medium,0.5,False,True,0.41378019877952343,0.3028097443582557,0.4594175776837631,1.0,0.0,0,6198,
5,49,tolerance_autoimmunity,Hard,0.8,True,True,0.44754897838677254,0.8834748640869813,0.7893992844858484,0.09999999999999998,0.0,0,2449,
5,50,innate_immunity,Easy,0.2,True,True,0.910581985114295,0.9999993977935532,0.5967980083579412,0.0,0.75,0,4392,
5,51,antigen_recognition,Easy,0.2,True,True,0.95,0.9999999862533027,0.700573974329178,0.0,0.3,0,4413,
5,52,cell_mediated_immunity,Medium,0.5,True,False,0.8597036495426568,0.9999999579396033,0.8112629323876234,0.0,0.0,2,3509,
5,53,humoral_immunity,Medium,0.5,,False,0.43942535832819407,0.19377104760728883,0.46788267291127156,1.0,0.0,1,4938,
5,54,tolerance_autoimmunity,Hard,0.8,True,True,0.48410428521841076,0.9944995299415766,0.8137808727384845,0.0,0.0,0,3492,
5,55,innate_immunity,Easy,0.2,False,False,0.9153505154966972,0.9999672412121285,0.6055839509116284,0.0,0.55,3,4104,
5,56,antigen_recognition,Easy,0.2,True,True,0.95,0.9999999994229782,0.700573974329178,0.0,0.44999999999999996,0,4014,
5,57,cell_mediated_immunity,Medium,0.5,,True,0.8661777360471051,0.9999999920552581,0.8286703184134153,0.0,0.0,0,4815,
5,58,humoral_immunity,Medium,0.5,True,True,0.4519725417028686,0.8551202570732019,0.4845477499099398,0.8,0.0,0,4491,
5,59,tolerance_autoimmunity,Hard,0.8,True,True,0.5206595399369798,0.9997679024703321,0.8321059309577092,0.0,0.15,0,2605,
6,0,innate_immunity,Easy,0.2,False,True,0.5395773048195658,0.2,0.25924668320559535,0.0,0.0,0,3460,
6,1,antigen_recognition,Easy,0.2,True,True,0.4852863339817643,0.7384615384615385,0.2680484961486904,0.0,0.0,0,4985,
6,2,cell_mediated_immunity,Medium,0.5,,False,0.09655173461344262,0.16164383561643833,0.1783904117768518,0.0,0.0,2,4335,
6,3,humoral_immunity,Medium,0.5,False,False,0.5014851841707015,0.151473136915078,0.5161908268901083,0.0,0.0,1,5101,
6,4,tolerance_autoimmunity,Hard,0.8,False,False,0.05,0.151473136915078,0.20486179182748432,0.0,0.0,1,5048,
6,5,innate_immunity,Easy,0.2,,True,0.5879458548851199,0.5999999999999999,0.2906618676177349,0.0,0.0,0,3235,
6,6,antigen_recognition,Easy,0.2,,True,0.6006780164584066,0.9379828326180258,0.3384229410071768,0.0,0.0,0,4078,
6,7,cell_mediated_immunity,Medium,0.5,,False,0.12678849128863592,0.17000398883127243,0.22648095913866279,0.0,0.0,1,3970,
6,8,humoral_immunity,Medium,0.5,True,False,0.524267158947718,0.22756316558780537,0.5309284885192064,0.0,0.0,1,4963,
6,9,tolerance_autoimmunity,Hard,0.8,False,False,0.05,0.15236428212260275,0.20486179182748432,0.0,0.0,1,3747,
6,10,innate_immunity,Easy,0.2,True,True,0.6327357368669361,0.9729083665338645,0.3207447410036888,0.0,0.0,0,4045,
6,11,antigen_recognition,Easy,0.2,True,False,0.6964686002495831,0.9105975479380389,0.37022704142418195,0.0,0.0,1,3793,
6,12,cell_mediated_immunity,Medium,0.5,True,False,0.1623135040720261,0.23781451495612546,0.27175666502502294,0.0,0.0,1,5576,
6,13,humoral_immunity,Medium,0.5,True,False,0.5462600557698808,0.27083370775443,0.5452172155634191,0.0,0.0,2,2961,
6,14,tolerance_autoimmunity,Hard,0.8,,False,0.05,0.1686789605945943,0.20486179182748432,0.0,0.0,1,4452,
6,15,innate_immunity,Easy,0.2,False,False,0.6735902393654286,0.4555195760965553,0.335148273691621,0.0,0.0,3,3910,
6,16,antigen_recognition,Easy,0.2,True,False,0.7352378640194055,0.8736862203725226,0.40050221820396964,0.0,0.0,1,3881,
6,17,cell_mediated_immunity,Medium,0.5,False,False,0.20270710397354047,0.15412386540516068,0.3079884446068377,0.15,0.0,1,2952,
6,18,humoral_immunity,Medium,0.5,,True,0.5674128335699048,0.6818185592606046,0.5687681107908914,0.15,0.0,0,5172,
6,19,tolerance_autoimmunity,Hard,0.8,False,False,0.05,0.1526863116330173,0.20486179182748432,0.15,0.0,1,3490,
6,20,innate_immunity,Easy,0.2,True,False,0.6922990492438181,0.42200265623779265,0.3492463810609492,0.0,0.0,3,3639,
6,21,antigen_recognition,Easy,0.2,True,False,0.769060400658935,0.8262006010970263,0.4249990085383919,0.15,0.0,1,5246,
6,22,cell_mediated_immunity,Medium,0.5,False,False,0.24011131404657826,0.15241305602281094,0.3363418748364783,0.3,0.0,1,3638,
6,23,humoral_immunity,Medium,0.5,False,False,0.601713222457229,0.1775378433351802,0.5779633576238362,0.3,0.0,2,4050,
6,24,tolerance_autoimmunity,Hard,0.8,False,False,0.05,0.15238656758822003,0.20486179182748432,0.3,0.0,3,4813,
6,25,innate_immunity,Easy,0.2,,True,0.7100194034900904,0.8016568840390818,0.3768446981826416,0.0,0.0,0,5323,
6,26,antigen_recognition,Easy,0.2,,True,0.7941286556463155,0.9620398773786472,0.4636979698056224,0.3,0.0,0,3806,
6,27,cell_mediated_immunity,Medium,0.5,True,True,0.272505280048342,0.8168637987022411,0.3790717203171942,0.44999999999999996,0.0,0,4552,
6,28,humoral_immunity,Medium,0.5,,False,0.6148582122650535,0.17233267966503552,0.5850341377306745,0.44999999999999996,0.0,2,4777,
6,29,tolerance_autoimmunity,Hard,0.8,,False,0.05,0.16868211299676109,0.20486179182748432,0.44999999999999996,0.0,3,5735,
6,30,innate_immunity,Easy,0.2,False,True,0.7428946247018912,0.7403386559399744,0.40327257677616835,0.0,0.0,0,2908,
6,31,antigen_recognition,Easy,0.2,True,True,0.8295141433471641,0.9983469613294922,0.5101050906429175,0.09999999999999998,0.0,0,5922,
6,32,cell_mediated_immunity,Medium,0.5,,True,0.3261676829718201,0.9596618731775169,0.43358808904705315,0.24999999999999994,0.0,0,4134,
6,33,humoral_immunity,Medium,0.5,,True,0.6248544893266995,0.5611696270352552,0.6039950012456469,0.24999999999999994,0.0,0,3614,
6,34,tolerance_autoimmunity,Hard,0.8,False,False,0.05,0.15268637183284314,0.20486179182748432,0.6,0.0,1,2163,
6,35,innate_immunity,Easy,0.2,True,True,0.7719993909113149,0.9855285142014121,0.4285796548807683,0.0,0.0,0,3799,
6,36,antigen_recognition,Easy,0.2,,False,0.8653704261399658,0.9888879179499175,0.5336558874536355,0.0,0.0,2,5554,
6,37,cell_mediated_immunity,Medium,0.5,False,False,0.40167964200919165,0.38034256737962435,0.4650837121013566,0.04999999999999993,0.0,1,5265,
6,38,humoral_immunity,Medium,0.5,False,True,0.6511209254580947,0.5056174855626631,0.6269146918983912,0.04999999999999993,0.0,0,4770,
6,39,tolerance_autoimmunity,Hard,0.8,False,False,0.05,0.15238656869561765,0.20486179182748432,0.75,0.0,1,5136,
6,40,innate_immunity,Easy,0.2,True,True,0.7976188303356401,0.9993840818265443,0.4491783938199133,0.0,0.15,0,3700,
6,41,antigen_recognition,Easy,0.2,True,True,0.8810001249572498,0.9995285872342607,0.5784931585853862,0.0,0.0,0,4179,
6,42,cell_mediated_immunity,Medium,0.5,False,True,0.4478162875612841,0.36815170630156246,0.5277032760561217,0.0,0.0,0,3669,
6,43,humoral_immunity,Medium,0.5,False,True,0.6816767403292899,0.46041440027506303,0.6496443354652791,0.0,0.0,0,2507,
6,44,tolerance_autoimmunity,Hard,0.8,False,False,0.05,0.1523810556227023,0.20486179182748432,0.9,0.0,3,3342,
6,45,innate_immunity,Easy,0.2,True,False,0.8168380869672055,0.9990697248505108,0.4608585050958383,0.0,0.0,2,3681,
6,46,antigen_recognition,Easy,0.2,True,True,0.9064431423619647,0.9999802034321625,0.6190194910166034,0.0,0.0,0,4154,
6,47,cell_mediated_immunity,Medium,0.5,False,False,0.5414595010546646,0.1576686163057049,0.5553478024798839,0.0,0.0,2,3924,
6,48,humoral_immunity,Medium,0.5,,False,0.7105107702630107,0.23192256932649433,0.6603167731137023,0.0,0.0,1,5967,
6,49,tolerance_autoimmunity,Hard,0.8,False,False,0.05,0.15238095427877887,0.20486179182748432,1.0,0.0,2,4753,
6,50,innate_immunity,Easy,0.2,True,True,0.8270912502518749,0.9999609168508566,0.48372337671051613,0.0,0.0,0,4070,
6,51,antigen_recognition,Easy,0.2,True,True,0.9251255637774977,0.9999991690173168,0.6556493656470087,0.0,0.0,0,5157,
6,52,cell_mediated_immunity,Medium,0.5,True,True,0.5822670442471283,0.8225625203576086,0.6074006700970197,0.0,0.0,0,4505,
6,53,humoral_immunity,Medium,0.5,True,True,0.7235021832304107,0.8805261806376242,0.6810114467047436,0.0,0.0,0,2297,
6,54,tolerance_autoimmunity,Hard,0.8,,False,0.05,0.1686813189497797,0.20486179182748432,1.0,0.0,2,4423,
6,55,innate_immunity,Easy,0.2,,False,0.8458401392543022,0.999734307274584,0.49467096544255373,0.0,0.0,3,4594,
6,56,antigen_recognition,Easy,0.2,,True,0.9389973982699054,0.9999998430365028,0.6837912055250437,0.0,0.15,0,4226,
6,57,cell_mediated_immunity,Medium,0.5,,False,0.6557483158376541,0.46184598410750666,0.6303803394430725,0.0,0.0,1,4597,
6,58,humoral_immunity,Medium,0.5,True,False,0.747640705836634,0.8348117504738256,0.6907283880595392,0.0,0.0,3,4054,
6,59,tolerance_autoimmunity,Hard,0.8,False,False,0.05,0.15268635666928831,0.20486179182748432,1.0,0.0,1,2575,
7,0,innate_immunity,Easy,0.2,,False,0.502712269293232,0.16164383561643833,0.25351986119546444,0.0,0.0,1,4147,
7,1,antigen_recognition,Easy,0.2,,True,0.9097652073799641,0.43333333333333335,0.631536085841958,0.0,0.0,0,2306,
7,2,cell_mediated_immunity,Medium,0.5,,False,0.21651361915950693,0.16164383561643833,0.3248472363011306,0.0,0.0,2,3618,
7,3,humoral_immunity,Medium,0.5,True,True,0.274203005735329,0.7384615384615385,0.3592362498136318,0.0,0.0,0,2693,
7,4,tolerance_autoimmunity,Hard,0.8,False,True,0.10053380240635763,0.2,0.45204330605527027,0.0,0.0,0,5154,
7,5,innate_immunity,Easy,0.2,True,True,0.5795969775247249,0.8266866566716642,0.35024280406845043,0.0,0.0,0,3991,
7,6,antigen_recognition,Easy,0.2,True,True,0.9301643401558907,0.9484388938447815,0.6727524503636453,0.0,0.0,0,2477,
7,7,cell_mediated_immunity,Medium,0.5,False,False,0.259049130725627,0.15255307234129206,0.3618937074021072,0.0,0.0,1,3944,
7,8,humoral_immunity,Medium,0.5,True,False,0.30057053493740044,0.6715909090909091,0.36962314654003564,0.0,0.0,2,4192,
7,9,tolerance_autoimmunity,Hard,0.8,,False,0.11029413539140842,0.17575757575757575,0.46041034356445765,0.0,0.0,3,4319,
7,10,innate_immunity,Easy,0.2,False,True,0.7112487884607739,0.7692140571327913,0.4344331594127271,0.0,0.0,0,2832,
7,11,antigen_recognition,Easy,0.2,True,True,0.9446174099080927,0.9977241564601902,0.7093583533472837,0.0,0.0,0,3371,
7,12,cell_mediated_immunity,Medium,0.5,False,True,0.3039331866157147,0.2281557032482157,0.4319210777962328,0.0,0.0,0,1831,
7,13,humoral_immunity,Medium,0.5,True,False,0.31383276749091554,0.6047068289248718,0.3798416697846787,0.0,0.0,1,3633,
7,14,tolerance_autoimmunity,Hard,0.8,,False,0.11531767253888976,0.1720680393912265,0.46864962039939145,0.0,0.0,2,4130,
7,15,innate_immunity,Easy,0.2,True,True,0.8032289555319159,0.9875900896864194,0.5077147999672682,0.0,0.0,0,2534,
7,16,antigen_recognition,Easy,0.2,True,True,0.95,0.9999042636435814,0.7093583533472837,0.0,0.15,0,4265,
7,17,cell_mediated_immunity,Medium,0.5,True,True,0.39927819566636125,0.8783256709426541,0.4942634705287978,0.0,0.0,0,5068,
7,18,humoral_immunity,Medium,0.5,False,False,0.32718382488720194,0.1698429325876637,0.38838661704313127,0.15,0.0,1,4696,
7,19,tolerance_autoimmunity,Hard,0.8,False,False,0.1204577770205608,0.15275129085170952,0.47554606735387384,0.15,0.0,2,4422,
7,20,innate_immunity,Easy,0.2,True,True,0.8636907764555171,0.9994728716111052,0.5619332314888372,0.0,0.15,0,4336,
7,21,antigen_recognition,Easy,0.2,True,True,0.95,0.9999959810711339,0.7093583533472837,0.0,0.3,0,2785,
7,22,cell_mediated_immunity,Medium,0.5,,True,0.4913960551863466,0.9746147202723252,0.5497642541473614,0.0,0.0,0,2769,
7,23,humoral_immunity,Medium,0.5,True,False,0.3385684311770816,0.2377246443967166,0.3953266718299201,0.3,0.0,1,3313,
7,24,tolerance_autoimmunity,Hard,0.8,False,False,0.12491105639039522,0.15238776299439694,0.4811517804373123,0.3,0.0,1,5002,
7,25,innate_immunity,Easy,0.2,True,True,0.8976699776383362,0.9999778625301545,0.6016660701483899,0.0,0.3,0,5736,
7,26,antigen_recognition,Easy,0.2,,True,0.95,0.999999240866619,0.7093583533472837,0.0,0.44999999999999996,0,4237,
7,27,cell_mediated_immunity,Medium,0.5,False,True,0.5740967002570957,0.9623827409128044,0.5917627453853428,0.0,0.15,0,3631,
7,28,humoral_immunity,Medium,0.5,False,True,0.3479551016117663,0.27685565904277953,0.40610872270623055,0.44999999999999996,0.0,0,5255,
7,29,tolerance_autoimmunity,Hard,0.8,,True,0.12863418105711855,0.5301353035515889,0.48986660191662323,0.44999999999999996,0.0,0,3267,
7,30,innate_immunity,Easy,0.2,True,True,0.9175864112145313,0.9999990707533154,0.6300531837047009,0.0,0.44999999999999996,0,4725,
7,31,antigen_recognition,Easy,0.2,,True,0.95,0.9999998566080545,0.7093583533472837,0.0,0.6,0,4422,
7,32,cell_mediated_immunity,Medium,0.5,,False,0.6342693266484325,0.7975198706163148,0.6141632308289148,0.0,0.0,1,3949,
7,33,humoral_immunity,Medium,0.5,,False,0.36277322930880407,0.1888200110482568,0.40995955687852464,0.6,0.0,1,3717,
7,34,tolerance_autoimmunity,Hard,0.8,True,False,0.13460978743097368,0.4800120125916395,0.4929823994412235,0.6,0.0,2,3956,
7,35,innate_immunity,Easy,0.2,,True,0.9295841595887928,0.9999998244754994,0.6492270868903248,0.0,0.6,0,3387,
7,36,antigen_recognition,Easy,0.2,,True,0.95,0.9999999729148518,0.7093583533472837,0.0,0.75,0,3509,
7,37,cell_mediated_immunity,Medium,0.5,True,True,0.6648491368832069,0.9894749633267714,0.6565059167729987,0.0,0.0,0,4758,
7,38,humoral_immunity,Medium,0.5,,False,0.3681311354647906,0.17403275872003468,0.41235072255593763,0.75,0.0,1,4068,
7,39,tolerance_autoimmunity,Hard,0.8,,False,0.13680245684036868,0.23793482865931176,0.49491787870836856,0.75,0.0,1,4121,
7,40,innate_immunity,Easy,0.2,,True,0.9367524417009601,0.9999999668453676,0.660589676017757,0.0,0.75,0,5390,
7,41,antigen_recognition,Easy,0.2,True,True,0.95,0.9999999988630925,0.7093583533472837,0.0,0.9,0,5659,
7,42,cell_mediated_immunity,Medium,0.5,,True,0.7189047918755415,0.9979955286347896,0.6942018111300312,0.0,0.0,0,5436,
7,43,humoral_immunity,Medium,0.5,True,False,0.37147466674745927,0.24006705842099335,0.4142559028519147,0.9,0.0,3,3047,
7,44,tolerance_autoimmunity,Hard,0.8,False,False,0.13817958574013475,0.15412658983452476,0.49646035135292876,0.9,0.0,1,4628,
7,45,innate_immunity,Easy,0.2,,True,0.940673390310895,0.9999999937374582,0.6693852925842233,0.0,0.9,0,3909,
7,46,antigen_recognition,Easy,0.2,,True,0.95,0.9999999997852509,0.7093583533472837,0.0,1.0,0,3389,
7,47,cell_mediated_immunity,Medium,0.5,,True,0.7622782667329857,0.9996207864244296,0.7277608643571468,0.0,0.0,0,3566,
7,48,humoral_immunity,Medium,0.5,,False,0.37414750766947874,0.18228989823179914,0.41615490648419207,1.0,0.0,1,5230,
7,49,tolerance_autoimmunity,Hard,0.8,False,False,0.13928540204242576,0.15241310630717922,0.4979981134330898,1.0,0.0,2,5245,
7,50,innate_immunity,Easy,0.2,,True,0.9435509421435947,0.9999999988170755,0.677952975981549,0.0,1.0,0,4229,
7,51,antigen_recognition,Easy,0.2,,True,0.95,0.9999999999594362,0.7093583533472837,0.0,1.0,0,4139,
7,52,cell_mediated_immunity,Medium,0.5,True,True,0.7968246408362012,0.999984076652965,0.7531556337823941,0.0,0.15,0,5775,
7,53,humoral_immunity,Medium,0.5,True,True,0.37681934733952455,0.8458546969412388,0.41994060047128323,1.0,0.0,0,4624,
7,54,tolerance_autoimmunity,Hard,0.8,False,False,0.14039521525097848,0.15238154346778307,0.4995311793344662,1.0,0.0,1,4287,
7,55,innate_immunity,Easy,0.2,True,True,0.9462273480466957,0.9999999999503465,0.6862986329621719,0.0,1.0,0,3551,
7,56,antigen_recognition,Easy,0.2,,True,0.95,0.999999999992338,0.7093583533472837,0.0,1.0,0,5143,
7,57,cell_mediated_immunity,Medium,0.5,True,True,0.8203814239601471,0.999999331602476,0.7721181537329714,0.0,0.3,0,4943,
7,58,humoral_immunity,Medium,0.5,,True,0.3821679707608063,0.9669173612395707,0.4237017477436327,0.8,0.0,0,5513,
7,59,tolerance_autoimmunity,Hard,0.8,False,False,0.1415089943615761,0.15238096324652656,0.5010595633987404,1.0,0.0,1,5359,
8,0,innate_immunity,Easy,0.2,True,True,0.6134124974246209,0.7384615384615385,0.37509852361302,0.0,0.0,0,3226,
8,1,antigen_recognition,Easy,0.2,False,False,0.3652344417847833,0.151473136915078,0.16855698448688375,0.0,0.0,3,3279,
8,2,cell_mediated_immunity,Medium,0.5,False,False,0.059981426811058655,0.151473136915078,0.09289144305343067,0.0,0.0,2,3985,
8,3,humoral_immunity,Medium,0.5,,False,0.10830028645552763,0.16164383561643833,0.1850100595142929,0.0,0.0,1,4771,
8,4,tolerance_autoimmunity,Hard,0.8,False,False,0.0919497964797811,0.151473136915078,0.45089792453269373,0.0,0.0,1,4634,
8,5,innate_immunity,Easy,0.2,True,False,0.7408883984520727,0.6715909090909091,0.41751261174391774,0.0,0.0,3,3926,
8,6,antigen_recognition,Easy,0.2,,False,0.4529748701131197,0.1685530193297038,0.22510652287344263,0.0,0.0,1,4928,
8,7,cell_mediated_immunity,Medium,0.5,False,False,0.07997760591789864,0.15236428212260275,0.1416565087130873,0.0,0.0,1,2798,
8,8,humoral_immunity,Medium,0.5,False,False,0.13125135146790448,0.15255307234129206,0.21983580490874682,0.0,0.0,3,3784,
8,9,tolerance_autoimmunity,Hard,0.8,False,False,0.10962156610335709,0.15236428212260275,0.48164784352398377,0.0,0.0,2,3451,
8,10,innate_immunity,Easy,0.2,True,True,0.7866879707206574,0.9799579823362636,0.49658322480590567,0.0,0.0,0,2864,
8,11,antigen_recognition,Easy,0.2,,True,0.5375887304205214,0.5554977522689359,0.3305133098995369,0.0,0.0,0,5049,
8,12,cell_mediated_immunity,Medium,0.5,,False,0.10432552792221464,0.1686789605945943,0.18780002305942003,0.0,0.0,3,4179,
8,13,humoral_immunity,Medium,0.5,,False,0.1569650601320073,0.16870567050359922,0.25317339384625537,0.0,0.0,2,3684,
8,14,tolerance_autoimmunity,Hard,0.8,False,False,0.1289681645856008,0.15238064594829565,0.5106757556968399,0.0,0.0,3,4464,
8,15,innate_immunity,Easy,0.2,,False,0.8556350346244322,0.8804819587444456,0.5307517526082502,0.0,0.0,2,5207,
8,16,antigen_recognition,Easy,0.2,True,False,0.6863435142503936,0.5008691973942285,0.3692174522021789,0.15,0.0,1,3724,
8,17,cell_mediated_immunity,Medium,0.5,,False,0.1331719058518391,0.1710253581818954,0.2249134833678097,0.15,0.0,1,3779,
8,18,humoral_immunity,Medium,0.5,True,False,0.18528251555989134,0.23709043304106403,0.2802994639430003,0.15,0.0,3,3831,
8,19,tolerance_autoimmunity,Hard,0.8,False,False,0.1498286683149086,0.15238094674800115,0.5339677433131541,0.15,0.0,1,3757,
8,20,innate_immunity,Easy,0.2,True,True,0.8791611649997207,0.9943401435571849,0.5944505508098981,0.0,0.0,0,3696,
8,21,antigen_recognition,Easy,0.2,True,True,0.734057006060108,0.9601323186650496,0.4550211963788033,0.0,0.0,0,3192,
8,22,cell_mediated_immunity,Medium,0.5,False,False,0.16103880409846935,0.15273124387614345,0.2540808869935664,0.3,0.0,3,3567,
8,23,humoral_immunity,Medium,0.5,,False,0.2111173867828643,0.1817847325051322,0.3018271840640916,0.3,0.0,1,5372,
8,24,tolerance_autoimmunity,Hard,0.8,False,True,0.168514292695476,0.22806122139804932,0.570504913163685,0.3,0.0,0,4407,
8,25,innate_immunity,Easy,0.2,True,True,0.9142527700271189,0.9997611406301753,0.6495024613249375,0.0,0.0,0,4444,
8,26,antigen_recognition,Easy,0.2,True,True,0.8220249211507422,0.9982606212164609,0.5291532756680102,0.0,0.0,0,3233,
8,27,cell_mediated_immunity,Medium,0.5,False,False,0.18610585678386407,0.15238739417608238,0.27613573019198834,0.44999999999999996,0.0,1,3497,
8,28,humoral_immunity,Medium,0.5,True,False,0.2334312304737358,0.24442556813633926,0.3182358697873071,0.44999999999999996,0.0,1,4010,
8,29,tolerance_autoimmunity,Hard,0.8,False,True,0.20149598808475983,0.27112748214743626,0.6137983033936191,0.09999999999999998,0.0,0,5133,
8,30,innate_immunity,Easy,0.2,True,True,0.936850262247328,0.9999899715271259,0.6970812687266369,0.0,0.0,0,3495,
8,31,antigen_recognition,Easy,0.2,False,True,0.8781385515677097,0.997375156413842,0.5932013569315597,0.0,0.0,0,2529,
8,32,cell_mediated_immunity,Medium,0.5,False,True,0.20698667281879393,0.22806476019558314,0.30726698862896173,0.6,0.0,0,3944,
8,33,humoral_immunity,Medium,0.5,False,False,0.2515081762610042,0.15427482817404412,0.32988899228043067,0.6,0.0,2,4166,
8,34,tolerance_autoimmunity,Hard,0.8,False,True,0.24652913318556105,0.2970790958051989,0.6570531786363992,0.0,0.0,0,4297,
8,35,innate_immunity,Easy,0.2,True,True,0.95,0.9999995790477428,0.6970812687266369,0.0,0.15,0,1719,
8,36,antigen_recognition,Easy,0.2,True,True,0.9136633620931189,0.9998895457725511,0.6402367731770415,0.0,0.15,0,5135,
8,37,cell_mediated_immunity,Medium,0.5,False,False,0.23932239087865398,0.15390585425157177,0.3165771121322146,0.75,0.0,2,4147,
8,38,humoral_immunity,Medium,0.5,True,True,0.264897683090912,0.8189157824596778,0.34420641767524873,0.75,0.0,0,4100,
8,39,tolerance_autoimmunity,Hard,0.8,,False,0.2978240938277593,0.19265172208081857,0.6762583272716078,0.0,0.0,1,5108,
8,40,innate_immunity,Easy,0.2,True,True,0.95,0.999999982330392,0.6970812687266369,0.0,0.3,0,4731,
8,41,antigen_recognition,Easy,0.2,,True,0.933480233190296,0.9999791346311845,0.6744931462970184,0.0,0.3,0,4301,
8,42,cell_mediated_immunity,Medium,0.5,,True,0.24963922900993818,0.5325964664845049,0.3496431058001952,0.55,0.0,0,4233,
8,43,humoral_immunity,Medium,0.5,False,True,0.2819597098665877,0.7601437656731491,0.3694271587854677,0.55,0.0,0,4741,
8,44,tolerance_autoimmunity,Hard,0.8,True,False,0.32246862075988114,0.2505898314832319,0.6943879804914226,0.0,0.0,3,6003,
8,45,innate_immunity,Easy,0.2,True,True,0.95,0.9999999992583127,0.6970812687266369,0.0,0.44999999999999996,0,2624,
8,46,antigen_recognition,Easy,0.2,,True,0.945161270254551,0.9999960586997063,0.6988459740586725,0.0,0.44999999999999996,0,3679,
8,47,cell_mediated_immunity,Medium,0.5,,True,0.28861064502665046,0.8612846202913749,0.3950942321582188,0.35000000000000003,0.0,0,2698,
8,48,humoral_immunity,Medium,0.5,,False,0.3135795968540953,0.39118093865752035,0.3869416203566249,0.35000000000000003,0.0,3,3151,
8,49,tolerance_autoimmunity,Hard,0.8,False,True,0.34667836333350827,0.284566162130508,0.7286167523810777,0.0,0.0,0,4304,
8,50,innate_immunity,Easy,0.2,,True,0.95,0.9999999998599035,0.6970812687266369,0.0,0.6,0,3728,
8,51,antigen_recognition,Easy,0.2,True,True,0.95,0.9999998345620839,0.6988459740586725,0.0,0.6,0,3526,
8,52,cell_mediated_immunity,Medium,0.5,,True,0.34763874999252026,0.970629422042174,0.4503765440087506,0.15000000000000002,0.0,0,4085,
8,53,humoral_immunity,Medium,0.5,False,False,0.3366296028874028,0.15844870337523362,0.4092089906438848,0.15000000000000002,0.0,1,4098,
8,54,tolerance_autoimmunity,Hard,0.8,True,True,0.39453247170133515,0.906124069275101,0.759011876539999,0.0,0.0,0,5137,
8,55,innate_immunity,Easy,0.2,True,True,0.95,0.9999999999941195,0.6970812687266369,0.0,0.75,0,4537,
8,56,antigen_recognition,Easy,0.2,True,True,0.95,0.9999999930556913,0.6988459740586725,0.0,0.75,0,2821,
8,57,cell_mediated_immunity,Medium,0.5,False,True,0.42610987173295206,0.9566090077138685,0.5006066077803075,0.0,0.15,0,3943,
8,58,humoral_immunity,Medium,0.5,,False,0.3670842209679417,0.16954493574403945,0.4268807622520529,0.30000000000000004,0.0,3,4325,
8,59,tolerance_autoimmunity,Hard,0.8,True,True,0.43882582711430285,0.995673424917342,0.7860027243453057,0.0,0.0,0,3987,
9,0,innate_immunity,Easy,0.2,False,False,0.3157428642634755,0.151473136915078,0.12375596100791535,0.0,0.0,1,3775,
9,1,antigen_recognition,Easy,0.2,True,False,0.428598109054531,0.2,0.1955120394430307,0.0,0.0,1,4844,
9,2,cell_mediated_immunity,Medium,0.5,False,True,0.10750896717956658,0.2,0.17999253535624996,0.0,0.0,0,2360,
9,3,humoral_immunity,Medium,0.5,,True,0.28967977881963164,0.43333333333333335,0.40470631754452935,0.0,0.0,0,4492,
9,4,tolerance_autoimmunity,Hard,0.8,False,False,0.09105541932043179,0.151473136915078,0.44511608897740823,0.0,0.0,1,3858,
9,5,innate_immunity,Easy,0.2,True,True,0.3875875501700587,0.8158135829516033,0.2230997987777616,0.0,0.0,0,4163,
9,6,antigen_recognition,Easy,0.2,False,False,0.4932684659150674,0.15330739299610896,0.23672737975597208,0.0,0.0,1,5209,
9,7,cell_mediated_immunity,Medium,0.5,,False,0.12785657197403238,0.17575757575757575,0.19573075176939517,0.0,0.0,3,3900,
9,8,humoral_immunity,Medium,0.5,False,False,0.36083033018629845,0.1600363306085377,0.42954327087633193,0.0,0.0,1,3362,
9,9,tolerance_autoimmunity,Hard,0.8,False,False,0.10628113411948885,0.15236428212260275,0.4723010196330278,0.0,0.0,3,2876,
9,10,innate_immunity,Easy,0.2,,True,0.5345943372005916,0.9593918699018995,0.3111805663711833,0.0,0.0,0,2753,
9,11,antigen_recognition,Easy,0.2,True,False,0.5548692098306068,0.22856993900213754,0.2758311853283121,0.0,0.0,1,3986,
9,12,cell_mediated_immunity,Medium,0.5,,False,0.1387614220929981,0.1720680393912265,0.21116690818120296,0.0,0.0,3,6713,
9,13,humoral_immunity,Medium,0.5,False,True,0.3958611888444442,0.23227814876759492,0.47714467360116974,0.0,0.0,0,4009,
9,14,tolerance_autoimmunity,Hard,0.8,False,False,0.12279828926640761,0.15238064594829565,0.49815410332017257,0.0,0.0,3,3983,
9,15,innate_immunity,Easy,0.2,True,False,0.6608497759657828,0.9405153719196986,0.3502278882484604,0.0,0.0,2,3917,
9,16,antigen_recognition,Easy,0.2,True,False,0.6118243081592561,0.2714276921695571,0.3073665665440133,0.15,0.0,3,5421,
9,17,cell_mediated_immunity,Medium,0.5,False,True,0.15020443393906044,0.23896748272481938,0.24144669573969368,0.0,0.0,0,5931,
9,18,humoral_immunity,Medium,0.5,False,False,0.4657706343619772,0.15399940283244573,0.4989593404182051,0.0,0.0,1,3560,
9,19,tolerance_autoimmunity,Hard,0.8,False,False,0.14050820654644913,0.15238094674800115,0.519052617019228,0.15,0.0,3,4044,
9,20,innate_immunity,Easy,0.2,True,False,0.7112304081881373,0.9140869551923666,0.38706172242293657,0.0,0.0,2,3351,
9,21,antigen_recognition,Easy,0.2,True,True,0.6557021226455299,0.9005159605628166,0.35704533577400127,0.3,0.0,0,3307,
9,22,cell_mediated_immunity,Medium,0.5,False,False,0.17489572608778153,0.1541500083496597,0.2538216253487313,0.15,0.0,3,4403,
9,23,humoral_immunity,Medium,0.5,False,True,0.49843901569881294,0.22895021455854872,0.5407683629095517,0.0,0.0,0,4206,
9,24,tolerance_autoimmunity,Hard,0.8,False,False,0.15634424044967074,0.1523809522774055,0.5355464541929664,0.3,0.0,1,4190,
9,25,innate_immunity,Easy,0.2,,True,0.7544281244207537,0.982609955812037,0.4565533687005951,0.0,0.0,0,3949,
9,26,antigen_recognition,Easy,0.2,False,True,0.7195583652461645,0.8604652683220084,0.4163368029730106,0.09999999999999998,0.0,0,6167,
9,27,cell_mediated_immunity,Medium,0.5,False,False,0.18587034893185012,0.1524135385521772,0.263846487407421,0.3,0.0,1,2157,
9,28,humoral_immunity,Medium,0.5,False,True,0.5608494403458119,0.27165220155678205,0.5790886578330777,0.0,0.0,0,4037,
9,29,tolerance_autoimmunity,Hard,0.8,,False,0.16984569075821157,0.16868131866667121,0.5480614603980278,0.44999999999999996,0.0,3,4129,
9,30,innate_immunity,Easy,0.2,True,True,0.823365882349899,0.9992577776448809,0.518166425764559,0.0,0.0,0,3571,
9,31,antigen_recognition,Easy,0.2,False,True,0.7855017014905971,0.8097903967593993,0.47614099762361095,0.0,0.0,0,5813,
9,32,cell_mediated_immunity,Medium,0.5,False,False,0.1951447156264077,0.15238155141405896,0.2716173420480331,0.44999999999999996,0.0,3,6785,
9,33,humoral_immunity,Medium,0.5,,True,0.6164558450226116,0.6826424455437619,0.6142113398649276,0.0,0.0,0,3409,
9,34,tolerance_autoimmunity,Hard,0.8,False,False,0.18069716963576604,0.15268635666388194,0.5569180284949762,0.6,0.0,3,4500,
9,35,innate_immunity,Easy,0.2,False,True,0.8709065988684758,0.9988790666492134,0.5727941256984391,0.0,0.0,0,4575,
9,36,antigen_recognition,Easy,0.2,True,True,0.8398141596893611,0.9902535791338606,0.5217659762432881,0.0,0.15,0,3714,
9,37,cell_mediated_immunity,Medium,0.5,False,True,0.20257203583408426,0.2280615532799822,0.28280108794957587,0.6,0.0,0,2422,
9,38,humoral_immunity,Medium,0.5,True,False,0.6649134531293278,0.6153756955462525,0.6303072858326226,0.0,0.0,2,6523,
9,39,tolerance_autoimmunity,Hard,0.8,,False,0.1886981044177687,0.16872453361061873,0.562344908077735,0.75,0.0,2,3803,
9,40,innate_immunity,Easy,0.2,True,True,0.9035027596752977,0.9999528982860545,0.6139632849794469,0.0,0.15,0,4588,
9,41,antigen_recognition,Easy,0.2,,True,0.8733153576169304,0.9981449470712841,0.556067060419364,0.0,0.3,0,6035,
9,42,cell_mediated_immunity,Medium,0.5,False,False,0.2136280514001128,0.15390578343049785,0.2862423467721482,0.75,0.0,1,4409,
9,43,humoral_immunity,Medium,0.5,False,True,0.6860773406326292,0.5526235928314094,0.6611560616872847,0.0,0.0,0,4244,
9,44,tolerance_autoimmunity,Hard,0.8,False,False,0.19373354344985122,0.15268718196137682,0.566633236893418,0.9,0.0,3,5464,
9,45,innate_immunity,Easy,0.2,,True,0.9229968655133817,0.9999911026836379,0.6446000219597333,0.0,0.3,0,3421,
9,46,antigen_recognition,Easy,0.2,True,True,0.8943912755923461,0.999921996025021,0.5810848765779804,0.0,0.44999999999999996,0,3840,
9,47,cell_mediated_immunity,Medium,0.5,,False,0.21711716342022658,0.16889734943829324,0.28898214437092223,0.9,0.0,3,1600,
9,48,humoral_immunity,Medium,0.5,,True,0.7245084304059064,0.8704000394028055,0.68943068085651,0.0,0.0,0,3952,
9,49,tolerance_autoimmunity,Hard,0.8,False,True,0.19778428456975605,0.22822932823292844,0.5751258568230834,1.0,0.0,0,3621,
9,50,innate_immunity,Easy,0.2,True,True,0.9350875141507895,0.9999996265292408,0.6667613581913022,0.0,0.44999999999999996,0,3473,
9,51,antigen_recognition,Easy,0.2,,True,0.9077535615731325,0.9999852650218697,0.5982542864094194,0.0,0.6,0,2289,
9,52,cell_mediated_immunity,Medium,0.5,,False,0.21992437484229466,0.17105730031049066,0.2917114251074976,1.0,0.0,2,3579,
9,53,humoral_immunity,Medium,0.5,True,False,0.7570519210093424,0.8220930723925963,0.7023883115406447,0.0,0.0,2,3494,
9,54,tolerance_autoimmunity,Hard,0.8,False,False,0.20599385552385616,0.1539094893231427,0.579288952522991,1.0,0.0,3,2671,
9,55,innate_immunity,Easy,0.2,True,True,0.942706518089435,0.9999999843234441,0.6818736803743174,0.0,0.6,0,4258,
9,56,antigen_recognition,Easy,0.2,True,True,0.9160250920829284,0.9999993814860815,0.6085453579460509,0.0,0.75,0,3133,
9,57,cell_mediated_immunity,Medium,0.5,False,False,0.22274662968935713,0.15273185727260458,0.2944302293514222,1.0,0.0,3,2743,
9,58,humoral_immunity,Medium,0.5,True,True,0.7710641727391397,0.9910122872357938,0.7272223315718145,0.0,0.0,0,5208,
9,59,tolerance_autoimmunity,Hard,0.8,False,False,0.21010937054931364,0.15240910031343274,0.5834112564588316,1.0,0.0,3,3664,
10,0,innate_immunity,Easy,0.2,False,False,0.4662506091615624,0.151473136915078,0.22553178504284715,0.0,0.0,3,4676,
10,1,antigen_recognition,Easy,0.2,,False,0.44189152763732054,0.16164383561643833,0.20899181361116137,0.0,0.0,2,4922,
10,2,cell_mediated_immunity,Medium,0.5,False,False,0.10098742441026246,0.151473136915078,0.1769687259881464,0.0,0.0,2,3991,
10,3,humoral_immunity,Medium,0.5,False,True,0.2188516713732689,0.2,0.396244415278894,0.0,0.0,0,1900,
10,4,tolerance_autoimmunity,Hard,0.8,,False,0.05,0.16164383561643833,0.30324371706261705,0.0,0.0,1,3913,
10,5,innate_immunity,Easy,0.2,True,True,0.5382229573517757,0.8158135829516033,0.31604553626907267,0.0,0.0,0,4008,
10,6,antigen_recognition,Easy,0.2,,False,0.5134844498123888,0.17000398883127243,0.25416271279984054,0.0,0.0,2,2643,
10,7,cell_mediated_immunity,Medium,0.5,False,False,0.12584709791698664,0.15236428212260275,0.21634265947650974,0.0,0.0,1,2366,
10,8,humoral_immunity,Medium,0.5,True,True,0.3492054640286023,0.8597938144329896,0.48807701578872875,0.0,0.0,0,4302,
10,9,tolerance_autoimmunity,Hard,0.8,False,False,0.05,0.15255307234129206,0.30324371706261705,0.0,0.0,2,4429,
10,10,innate_immunity,Easy,0.2,True,True,0.667360979261107,0.9906277180279435,0.3959807524401232,0.0,0.0,0,4710,
10,11,antigen_recognition,Easy,0.2,True,False,0.5805365279032786,0.23781451495612546,0.2967541062784349,0.0,0.0,3,3000,
10,12,cell_mediated_immunity,Medium,0.5,False,False,0.15421153239786992,0.15238064594829565,0.25383293837324483,0.0,0.0,3,3969,
10,13,humoral_immunity,Medium,0.5,True,True,0.4821231470218852,0.9932097858967958,0.5659416684570633,0.0,0.0,0,5269,
10,14,tolerance_autoimmunity,Hard,0.8,False,False,0.05,0.15238411698161172,0.30324371706261705,0.0,0.0,1,4917,
10,15,innate_immunity,Easy,0.2,False,True,0.7642070218489643,0.9859399321801238,0.46657376949830076,0.0,0.0,0,4647,
10,16,antigen_recognition,Easy,0.2,False,False,0.6411881165194937,0.15412386540516068,0.3308894191983872,0.15,0.0,2,5456,
10,17,cell_mediated_immunity,Medium,0.5,False,False,0.185880620646007,0.15238094674800115,0.2841751661911695,0.15,0.0,3,4490,
10,18,humoral_immunity,Medium,0.5,True,True,0.5976420812413602,0.9997131269317713,0.622059740756828,0.0,0.15,0,2381,
10,19,tolerance_autoimmunity,Hard,0.8,False,False,0.05,0.1523810105539718,0.30324371706261705,0.15,0.0,2,2657,
10,20,innate_immunity,Easy,0.2,True,True,0.8319404687535628,0.9994018293178367,0.5195650310682394,0.0,0.15,0,3717,
10,21,antigen_recognition,Easy,0.2,False,True,0.6868291138894873,0.22901863584485244,0.3843832489161685,0.3,0.0,0,1506,
10,22,cell_mediated_immunity,Medium,0.5,False,False,0.21501631876463037,0.1523809522774055,0.30814677966440335,0.3,0.0,1,4530,
10,23,humoral_immunity,Medium,0.5,True,True,0.6753226034838444,0.9999879551297057,0.662299643136838,0.0,0.3,0,4182,
10,24,tolerance_autoimmunity,Hard,0.8,False,False,0.05,0.15238095345030941,0.30324371706261705,0.3,0.0,3,3364,
10,25,innate_immunity,Easy,0.2,True,True,0.8718471228148226,0.9999748773154487,0.558869652346302,0.0,0.3,0,2813,
10,26,antigen_recognition,Easy,0.2,False,True,0.7514385791580859,0.271692605343107,0.44766240686298714,0.09999999999999998,0.0,0,5033,
10,27,cell_mediated_immunity,Medium,0.5,False,True,0.24028469370541192,0.22806122443296234,0.3445549720326712,0.44999999999999996,0.0,0,5371,
10,28,humoral_immunity,Medium,0.5,False,False,0.7258758440479149,0.9993452558933855,0.6854138904198275,0.0,0.09999999999999998,3,3120,
10,29,tolerance_autoimmunity,Hard,0.8,False,False,0.05,0.15238095240060967,0.30324371706261705,0.44999999999999996,0.0,1,3993,
10,30,innate_immunity,Easy,0.2,True,True,0.895969096150551,0.999998945442377,0.5872253665978427,0.0,0.44999999999999996,0,4003,
10,31,antigen_recognition,Easy,0.2,,True,0.8154732892800794,0.6826830528546678,0.5107454094589808,0.0,0.0,0,2373,
10,32,cell_mediated_immunity,Medium,0.5,,False,0.2823833094825792,0.18027248823852363,0.3570976054665946,0.6,0.0,1,2692,
10,33,humoral_immunity,Medium,0.5,False,False,0.7525917933145981,0.965792924124225,0.7093385225541736,0.0,0.0,2,3291,
10,34,tolerance_autoimmunity,Hard,0.8,False,False,0.05,0.15238095238131374,0.30324371706261705,0.6,0.0,3,3521,
10,35,innate_immunity,Easy,0.2,,False,0.9107926801072233,0.9999928290610988,0.6053160608439228,0.0,0.24999999999999994,1,3571,
10,36,antigen_recognition,Easy,0.2,,True,0.8658173981215457,0.9204224504811779,0.5582419073262067,0.0,0.15,0,3716,
10,37,cell_mediated_immunity,Medium,0.5,False,False,0.29787984137110896,0.15291077826874033,0.3647867410198759,0.75,0.0,1,3586,
10,38,humoral_immunity,Medium,0.5,,True,0.7783421332808521,0.9933620576474663,0.7535487957464472,0.0,0.0,0,3944,
10,39,tolerance_autoimmunity,Hard,0.8,False,False,0.05,0.15238095238095903,0.30324371706261705,0.75,0.0,2,5044,
10,40,innate_immunity,Easy,0.2,,False,0.9192274467430471,0.9999512400630532,0.6272266486719523,0.0,0.04999999999999993,2,4442,
10,41,antigen_recognition,Easy,0.2,True,True,0.8956175052658536,0.9963863425864126,0.5935594360934737,0.0,0.3,0,4858,
10,42,cell_mediated_immunity,Medium,0.5,False,False,0.3076178975681795,0.1523906978070676,0.37086447959427904,0.9,0.0,2,4977,
10,43,humoral_immunity,Medium,0.5,True,True,0.8207287693260308,0.9997196009630602,0.7910345856225587,0.0,0.0,0,4279,
10,44,tolerance_autoimmunity,Hard,0.8,,False,0.05,0.1686813186813196,0.30324371706261705,0.9,0.0,3,5755,
10,45,innate_immunity,Easy,0.2,True,True,0.9284659330026251,0.9999979531917235,0.6707934648875667,0.0,0.0,0,3911,
10,46,antigen_recognition,Easy,0.2,True,True,0.913832688880489,0.9998477927516077,0.619090416252414,0.0,0.44999999999999996,0,5105,
10,47,cell_mediated_immunity,Medium,0.5,False,False,0.31543885209972194,0.15238113152683663,0.37688406619270154,1.0,0.0,1,5185,
10,48,humoral_immunity,Medium,0.5,,True,0.8514738198544073,0.9999470241840697,0.8228187014212722,0.0,0.0,0,4229,
10,49,tolerance_autoimmunity,Hard,0.8,,False,0.05,0.17102570300539854,0.30324371706261705,1.0,0.0,1,3309,
10,50,innate_immunity,Easy,0.2,True,True,0.9439992764944086,0.9999999140844237,0.7092685344201014,0.0,0.0,0,4615,
10,51,antigen_recognition,Easy,0.2,True,False,0.9251550356491447,0.9997700251609696,0.6354044336388971,0.0,0.24999999999999994,3,2287,
10,52,cell_mediated_immunity,Medium,0.5,,True,0.32328944533335585,0.5301245150530772,0.3888080482371139,1.0,0.0,0,2661,
10,53,humoral_immunity,Medium,0.5,True,True,0.8740125249515228,0.9999977762117863,0.8457259288634061,0.0,0.15,0,4674,
10,54,tolerance_autoimmunity,Hard,0.8,False,False,0.05,0.15273125049766856,0.30324371706261705,1.0,0.0,2,3082,
10,55,innate_immunity,Easy,0.2,,True,0.95,0.9999999837715011,0.7092685344201014,0.0,0.0,0,3377,
10,56,antigen_recognition,Easy,0.2,,True,0.9316570652332505,0.9999565525367649,0.6749632001935808,0.0,0.04999999999999993,0,2724,
10,57,cell_mediated_immunity,Medium,0.5,True,False,0.3391349135364582,0.4800032687369974,0.39465595025911854,1.0,0.0,3,5588,
10,58,humoral_immunity,Medium,0.5,True,True,0.8883855766077364,0.999999906655606,0.8621517353512748,0.0,0.3,0,3795,
10,59,tolerance_autoimmunity,Hard,0.8,False,False,0.05,0.1523873942979004,0.30324371706261705,1.0,0.0,2,3877,
11,0,innate_immunity,Easy,0.2,True,True,0.7417630085916671,0.7384615384615385,0.48357014796310926,0.0,0.0,0,5728,
11,1,antigen_recognition,Easy,0.2,False,False,0.30494060957565344,0.151473136915078,0.08949181768834262,0.0,0.0,1,4837,
11,2,cell_mediated_immunity,Medium,0.5,False,False,0.24228731304695217,0.151473136915078,0.3597301079747224,0.0,0.0,3,3363,
11,3,humoral_immunity,Medium,0.5,True,False,0.5706631342488716,0.2,0.5636564026095076,0.0,0.0,1,5662,
11,4,tolerance_autoimmunity,Hard,0.8,,False,0.05,0.16164383561643833,0.2916878869723976,0.0,0.0,2,5326,
11,5,innate_immunity,Easy,0.2,,False,0.8457202199280958,0.3717391304347826,0.5281317055437421,0.0,0.0,2,3560,
11,6,antigen_recognition,Easy,0.2,False,False,0.3400550078795685,0.15236428212260275,0.1155304399003522,0.0,0.0,1,4016,
11,7,cell_mediated_immunity,Medium,0.5,,False,0.3011938393668087,0.1685530193297038,0.40590186810503903,0.0,0.0,2,3075,
11,8,humoral_immunity,Medium,0.5,False,True,0.5943405400169486,0.25479452054794516,0.5949527026702073,0.0,0.0,0,3873,
11,9,tolerance_autoimmunity,Hard,0.8,False,False,0.05,0.15255307234129206,0.2916878869723976,0.0,0.0,2,4225,
11,10,innate_immunity,Easy,0.2,True,True,0.8774811129454891,0.9345238888518692,0.6095645897620057,0.0,0.0,0,4366,
11,11,antigen_recognition,Easy,0.2,False,False,0.37593990634563146,0.15238064594829565,0.14082441219062425,0.0,0.0,1,5706,
11,12,cell_mediated_immunity,Medium,0.5,False,False,0.36248636820641417,0.15268390696295708,0.44874404572634813,0.0,0.0,2,5376,
11,13,humoral_immunity,Medium,0.5,True,True,0.6386976908984998,0.8927270618257742,0.624004307487647,0.0,0.0,0,3990,
11,14,tolerance_autoimmunity,Hard,0.8,False,False,0.05,0.15238411698161172,0.2916878869723976,0.0,0.0,1,2706,
11,15,innate_immunity,Easy,0.2,True,True,0.9211000115138424,0.9970691989906543,0.6769441571755315,0.0,0.0,0,4845,
11,16,antigen_recognition,Easy,0.2,True,True,0.412157492772056,0.8168277462426223,0.18259446243829613,0.15,0.0,0,5119,
11,17,cell_mediated_immunity,Medium,0.5,,True,0.42371635396694807,0.5306167568912628,0.5163236377294278,0.15,0.0,0,4658,
11,18,humoral_immunity,Medium,0.5,False,True,0.6778755696448513,0.8503819772407705,0.65097221554169,0.0,0.0,0,4877,
11,19,tolerance_autoimmunity,Hard,0.8,False,False,0.05,0.1523810105539718,0.2916878869723976,0.15,0.0,3,3851,
11,20,innate_immunity,Easy,0.2,True,True,0.9459185357057708,0.9998766350195818,0.7326956652845324,0.0,0.0,0,2917,
11,21,antigen_recognition,Easy,0.2,True,True,0.47391539655535003,0.9906902039543113,0.22934662655951538,0.0,0.0,0,2836,
11,22,cell_mediated_immunity,Medium,0.5,False,False,0.5244659020831173,0.16475326663266993,0.5407391732408267,0.3,0.0,2,5243,
11,23,humoral_immunity,Medium,0.5,True,True,0.7121467695125523,0.9926783883034446,0.672250828512445,0.0,0.15,0,4377,
11,24,tolerance_autoimmunity,Hard,0.8,,False,0.05,0.16868132691030582,0.2916878869723976,0.3,0.0,1,4467,
11,25,innate_immunity,Easy,0.2,True,True,0.95,0.9999948211095279,0.7326956652845324,0.0,0.15,0,2826,
11,26,antigen_recognition,Easy,0.2,False,False,0.5439065582048781,0.6807769114849695,0.2513856948921917,0.0,0.0,2,5127,
11,27,cell_mediated_immunity,Medium,0.5,,False,0.5608063038586573,0.17045360854985953,0.5589544361275689,0.44999999999999996,0.0,1,5126,
11,28,humoral_immunity,Medium,0.5,,True,0.7375948431024103,0.998609108348418,0.688706061346854,0.0,0.3,0,4456,
11,29,tolerance_autoimmunity,Hard,0.8,False,False,0.05,0.15268635682130677,0.2916878869723976,0.44999999999999996,0.0,2,5599,
11,30,innate_immunity,Easy,0.2,True,True,0.95,0.9999997826134038,0.7326956652845324,0.0,0.3,0,3404,
11,31,antigen_recognition,Easy,0.2,True,True,0.5764737157489627,0.9807628159939096,0.2942032894001696,0.0,0.0,0,3292,
11,32,cell_mediated_immunity,Medium,0.5,,True,0.5875209811200091,0.5583615834691394,0.6066620909040038,0.24999999999999994,0.0,0,2862,
11,33,humoral_immunity,Medium,0.5,True,True,0.756251376731334,0.9999415395969624,0.7009860437120954,0.0,0.44999999999999996,0,902,
11,34,tolerance_autoimmunity,Hard,0.8,False,False,0.05,0.15238656841947498,0.2916878869723976,0.6,0.0,2,4441,
11,35,innate_immunity,Easy,0.2,True,True,0.95,0.9999999908751287,0.7326956652845324,0.0,0.44999999999999996,0,3128,
11,36,antigen_recognition,Easy,0.2,True,True,0.6376594242272288,0.9991774715214694,0.3345718973112569,0.0,0.0,0,4627,
11,37,cell_mediated_immunity,Medium,0.5,True,True,0.6547472544355372,0.9680475025103606,0.6605551401458458,0.04999999999999993,0.0,0,3433,
11,38,humoral_immunity,Medium,0.5,False,True,0.7695755812381658,0.9999116638519845,0.7095646322870514,0.0,0.6,0,3592,
11,39,tolerance_autoimmunity,Hard,0.8,False,False,0.05,0.15238105561762608,0.2916878869723976,0.75,0.0,1,2368,
11,40,innate_immunity,Easy,0.2,False,True,0.95,0.9999999862113058,0.7326956652845324,0.0,0.6,0,4896,
11,41,antigen_recognition,Easy,0.2,False,False,0.6915618778457631,0.9574589005154791,0.35360174384286747,0.0,0.0,2,4521,
11,42,cell_mediated_immunity,Medium,0.5,False,False,0.7237881990907203,0.42309604118963806,0.6850335153464654,0.0,0.0,1,4763,
11,43,humoral_immunity,Medium,0.5,True,True,0.7785761032754388,0.9999962917515269,0.7147724275145643,0.0,0.75,0,4529,
11,44,tolerance_autoimmunity,Hard,0.8,False,False,0.05,0.1523809542786856,0.2916878869723976,0.9,0.0,3,1918,
11,45,innate_immunity,Easy,0.2,,True,0.95,0.9999999973954689,0.7326956652845324,0.0,0.75,0,2514,
11,46,antigen_recognition,Easy,0.2,True,True,0.7153701349763231,0.9981390675440938,0.3905730095987554,0.0,0.0,0,4582,
11,47,cell_mediated_immunity,Medium,0.5,True,True,0.7521665993182418,0.9463761750412157,0.7304598493335644,0.0,0.0,0,2572,
11,48,humoral_immunity,Medium,0.5,True,True,0.7839159854847728,0.9999998443445771,0.718863958934974,0.0,0.9,0,3791,
11,49,tolerance_autoimmunity,Hard,0.8,False,False,0.05,0.15238095241583718,0.2916878869723976,1.0,0.0,3,4467,
11,50,innate_immunity,Easy,0.2,True,True,0.95,0.9999999998906739,0.7326956652845324,0.0,0.9,0,3677,
11,51,antigen_recognition,Easy,0.2,False,False,0.7583103111711913,0.9093884578568917,0.4080013419049755,0.0,0.0,2,3123,
11,52,cell_mediated_immunity,Medium,0.5,True,True,0.799433757625711,0.9976282201774657,0.7693345280809722,0.0,0.0,0,3505,
11,53,humoral_immunity,Medium,0.5,False,False,0.7880454253874385,0.9999915324280297,0.7218885883617607,0.0,0.7,2,3606,
11,54,tolerance_autoimmunity,Hard,0.8,False,False,0.05,0.15238095238159366,0.2916878869723976,1.0,0.0,2,4197,
11,55,innate_immunity,Easy,0.2,,True,0.95,0.9999999999793495,0.7326956652845324,0.0,1.0,0,5758,
11,56,antigen_recognition,Easy,0.2,True,True,0.7769548548857236,0.9958380555686961,0.44186117909834766,0.0,0.0,0,4681,
11,57,cell_mediated_immunity,Medium,0.5,,True,0.8342437331832447,0.9995511691784987,0.8026024701549099,0.0,0.0,0,3752,
11,58,humoral_immunity,Medium,0.5,False,True,0.7910608001950851,0.9999872046421807,0.731862217218684,0.0,0.49999999999999994,0,2562,
11,59,tolerance_autoimmunity,Hard,0.8,,False,0.05,0.1686813186814094,0.2916878869723976,1.0,0.0,1,1766,
12,0,innate_immunity,Easy,0.2,False,False,0.7605121147923979,0.151473136915078,0.42808244012781577,0.0,0.0,2,4147,
12,1,antigen_recognition,Easy,0.2,True,True,0.6767372462162873,0.7384615384615385,0.45062093005428394,0.0,0.0,0,3035,
12,2,cell_mediated_immunity,Medium,0.5,,False,0.24532634468079395,0.16164383561643833,0.33806444490795123,0.0,0.0,1,2133,
12,3,humoral_immunity,Medium,0.5,,False,0.066951992222518,0.16164383561643833,0.09967042249794966,0.0,0.0,1,4040,
12,4,tolerance_autoimmunity,Hard,0.8,False,False,0.05,0.151473136915078,0.1421353490328186,0.0,0.0,2,5304,
12,5,innate_immunity,Easy,0.2,True,True,0.7971368312570605,0.8158135829516033,0.49493451074760314,0.0,0.0,0,3407,
12,6,antigen_recognition,Easy,0.2,,True,0.8181294759915999,0.9379828326180258,0.5540943495057183,0.0,0.0,0,5068,
12,7,cell_mediated_immunity,Medium,0.5,False,False,0.2745590480289613,0.15255307234129206,0.36247676082674735,0.0,0.0,1,5700,
12,8,humoral_immunity,Medium,0.5,False,True,0.08302202913966697,0.23316749585406296,0.17397350717845594,0.0,0.0,0,6140,
12,9,tolerance_autoimmunity,Hard,0.8,False,False,0.05,0.15236428212260275,0.1421353490328186,0.0,0.0,3,3534,
12,10,innate_immunity,Easy,0.2,False,True,0.8544087988907582,0.7565496122920645,0.5539721695365109,0.0,0.0,0,4063,
12,11,antigen_recognition,Easy,0.2,True,True,0.8932680446978432,0.9972337256867123,0.6380789512742541,0.0,0.0,0,3335,
12,12,cell_mediated_immunity,Medium,0.5,False,False,0.304673790859437,0.15238411698161172,0.38598874564241026,0.0,0.0,1,3931,
12,13,humoral_immunity,Medium,0.5,False,False,0.12388333808314544,0.1540192774650066,0.20805897875362533,0.0,0.0,2,4083,
12,14,tolerance_autoimmunity,Hard,0.8,False,False,0.05,0.15238064594829565,0.1421353490328186,0.0,0.0,1,1645,
12,15,innate_immunity,Easy,0.2,,True,0.8931981325363126,0.9432738045524699,0.6061088516611157,0.0,0.0,0,4096,
12,16,antigen_recognition,Easy,0.2,,True,0.932671768939965,0.9994763548716596,0.696020414558944,0.0,0.15,0,3548,
12,17,cell_mediated_immunity,Medium,0.5,True,False,0.3353540783762339,0.22806296144035879,0.4052368750308383,0.15,0.0,1,1497,
12,18,humoral_immunity,Medium,0.5,False,True,0.14783969351480286,0.22896113978029511,0.2734168901607978,0.0,0.0,0,3738,
12,19,tolerance_autoimmunity,Hard,0.8,False,False,0.05,0.15238094674800115,0.1421353490328186,0.15,0.0,1,3830,
12,20,innate_immunity,Easy,0.2,True,True,0.9195799236342428,0.9974831812330343,0.6452448646215735,0.0,0.15,0,4110,
12,21,antigen_recognition,Easy,0.2,True,True,0.95,0.9999780088872486,0.696020414558944,0.0,0.3,0,3592,
12,22,cell_mediated_immunity,Medium,0.5,False,False,0.36156483554829894,0.15390581452804292,0.4205913632953415,0.3,0.0,3,3398,
12,23,humoral_immunity,Medium,0.5,,True,0.20432179540841247,0.6361740130785453,0.3333808941065472,0.0,0.0,0,4494,
12,24,tolerance_autoimmunity,Hard,0.8,False,False,0.05,0.1523809522774055,0.1421353490328186,0.3,0.0,1,3181,
12,25,innate_immunity,Easy,0.2,True,True,0.9353219664539716,0.9998941023921065,0.6742722663293401,0.0,0.3,0,4434,
12,26,antigen_recognition,Easy,0.2,True,True,0.95,0.9999990768969573,0.696020414558944,0.0,0.44999999999999996,0,2335,
12,27,cell_mediated_immunity,Medium,0.5,False,False,0.3830903255281275,0.15240903252254845,0.4323441519423275,0.44999999999999996,0.0,1,4040,
12,28,humoral_immunity,Medium,0.5,True,False,0.268997531162675,0.5714794423794644,0.36088851859905247,0.0,0.0,1,4864,
12,29,tolerance_autoimmunity,Hard,0.8,False,False,0.05,0.15238095237904895,0.1421353490328186,0.44999999999999996,0.0,2,4023,
12,30,innate_immunity,Easy,0.2,True,True,0.9450925385500876,0.9999955544677009,0.6952133358822185,0.0,0.44999999999999996,0,6261,
12,31,antigen_recognition,Easy,0.2,True,True,0.95,0.9999999612524308,0.696020414558944,0.0,0.6,0,2957,
12,32,cell_mediated_immunity,Medium,0.5,True,True,0.39988721004589206,0.8168593236452255,0.449092361086656,0.6,0.0,0,2868,
12,33,humoral_immunity,Medium,0.5,,False,0.30265876427070926,0.2714501935075884,0.3872610580054402,0.0,0.0,3,4584,
12,34,tolerance_autoimmunity,Hard,0.8,False,False,0.05,0.1523809523809174,0.1421353490328186,0.6,0.0,1,7139,
12,35,innate_immunity,Easy,0.2,True,True,0.95,0.9999998133966211,0.6952133358822185,0.0,0.6,0,5121,
12,36,antigen_recognition,Easy,0.2,,True,0.95,0.9999999926810146,0.696020414558944,0.0,0.75,0,4581,
12,37,cell_mediated_immunity,Medium,0.5,True,True,0.4242267467015046,0.990692147199838,0.47347346203179635,0.39999999999999997,0.0,0,3056,
12,38,humoral_immunity,Medium,0.5,False,False,0.3370577387596031,0.15491981591066734,0.4087527069732137,0.15,0.0,3,4781,
12,39,tolerance_autoimmunity,Hard,0.8,,False,0.05,0.16868131868131372,0.1421353490328186,0.75,0.0,2,4850,
12,40,innate_immunity,Easy,0.2,True,True,0.95,0.9999999921672642,0.6952133358822185,0.0,0.75,0,2505,
12,41,antigen_recognition,Easy,0.2,True,True,0.95,0.9999999996927834,0.696020414558944,0.0,0.9,0,5325,
12,42,cell_mediated_immunity,Medium,0.5,,True,0.46029397597246313,0.9982290291878102,0.5045429088034775,0.19999999999999996,0.0,0,4779,
12,43,humoral_immunity,Medium,0.5,True,True,0.3664483931249059,0.8196180523631387,0.44290914162233813,0.3,0.0,0,2948,
12,44,tolerance_autoimmunity,Hard,0.8,False,False,0.05,0.15268635666416155,0.1421353490328186,0.9,0.0,1,3991,
12,45,innate_immunity,Easy,0.2,,True,0.95,0.9999999985204833,0.6952133358822185,0.0,0.9,0,5051,
12,46,antigen_recognition,Easy,0.2,True,True,0.95,0.9999999999871045,0.696020414558944,0.0,1.0,0,3548,
12,47,cell_mediated_immunity,Medium,0.5,True,True,0.5068139413316597,0.9999255375949522,0.535606255379242,0.0,0.15,0,4845,
12,48,humoral_immunity,Medium,0.5,True,True,0.41519136241730786,0.9908613734185134,0.4842875581858097,0.09999999999999998,0.0,0,4978,
12,49,tolerance_autoimmunity,Hard,0.8,False,False,0.05,0.15238656841658424,0.1421353490328186,1.0,0.0,3,3878,
12,50,innate_immunity,Easy,0.2,True,True,0.95,0.9999999999378968,0.6952133358822185,0.0,1.0,0,2828,
12,51,antigen_recognition,Easy,0.2,,True,0.95,0.9999999999975643,0.696020414558944,0.0,1.0,0,5960,
12,52,cell_mediated_immunity,Medium,0.5,,True,0.5532071678328607,0.9999859340644149,0.559583963487013,0.0,0.3,0,3495,
12,53,humoral_immunity,Medium,0.5,,False,0.4764487777311963,0.9415936180483161,0.505568112658554,0.0,0.0,1,5229,
12,54,tolerance_autoimmunity,Hard,0.8,False,False,0.05,0.15238105561757292,0.1421353490328186,1.0,0.0,2,4333,
12,55,innate_immunity,Easy,0.2,True,True,0.95,0.9999999999973932,0.6952133358822185,0.0,1.0,0,5168,
12,56,antigen_recognition,Easy,0.2,True,True,0.95,0.9999999999998977,0.696020414558944,0.0,1.0,0,4328,
12,57,cell_mediated_immunity,Medium,0.5,,True,0.5884360357881279,0.9999973430719888,0.5774508583380086,0.0,0.44999999999999996,0,4322,
12,58,humoral_immunity,Medium,0.5,False,False,0.5083513922256289,0.32103047750079156,0.5259705382324212,0.0,0.0,1,3505,
12,59,tolerance_autoimmunity,Hard,0.8,,False,0.05,0.16868133328487322,0.1421353490328186,1.0,0.0,3,2789,
13,0,innate_immunity,Easy,0.2,True,True,0.7253104156222229,0.7384615384615385,0.42941509494586444,0.0,0.0,0,3999,
13,1,antigen_recognition,Easy,0.2,True,False,0.31910077905227785,0.2,0.15947492537567837,0.0,0.0,3,4238,
13,2,cell_mediated_immunity,Medium,0.5,False,False,0.1377148787977158,0.151473136915078,0.24988564395165916,0.0,0.0,1,4820,
13,3,humoral_immunity,Medium,0.5,False,True,0.5514902468550993,0.2,0.5780058665072891,0.0,0.0,0,2519,
13,4,tolerance_autoimmunity,Hard,0.8,False,False,0.21713679838902708,0.151473136915078,0.5977658936957939,0.0,0.0,3,3252,
13,5,innate_immunity,Easy,0.2,True,True,0.798426778910146,0.9853892821031346,0.4898455469898522,0.0,0.0,0,4822,
13,6,antigen_recognition,Easy,0.2,True,False,0.4395101190809741,0.25479452054794516,0.23732186379428866,0.0,0.0,1,4744,
13,7,cell_mediated_immunity,Medium,0.5,,False,0.18232321131090193,0.1685530193297038,0.30166537477639305,0.0,0.0,1,2085,
13,8,humoral_immunity,Medium,0.5,True,True,0.614918609053143,0.8597938144329896,0.6174875980119044,0.0,0.0,0,3800,
13,9,tolerance_autoimmunity,Hard,0.8,False,True,0.2290991939702813,0.2275631655878054,0.6201347132606819,0.0,0.0,0,3946,
13,10,innate_immunity,Easy,0.2,,True,0.8505693167965612,0.9972084751444628,0.5438758305367533,0.0,0.0,0,4728,
13,11,antigen_recognition,Easy,0.2,,False,0.5557500239377007,0.18483913618334066,0.3079588497628075,0.0,0.0,2,4448,
13,12,cell_mediated_immunity,Medium,0.5,False,False,0.23325754945303595,0.15268390696295708,0.34987079656056097,0.0,0.0,1,3282,
13,13,humoral_immunity,Medium,0.5,,True,0.669278932303151,0.9702751349961429,0.6532754224242557,0.0,0.0,0,3498,
13,14,tolerance_autoimmunity,Hard,0.8,,False,0.2536590065386881,0.1801899398371758,0.6306971418624101,0.0,0.0,3,2317,
13,15,innate_immunity,Easy,0.2,True,True,0.8872801247691023,0.9998825131109655,0.5849375920362127,0.0,0.15,0,3587,
13,16,antigen_recognition,Easy,0.2,True,False,0.6565039500948621,0.24615172529534107,0.36243942799573803,0.15,0.0,2,2880,
13,17,cell_mediated_immunity,Medium,0.5,False,False,0.28889121535165935,0.15238652335356928,0.38801696407670416,0.15,0.0,3,4322,
13,18,humoral_immunity,Medium,0.5,True,True,0.7149713019299165,0.9987160078900309,0.6808490135069223,0.0,0.15,0,4516,
13,19,tolerance_autoimmunity,Hard,0.8,,False,0.2658429696330412,0.17272873419971976,0.6394255646125624,0.15,0.0,3,5784,
13,20,innate_immunity,Easy,0.2,True,False,0.9096710917933393,0.9998224804780719,0.6069171508341605,0.0,0.0,2,3745,
13,21,antigen_recognition,Easy,0.2,False,True,0.7260426988622617,0.28189527815237303,0.4451079837824722,0.3,0.0,0,4111,
13,22,cell_mediated_immunity,Medium,0.5,True,False,0.33807192897324045,0.22806428222629388,0.41758821761922227,0.3,0.0,3,3839,
13,23,humoral_immunity,Medium,0.5,False,True,0.7474567798548232,0.9980616809787484,0.7017508289366842,0.0,0.3,0,5847,
13,24,tolerance_autoimmunity,Hard,0.8,True,False,0.27618865661480957,0.23933701927660117,0.6464437873974238,0.3,0.0,2,2684,
13,25,innate_immunity,Easy,0.2,,True,0.9199378499745383,0.9999664639043934,0.648548420879022,0.0,0.0,0,4157,
13,26,antigen_recognition,Easy,0.2,True,True,0.8131558440756241,0.9050197582921867,0.5376143975174682,0.09999999999999998,0.0,0,5761,
13,27,cell_mediated_immunity,Medium,0.5,False,True,0.3788409532965662,0.2711292879931449,0.4618119250918671,0.44999999999999996,0.0,0,2739,
13,28,humoral_immunity,Medium,0.5,True,True,0.7703882861145884,0.9999184882673533,0.7170981193782932,0.0,0.44999999999999996,0,2748,
13,29,tolerance_autoimmunity,Hard,0.8,True,False,0.28468549354985173,0.2778166911626685,0.6518507745859667,0.44999999999999996,0.0,2,2349,
13,30,innate_immunity,Easy,0.2,True,True,0.9365107574188397,0.9999985922671577,0.6857705373593712,0.0,0.0,0,6109,
13,31,antigen_recognition,Easy,0.2,True,True,0.8834677145111792,0.995617477718836,0.6232639625544137,0.0,0.0,0,1293,
13,32,cell_mediated_immunity,Medium,0.5,True,True,0.4429671874077122,0.9003832903446845,0.5175378955931481,0.24999999999999994,0.0,0,2882,
13,33,humoral_immunity,Medium,0.5,True,False,0.7862703373699806,0.9998768345235584,0.7270237218982952,0.0,0.24999999999999994,2,3185,
13,34,tolerance_autoimmunity,Hard,0.8,,True,0.2913378404942098,0.6887706582247963,0.6595952070772805,0.6,0.0,0,4230,
13,35,innate_immunity,Easy,0.2,True,True,0.9485645990691192,0.9999999409099003,0.7190504722204432,0.0,0.0,0,4022,
13,36,antigen_recognition,Easy,0.2,,True,0.9268706192676818,0.9991693588888645,0.6825806582572163,0.0,0.15,0,4444,
13,37,cell_mediated_immunity,Medium,0.5,,True,0.5262825960363673,0.9796031709565548,0.5808153673892643,0.04999999999999993,0.0,0,4634,
13,38,humoral_immunity,Medium,0.5,True,False,0.7961076620897842,0.9998139011074562,0.7391550484980767,0.0,0.04999999999999993,1,4252,
13,39,tolerance_autoimmunity,Hard,0.8,,False,0.3010235062880428,0.33418614052754847,0.6619615073463807,0.75,0.0,2,3776,
13,40,innate_immunity,Easy,0.2,,False,0.95,0.9999995981874882,0.7190504722204432,0.0,0.0,2,1494,
13,41,antigen_recognition,Easy,0.2,True,True,0.9476227403845962,0.99996510602995,0.7237384708838044,0.0,0.3,0,1920,
13,42,cell_mediated_immunity,Medium,0.5,False,True,0.6189024302022236,0.9696594535097848,0.6300064731915176,0.0,0.15,0,3048,
13,43,humoral_immunity,Medium,0.5,True,True,0.8076683500441755,0.9999921870593694,0.7635596776674327,0.0,0.0,0,4644,
13,44,tolerance_autoimmunity,Hard,0.8,False,False,0.3040192551235559,0.15661426937973583,0.6638413882241193,0.9,0.0,3,2177,
13,45,innate_immunity,Easy,0.2,True,True,0.95,0.9999999831337893,0.7190504722204432,0.0,0.0,0,4134,
13,46,antigen_recognition,Easy,0.2,True,True,0.95,0.999998535266251,0.7237384708838044,0.0,0.44999999999999996,0,3184,
13,47,cell_mediated_immunity,Medium,0.5,,True,0.6856884846037522,0.994130498191007,0.6657629296555018,0.0,0.3,0,2829,
13,48,humoral_immunity,Medium,0.5,,True,0.8293967672601433,0.9999985242133573,0.7856810120232819,0.0,0.0,0,4717,
13,49,tolerance_autoimmunity,Hard,0.8,,False,0.306411118459456,0.1692827218401659,0.6657108148128013,1.0,0.0,3,4056,
13,50,innate_immunity,Easy,0.2,True,True,0.95,0.9999999992920356,0.7190504722204432,0.0,0.0,0,3341,
13,51,antigen_recognition,Easy,0.2,True,True,0.95,0.9999999385172632,0.7237384708838044,0.0,0.6,0,5501,
13,52,cell_mediated_immunity,Medium,0.5,True,False,0.7299911309579143,0.9911708372118216,0.6865278101768304,0.0,0.09999999999999998,2,3107,
13,53,humoral_immunity,Medium,0.5,False,True,0.8473655157921398,0.9999977699249659,0.8057326764139762,0.0,0.0,0,4563,
13,54,tolerance_autoimmunity,Hard,0.8,,True,0.3088000615175711,0.5566001064923138,0.6694288756876743,1.0,0.0,0,3640,
13,55,innate_immunity,Easy,0.2,True,True,0.95,0.999999999970283,0.7190504722204432,0.0,0.0,0,3266,
13,56,antigen_recognition,Easy,0.2,True,True,0.95,0.9999999974192431,0.7237384708838044,0.0,0.75,0,4218,
13,57,cell_mediated_immunity,Medium,0.5,False,False,0.7538341450309098,0.691366818310313,0.7081665183007388,0.0,0.0,3,4606,
13,58,humoral_immunity,Medium,0.5,,True,0.8622845901090371,0.999999578762874,0.8211819640841439,0.0,0.15,0,3844,
13,59,tolerance_autoimmunity,Hard,0.8,True,True,0.3135818142111124,0.9678272026216937,0.6731055832155597,0.8,0.0,0,3090,
14,0,innate_immunity,Easy,0.2,False,True,0.7008195951398967,0.2,0.4092809628584587,0.0,0.0,0,2991,
14,1,antigen_recognition,Easy,0.2,False,False,0.5755147027717094,0.151473136915078,0.29583082519459347,0.0,0.0,2,5324,
14,2,cell_mediated_immunity,Medium,0.5,False,False,0.1666312847647796,0.151473136915078,0.2692384400630609,0.0,0.0,3,5120,
14,3,humoral_immunity,Medium,0.5,True,False,0.07243189144683386,0.2,0.14393939318653032,0.0,0.0,1,4770,
14,4,tolerance_autoimmunity,Hard,0.8,False,False,0.10983634591282283,0.151473136915078,0.47878823582115376,0.0,0.0,1,3650,
14,5,innate_immunity,Easy,0.2,True,True,0.7782825444074366,0.8597938144329896,0.4697893354031013,0.0,0.0,0,3302,
14,6,antigen_recognition,Easy,0.2,,True,0.6399126291260039,0.5286442405708461,0.3806007852806169,0.0,0.0,0,4651,
14,7,cell_mediated_immunity,Medium,0.5,True,True,0.20027614307541164,0.8158135829516033,0.3406147693821325,0.0,0.0,0,3633,
14,8,humoral_immunity,Medium,0.5,False,False,0.10561238193578026,0.15330739299610896,0.20772931035721476,0.0,0.0,3,4678,
14,9,tolerance_autoimmunity,Hard,0.8,False,False,0.12705299295613567,0.15236428212260275,0.5049315483258142,0.0,0.0,1,2030,
14,10,innate_immunity,Easy,0.2,True,True,0.8346207366987333,0.9932097858967958,0.5240997307067904,0.0,0.0,0,3218,
14,11,antigen_recognition,Easy,0.2,True,True,0.7471755352343521,0.9641519329080039,0.45516588779818484,0.0,0.0,0,917,
14,12,cell_mediated_immunity,Medium,0.5,True,False,0.277617324783862,0.7565496122920643,0.3728171319234615,0.0,0.0,2,5318,
14,13,humoral_immunity,Medium,0.5,False,False,0.14759067114321123,0.15239800083060046,0.2667658800426207,0.0,0.0,1,5695,
14,14,tolerance_autoimmunity,Hard,0.8,False,True,0.14549126056977787,0.22805207479018869,0.5545955433958698,0.0,0.0,0,4639,
14,15,innate_immunity,Easy,0.2,False,False,0.8748564551325748,0.7412859511340206,0.5484733745018434,0.0,0.0,3,4202,
14,16,antigen_recognition,Easy,0.2,True,False,0.8221518957297239,0.9472989881563948,0.4879602556840093,0.0,0.0,2,4026,
14,17,cell_mediated_immunity,Medium,0.5,,True,0.3179742067591686,0.9432738045524697,0.43407652676488406,0.0,0.0,0,5084,
14,18,humoral_immunity,Medium,0.5,False,False,0.19791059042025536,0.1523812657777585,0.31320768789541864,0.15,0.0,3,4258,
14,19,tolerance_autoimmunity,Hard,0.8,True,False,0.18657404168997083,0.27112208580917685,0.5735853214385205,0.15,0.0,1,4220,
14,20,innate_immunity,Easy,0.2,True,True,0.890009706417226,0.9855985280783889,0.5947240276070377,0.0,0.0,0,4170,
14,21,antigen_recognition,Easy,0.2,False,False,0.84912587192771,0.3363827825162981,0.5187806822527519,0.0,0.0,2,2990,
14,22,cell_mediated_immunity,Medium,0.5,,False,0.4023841710345172,0.7238975584121592,0.4617145022753284,0.0,0.0,3,4532,
14,23,humoral_immunity,Medium,0.5,,False,0.24587147469602152,0.16868136301353626,0.3490314333729536,0.3,0.0,2,4949,
14,24,tolerance_autoimmunity,Hard,0.8,False,False,0.20448614018490657,0.1549117043674246,0.5885572101698486,0.3,0.0,3,3204,
14,25,innate_immunity,Easy,0.2,True,True,0.9143813173151878,0.9993871030351531,0.636237146330296,0.0,0.0,0,4091,
14,26,antigen_recognition,Easy,0.2,True,True,0.8713203916069122,0.9245422309182215,0.5767112816280093,0.0,0.0,0,3637,
14,27,cell_mediated_immunity,Medium,0.5,False,True,0.4428229593428093,0.6565361406226863,0.5142909445235934,0.0,0.0,0,4689,
14,28,humoral_immunity,Medium,0.5,False,False,0.2878577185364306,0.15268635751075316,0.37571047553240505,0.44999999999999996,0.0,2,5396,
14,29,tolerance_autoimmunity,Hard,0.8,False,False,0.219487282935814,0.15242761030380572,0.5999078031425457,0.44999999999999996,0.0,1,3998,
14,30,innate_immunity,Easy,0.2,,True,0.9319745037447118,0.9998841753599743,0.6734980045112976,0.0,0.0,0,3265,
14,31,antigen_recognition,Easy,0.2,True,True,0.9055325326193597,0.9965878805448605,0.6276680247589104,0.0,0.0,0,5057,
14,32,cell_mediated_immunity,Medium,0.5,True,True,0.5214232924860666,0.9785938249478795,0.5617320407683533,0.0,0.0,0,3457,
14,33,humoral_immunity,Medium,0.5,False,True,0.3217508637989638,0.2282288755886106,0.4129259499877001,0.6,0.0,0,3871,
14,34,tolerance_autoimmunity,Hard,0.8,True,False,0.23137682326878484,0.22808683408998745,0.6079350473852765,0.6,0.0,2,2693,
14,35,innate_immunity,Easy,0.2,True,True,0.9448509685859989,0.9999951376896224,0.7019255439451351,0.0,0.15,0,4942,
14,36,antigen_recognition,Easy,0.2,True,True,0.9286416226528409,0.9998563091542851,0.6724904450085039,0.0,0.0,0,5135,
14,37,cell_mediated_immunity,Medium,0.5,True,True,0.5915537551580092,0.9990828051234355,0.6045393802660889,0.0,0.0,0,4413,
14,38,humoral_immunity,Medium,0.5,,False,0.37228085244117215,0.18030029500863604,0.42386250188755376,0.75,0.0,2,2498,
14,39,tolerance_autoimmunity,Hard,0.8,True,False,0.24005286245383922,0.27114259344185127,0.6128514159722749,0.75,0.0,1,3498,
14,40,innate_immunity,Easy,0.2,True,True,0.95,0.9999997959020778,0.7019255439451351,0.0,0.3,0,3338,
14,41,antigen_recognition,Easy,0.2,,True,0.9445351109769877,0.9999728553621371,0.7060030254552107,0.0,0.15,0,3148,
14,42,cell_mediated_immunity,Medium,0.5,False,False,0.6518625336231949,0.9528302230149895,0.6238524701810042,0.0,0.0,2,3241,
14,43,humoral_immunity,Medium,0.5,False,False,0.3877392945279762,0.15291132413391595,0.43244875454093074,0.9,0.0,1,3550,
14,44,tolerance_autoimmunity,Hard,0.8,False,False,0.24547533319880763,0.15491221115175854,0.6167351910953938,0.9,0.0,3,2854,
14,45,innate_immunity,Easy,0.2,True,True,0.95,0.999999991432925,0.7019255439451351,0.0,0.44999999999999996,0,5665,
14,46,antigen_recognition,Easy,0.2,True,True,0.95,0.9999988605660456,0.7060030254552107,0.0,0.3,0,4095,
14,47,cell_mediated_immunity,Medium,0.5,False,False,0.6776766059944468,0.3539193583162858,0.6422223677186037,0.0,0.0,2,4209,
14,48,humoral_immunity,Medium,0.5,,False,0.40003783308120444,0.1687563837269198,0.4409070451455448,1.0,0.0,1,5127,
14,49,tolerance_autoimmunity,Hard,0.8,True,False,0.24981693881491254,0.2294522018229926,0.6205800051843535,1.0,0.0,3,2854,
14,50,innate_immunity,Easy,0.2,True,True,0.95,0.9999999996403944,0.7019255439451351,0.0,0.6,0,5598,
14,51,antigen_recognition,Easy,0.2,True,True,0.95,0.9999999521718563,0.7060030254552107,0.0,0.44999999999999996,0,4924,
14,52,cell_mediated_immunity,Medium,0.5,False,True,0.7012661002758245,0.350219647150819,0.6771679033142615,0.0,0.0,0,4471,
14,53,humoral_immunity,Medium,0.5,True,False,0.4122776217068125,0.23711869951951736,0.44923928073658165,1.0,0.0,2,4688,
14,54,tolerance_autoimmunity,Hard,0.8,,False,0.25416514498068604,0.18050350597727338,0.6243862490862384,1.0,0.0,2,4329,
14,55,innate_immunity,Easy,0.2,True,True,0.95,0.9999999999849055,0.7019255439451351,0.0,0.75,0,5759,
14,56,antigen_recognition,Easy,0.2,False,False,0.95,0.9999973981568244,0.7060030254552107,0.0,0.24999999999999994,3,5132,
14,57,cell_mediated_immunity,Medium,0.5,True,True,0.7432648475499167,0.9286576220312408,0.7087001722663887,0.0,0.0,0,1854,
14,58,humoral_immunity,Medium,0.5,False,True,0.42444207923493243,0.2764948856773842,0.4656553991202817,1.0,0.0,0,4584,
14,59,tolerance_autoimmunity,Hard,0.8,False,True,0.25851858592135935,0.24370299055881847,0.6319223703682719,1.0,0.0,0,5056,
15,0,innate_immunity,Easy,0.2,False,False,0.394009664447539,0.151473136915078,0.19430709903448717,0.0,0.0,2,3886,
15,1,antigen_recognition,Easy,0.2,True,False,0.5011764387415595,0.2,0.22374110426695334,0.0,0.0,2,4820,
15,2,cell_mediated_immunity,Medium,0.5,False,True,0.28710549122966755,0.2,0.3945315308865595,0.0,0.0,0,5465,
15,3,humoral_immunity,Medium,0.5,,False,0.06975785657929996,0.16164383561643833,0.11119392098879774,0.0,0.0,2,4143,
15,4,tolerance_autoimmunity,Hard,0.8,False,False,0.05,0.151473136915078,0.17996702670517933,0.0,0.0,3,4171,
15,5,innate_immunity,Easy,0.2,,False,0.4914614787135069,0.1685530193297038,0.2553570800193972,0.0,0.0,1,4667,
15,6,antigen_recognition,Easy,0.2,True,False,0.5355515618701043,0.25479452054794516,0.2460384991974764,0.0,0.0,3,4051,
15,7,cell_mediated_immunity,Medium,0.5,True,True,0.3468734675925108,0.8597938144329896,0.4373803428456896,0.0,0.0,0,4543,
15,8,humoral_immunity,Medium,0.5,True,False,0.08843972488683406,0.233167495854063,0.1521456656782167,0.0,0.0,3,3426,
15,9,tolerance_autoimmunity,Hard,0.8,,True,0.05,0.5286442405708461,0.17996702670517933,0.0,0.0,0,3894,
15,10,innate_immunity,Easy,0.2,True,True,0.5822805837594947,0.8335008392948863,0.3682051293217693,0.0,0.0,0,3015,
15,11,antigen_recognition,Easy,0.2,False,True,0.5686219610216234,0.2871073424551936,0.289352340592951,0.0,0.0,0,4424,
15,12,cell_mediated_immunity,Medium,0.5,,True,0.4071600908988494,0.9702751349961429,0.47719675794194544,0.0,0.0,0,4036,
15,13,humoral_immunity,Medium,0.5,,False,0.11035441671019222,0.18112401687587895,0.19121055851917274,0.0,0.0,2,4615,
15,14,tolerance_autoimmunity,Hard,0.8,,False,0.05,0.2545118308122718,0.17996702670517933,0.0,0.0,2,4938,
15,15,innate_immunity,Easy,0.2,,True,0.7328695838693694,0.9638715475216395,0.46395144853358694,0.0,0.0,0,2498,
15,16,antigen_recognition,Easy,0.2,False,True,0.6309079830991257,0.3069930050664367,0.3301778734283262,0.0,0.0,0,4827,
15,17,cell_mediated_immunity,Medium,0.5,False,True,0.46584839555676816,0.9560974247560745,0.5086455849417478,0.0,0.15,0,4767,
15,18,humoral_immunity,Medium,0.5,False,False,0.1355519031543901,0.1529275108308759,0.22288578956517086,0.15,0.0,2,4007,
15,19,tolerance_autoimmunity,Hard,0.8,False,False,0.05,0.1545101981138249,0.17996702670517933,0.15,0.0,1,6253,
15,20,innate_immunity,Easy,0.2,True,True,0.8297291179946218,0.9984295613925356,0.5451877454769899,0.0,0.0,0,3116,
15,21,antigen_recognition,Easy,0.2,,True,0.6859100831221078,0.7160458435598281,0.3686580469154655,0.0,0.0,0,4591,
15,22,cell_mediated_immunity,Medium,0.5,True,False,0.5129654701864919,0.9358488641299166,0.526032083174222,0.0,0.0,2,5692,
15,23,humoral_immunity,Medium,0.5,,False,0.15940186163585318,0.16875867594175412,0.24794966845195307,0.3,0.0,1,3585,
15,24,tolerance_autoimmunity,Hard,0.8,,False,0.05,0.16898316449288964,0.17996702670517933,0.3,0.0,1,3270,
15,25,innate_immunity,Easy,0.2,True,True,0.8880649880743422,0.999933981797092,0.6037741809252873,0.0,0.15,0,3895,
15,26,antigen_recognition,Easy,0.2,False,False,0.7334012579241825,0.18222168261136096,0.3867928224929357,0.0,0.0,2,4032,
15,27,cell_mediated_immunity,Medium,0.5,True,True,0.5389689328007055,0.9971323583706387,0.5595746426612022,0.0,0.0,0,3988,
15,28,humoral_immunity,Medium,0.5,False,False,0.18059788899955379,0.15268783405416966,0.26700756605654197,0.44999999999999996,0.0,2,4596,
15,29,tolerance_autoimmunity,Hard,0.8,,False,0.05,0.1710698557674945,0.17996702670517933,0.44999999999999996,0.0,1,4968,
15,30,innate_immunity,Easy,0.2,,True,0.9185378850520648,0.9999875292546648,0.6458068340214673,0.0,0.3,0,2485,
15,31,antigen_recognition,Easy,0.2,False,False,0.7541290931167849,0.15294913042579092,0.40440669163667614,0.0,0.0,2,3815,
15,32,cell_mediated_immunity,Medium,0.5,False,True,0.5884224918677228,0.9956763183585509,0.5907434058278057,0.0,0.0,0,4515,
15,33,humoral_immunity,Medium,0.5,False,False,0.19814088557490844,0.1523865955937562,0.2805166181312184,0.6,0.0,3,5187,
15,34,tolerance_autoimmunity,Hard,0.8,False,False,0.05,0.15273209839236976,0.17996702670517933,0.6,0.0,1,3638,
15,35,innate_immunity,Easy,0.2,,True,0.9355256446068656,0.9999976443919218,0.6753290435683901,0.0,0.44999999999999996,0,3204,
15,36,antigen_recognition,Easy,0.2,True,True,0.773194909968723,0.8174584649936807,0.43862254226989283,0.0,0.0,0,5497,
15,37,cell_mediated_immunity,Medium,0.5,True,True,0.632849417176905,0.9998177631046484,0.6197063654884397,0.0,0.0,0,5002,
15,38,humoral_immunity,Medium,0.5,False,False,0.21133446651686577,0.15238105611715982,0.2888041682668309,0.75,0.0,1,3238,
15,39,tolerance_autoimmunity,Hard,0.8,False,False,0.05,0.15238740989686905,0.17996702670517933,0.75,0.0,1,6700,
15,40,innate_immunity,Easy,0.2,True,True,0.9454206451892131,0.9999999011224026,0.6950101460755607,0.0,0.6,0,4647,
15,41,antigen_recognition,Easy,0.2,False,True,0.8071715444005436,0.7584534519460818,0.47087274886696057,0.0,0.0,0,3562,
15,42,cell_mediated_immunity,Medium,0.5,,True,0.6722189372248872,0.9999655725955888,0.6425826366335832,0.0,0.15,0,4818,
15,43,humoral_immunity,Medium,0.5,False,False,0.2197412306677271,0.1523809542878682,0.29535783859224474,0.9,0.0,2,5209,
15,44,tolerance_autoimmunity,Hard,0.8,False,False,0.05,0.1523810710861768,0.17996702670517933,0.9,0.0,3,3986,
15,45,innate_immunity,Easy,0.2,True,True,0.95,0.999999995849582,0.6950101460755607,0.0,0.75,0,3217,
15,46,antigen_recognition,Easy,0.2,True,True,0.8355160407033732,0.9868390030361491,0.5012702344271719,0.0,0.0,0,1319,
15,47,cell_mediated_immunity,Medium,0.5,True,False,0.7017187438127069,0.9999479777596604,0.65522979348408,0.0,0.0,1,3655,
15,48,humoral_immunity,Medium,0.5,False,False,0.22655742737384738,0.15238095241600597,0.3018511168388277,1.0,0.0,3,5120,
15,49,tolerance_autoimmunity,Hard,0.8,,False,0.05,0.16868133547301756,0.17996702670517933,1.0,0.0,2,4127,
15,50,innate_immunity,Easy,0.2,True,True,0.95,0.9999999998257849,0.6950101460755607,0.0,0.9,0,5256,
15,51,antigen_recognition,Easy,0.2,True,True,0.8590741539378975,0.999440563946111,0.5256237546677888,0.0,0.15,0,3522,
15,52,cell_mediated_immunity,Medium,0.5,,False,0.7173549224513264,0.999646377539319,0.6674294326905134,0.0,0.0,1,5416,
15,53,humoral_immunity,Medium,0.5,True,False,0.23345692679825325,0.2280612245090357,0.3082845595196487,1.0,0.0,3,3579,
15,54,tolerance_autoimmunity,Hard,0.8,,False,0.05,0.17102570546085796,0.17996702670517933,1.0,0.0,2,4085,
15,55,innate_immunity,Easy,0.2,,True,0.95,0.9999999999670927,0.6950101460755607,0.0,1.0,0,3402,
15,56,antigen_recognition,Easy,0.2,,True,0.8758541533115733,0.9998942827460094,0.5447002462408476,0.0,0.3,0,3012,
15,57,cell_mediated_immunity,Medium,0.5,True,True,0.731957439964932,0.9999851515966365,0.6909653464973073,0.0,0.0,0,4588,
15,58,humoral_immunity,Medium,0.5,False,True,0.24043563469278784,0.2711274839828718,0.32103287651936774,1.0,0.0,0,5125,
15,59,tolerance_autoimmunity,Hard,0.8,False,False,0.05,0.1527312505448199,0.17996702670517933,1.0,0.0,2,4370,
16,0,innate_immunity,Easy,0.2,True,True,0.8533298402620488,0.7384615384615385,0.5404785978855665,0.0,0.0,0,4207,
16,1,antigen_recognition,Easy,0.2,,True,0.5167162340702937,0.43333333333333335,0.28130341752944843,0.0,0.0,0,3273,
16,2,cell_mediated_immunity,Medium,0.5,,True,0.17158853565557636,0.43333333333333335,0.3195396181116995,0.0,0.0,0,3913,
16,3,humoral_immunity,Medium,0.5,,True,0.21987809033232414,0.43333333333333335,0.39639291313671265,0.0,0.0,0,4221,
16,4,tolerance_autoimmunity,Hard,0.8,False,False,0.254829750154937,0.151473136915078,0.6318663238391675,0.0,0.0,3,3951,
16,5,innate_immunity,Easy,0.2,False,True,0.8852253482358537,0.6715909090909093,0.5831053646105043,0.0,0.0,0,7261,
16,6,antigen_recognition,Easy,0.2,True,False,0.6195928648259398,0.4056555269922879,0.31326141171478883,0.0,0.0,2,5940,
16,7,cell_mediated_immunity,Medium,0.5,False,False,0.2529836346886697,0.1600363306085377,0.35610686364744426,0.0,0.0,2,3889,
16,8,humoral_immunity,Medium,0.5,True,False,0.3494079778612042,0.4056555269922879,0.4420014320124109,0.0,0.0,2,4659,
16,9,tolerance_autoimmunity,Hard,0.8,,True,0.26721435557460976,0.5286442405708461,0.6526666058340664,0.0,0.0,0,1931,
16,10,innate_immunity,Easy,0.2,False,True,0.908763693987219,0.6047068289248718,0.6217779276072559,0.0,0.0,0,3906,
16,11,antigen_recognition,Easy,0.2,,True,0.6636423776396111,0.7912249017316477,0.37433527333195304,0.0,0.0,0,2935,
16,12,cell_mediated_immunity,Medium,0.5,,True,0.2966380703076194,0.5423647901263318,0.4253111819075182,0.0,0.0,0,3197,
16,13,humoral_immunity,Medium,0.5,False,False,0.41386958402091195,0.1589691466170944,0.4841637736656968,0.0,0.0,2,4056,
16,14,tolerance_autoimmunity,Hard,0.8,False,False,0.29234949139509114,0.1646389171166504,0.6624791182619439,0.0,0.0,2,4174,
16,15,innate_immunity,Easy,0.2,True,True,0.9262639604636769,0.9734190605045688,0.6516003175536966,0.0,0.15,0,4142,
16,16,antigen_recognition,Easy,0.2,,True,0.7400082894315406,0.9529197892915223,0.42997764087486345,0.0,0.0,0,3669,
16,17,cell_mediated_immunity,Medium,0.5,True,False,0.38980477536242775,0.48999334982678067,0.4561943716966401,0.0,0.0,1,3309,
16,18,humoral_immunity,Medium,0.5,,True,0.4762635161500595,0.5406836970821328,0.5621168884569604,0.0,0.0,0,3846,
16,19,tolerance_autoimmunity,Hard,0.8,,False,0.3046767873706657,0.17043702313140643,0.6705841226093506,0.15,0.0,1,5330,
16,20,innate_immunity,Easy,0.2,True,True,0.9375908584697645,0.9988553330727872,0.6742234344436644,0.0,0.3,0,5849,
16,21,antigen_recognition,Easy,0.2,True,True,0.7989694535444248,0.9979312041230184,0.48067155450337734,0.0,0.0,0,4315,
16,22,cell_mediated_immunity,Medium,0.5,,False,0.4346672328433362,0.2411356903448299,0.48103439661756225,0.15,0.0,1,4235,
16,23,humoral_immunity,Medium,0.5,,False,0.5921115535534589,0.25902913337020894,0.5902403490721287,0.15,0.0,3,3014,
16,24,tolerance_autoimmunity,Hard,0.8,False,False,0.3150757279353334,0.1527199541505563,0.6770985499911998,0.3,0.0,1,3349,
16,25,innate_immunity,Easy,0.2,True,True,0.9450773324767224,0.9999518999128011,0.6908445121133606,0.0,0.44999999999999996,0,3125,
16,26,antigen_recognition,Easy,0.2,,False,0.8434373435313811,0.9861330039266438,0.5037643252863009,0.0,0.0,1,4179,
16,27,cell_mediated_immunity,Medium,0.5,False,True,0.4715822533987095,0.2788905509369848,0.5368117589698842,0.0,0.0,0,3343,
16,28,humoral_immunity,Medium,0.5,False,True,0.6321478218414126,0.28967726476128475,0.6521631832487796,0.0,0.0,0,3436,
16,29,tolerance_autoimmunity,Hard,0.8,,False,0.32357104940702675,0.16872928930723602,0.6821158071839318,0.44999999999999996,0.0,3,3514,
16,30,innate_immunity,Easy,0.2,,True,0.95,0.9999909140880588,0.6908445121133606,0.0,0.6,0,4539,
16,31,antigen_recognition,Easy,0.2,,False,0.8608761315098341,0.9140477256568641,0.5258302390444322,0.0,0.0,1,2944,
16,32,cell_mediated_immunity,Medium,0.5,,False,0.5549942509676443,0.18919744293577373,0.5579693322854877,0.15,0.0,3,4197,
16,33,humoral_immunity,Medium,0.5,True,True,0.7136093916180716,0.9081891813532085,0.7047282454149698,0.0,0.0,0,2711,
16,34,tolerance_autoimmunity,Hard,0.8,False,True,0.33019457520993156,0.23710359749435217,0.6893002418395718,0.6,0.0,0,3769,
16,35,innate_immunity,Easy,0.2,True,True,0.95,0.9999996186127479,0.6908445121133606,0.0,0.75,0,4560,
16,36,antigen_recognition,Easy,0.2,,True,0.8759888014021084,0.9826014463108469,0.567999674194357,0.0,0.0,0,5201,
16,37,cell_mediated_immunity,Medium,0.5,False,False,0.5860878630844472,0.1530878666265119,0.5745973257346484,0.3,0.0,2,3772,
16,38,humoral_immunity,Medium,0.5,True,False,0.7735330664126947,0.8705103055946014,0.727038963240425,0.0,0.0,2,3953,
16,39,tolerance_autoimmunity,Hard,0.8,False,False,0.3397970973720905,0.15410778430186764,0.6914946358206119,0.75,0.0,1,3883,
16,40,innate_immunity,Easy,0.2,True,True,0.95,0.9999999839911465,0.6908445121133606,0.0,0.9,0,2847,
16,41,antigen_recognition,Easy,0.2,True,True,0.9009654423020297,0.9992574083438943,0.6064188464483939,0.0,0.0,0,4007,
16,42,cell_mediated_immunity,Medium,0.5,False,True,0.6100646441483731,0.22844935570061478,0.6157465946999631,0.09999999999999998,0.0,0,3024,
16,43,humoral_immunity,Medium,0.5,True,True,0.7961225055588488,0.993801642405643,0.7682888056240647,0.0,0.0,0,4577,
16,44,tolerance_autoimmunity,Hard,0.8,,False,0.34275697448917297,0.1689260179355677,0.6932377522447303,0.9,0.0,2,4351,
16,45,innate_immunity,Easy,0.2,True,True,0.95,0.9999999993280234,0.6908445121133606,0.0,1.0,0,4672,
16,46,antigen_recognition,Easy,0.2,,True,0.9197173660199426,0.9998596516259889,0.6414212786943472,0.0,0.0,0,4943,
16,47,cell_mediated_immunity,Medium,0.5,False,False,0.6669626870294137,0.15391435178764992,0.631233633688802,0.24999999999999997,0.0,1,4367,
16,48,humoral_immunity,Medium,0.5,,True,0.8333742905997418,0.998823527411664,0.803304976283436,0.0,0.0,0,2502,
16,49,tolerance_autoimmunity,Hard,0.8,False,False,0.3451169134873045,0.1526910309204691,0.694971019715732,1.0,0.0,2,5515,
16,50,innate_immunity,Easy,0.2,True,True,0.95,0.9999999999717935,0.6908445121133606,0.0,1.0,0,5055,
16,51,antigen_recognition,Easy,0.2,True,True,0.9339201863695933,0.9999941080475934,0.66852739948156,0.0,0.15,0,5351,
16,52,cell_mediated_immunity,Medium,0.5,False,True,0.6872731750397171,0.22890346371741133,0.6688861762617143,0.04999999999999996,0.0,0,5981,
16,53,humoral_immunity,Medium,0.5,True,True,0.8605457100595046,0.9999505619096627,0.8330295070160073,0.0,0.0,0,5141,
16,54,tolerance_autoimmunity,Hard,0.8,True,False,0.34747111170391515,0.22823144141379065,0.6966944938821534,1.0,0.0,2,4188,
16,55,innate_immunity,Easy,0.2,True,True,0.95,0.999999999998816,0.6908445121133606,0.0,1.0,0,2980,
16,56,antigen_recognition,Easy,0.2,True,True,0.943276153870877,0.9999997526820941,0.6891626433072294,0.0,0.3,0,3388,
16,57,cell_mediated_immunity,Medium,0.5,False,True,0.7336688007817,0.2716245960362289,0.7044736132828597,0.0,0.0,0,2727,
16,58,humoral_immunity,Medium,0.5,False,True,0.8806055461875757,0.9999252964248698,0.8544771854468253,0.0,0.15,0,4151,
16,59,tolerance_autoimmunity,Hard,0.8,True,False,0.34981942557280143,0.27122791772703314,0.6984082300781054,1.0,0.0,2,3786,
17,0,innate_immunity,Easy,0.2,,True,0.5977820030165193,0.43333333333333335,0.3639261893529272,0.0,0.0,0,5456,
17,1,antigen_recognition,Easy,0.2,False,False,0.33841156402409617,0.151473136915078,0.11414833132410926,0.0,0.0,2,5182,
17,2,cell_mediated_immunity,Medium,0.5,False,False,0.07879809089784548,0.151473136915078,0.15213450178670418,0.0,0.0,1,3963,
17,3,humoral_immunity,Medium,0.5,False,False,0.10956464987985312,0.151473136915078,0.1913297157781135,0.0,0.0,1,1833,
17,4,tolerance_autoimmunity,Hard,0.8,False,False,0.05209770538693413,0.151473136915078,0.35176734563569423,0.0,0.0,1,1957,
17,5,innate_immunity,Easy,0.2,False,True,0.7278134594213179,0.40565552699228785,0.44875858306124433,0.0,0.0,0,3376,
17,6,antigen_recognition,Easy,0.2,False,False,0.3739963855141452,0.15236428212260275,0.13929227421823467,0.0,0.0,3,2984,
17,7,cell_mediated_immunity,Medium,0.5,,False,0.11034784070315215,0.1685530193297038,0.2098514421274169,0.0,0.0,2,5136,
17,8,humoral_immunity,Medium,0.5,False,False,0.1356357003438181,0.15236428212260275,0.22992442480019637,0.0,0.0,3,3349,
17,9,tolerance_autoimmunity,Hard,0.8,False,False,0.06360198553941926,0.15236428212260275,0.3852345277522877,0.0,0.0,3,4151,
17,10,innate_immunity,Easy,0.2,,True,0.8164609297072241,0.7912249017316477,0.5222769831703564,0.0,0.0,0,3453,
17,11,antigen_recognition,Easy,0.2,False,True,0.40993203326455546,0.22805207479018869,0.18815279267938428,0.0,0.0,0,3825,
17,12,cell_mediated_immunity,Medium,0.5,False,False,0.14919975225527668,0.15268390696295708,0.2636394040991391,0.0,0.0,3,5447,
17,13,humoral_immunity,Medium,0.5,False,False,0.1651423432221385,0.15238064594829565,0.26667715744010945,0.0,0.0,3,5341,
17,14,tolerance_autoimmunity,Hard,0.8,,False,0.07666174392374815,0.1686789605945943,0.4169738544896677,0.0,0.0,2,4099,
17,15,innate_immunity,Easy,0.2,True,True,0.8736541830138889,0.9890667262718434,0.576433322283095,0.0,0.15,0,4964,
17,16,antigen_recognition,Easy,0.2,False,True,0.4822366679770779,0.27112208580917674,0.23423960504637287,0.0,0.0,0,3571,
17,17,cell_mediated_immunity,Medium,0.5,,False,0.19494963847188304,0.16872418687009033,0.30624687966166564,0.15,0.0,3,4351,
17,18,humoral_immunity,Medium,0.5,True,False,0.1978260999952563,0.22806105629874535,0.29642602411426555,0.15,0.0,1,6590,
17,19,tolerance_autoimmunity,Hard,0.8,False,False,0.09127572306988618,0.1526863116330173,0.4425594305174828,0.15,0.0,3,2056,
17,20,innate_immunity,Easy,0.2,True,True,0.9053897706321669,0.9995362525672506,0.6159767246289258,0.0,0.3,0,4646,
17,21,antigen_recognition,Easy,0.2,False,True,0.5511795329955274,0.2970757744802358,0.27771016862295184,0.0,0.0,0,4263,
17,22,cell_mediated_immunity,Medium,0.5,,False,0.23820992152599652,0.17103197192042716,0.3393050891058415,0.3,0.0,2,4927,
17,23,humoral_immunity,Medium,0.5,False,False,0.22768245867471204,0.15390577245528558,0.3199312318401357,0.3,0.0,2,5408,
17,24,tolerance_autoimmunity,Hard,0.8,False,False,0.10483283749542552,0.15238656758822003,0.46270524614820085,0.3,0.0,3,4004,
17,25,innate_immunity,Easy,0.2,True,True,0.9238511049502977,0.9999805254731048,0.6441459201362247,0.0,0.44999999999999996,0,5086,
17,26,antigen_recognition,Easy,0.2,True,False,0.6144984070893201,0.31325811869602926,0.29821158541239934,0.0,0.0,3,3541,
17,27,cell_mediated_immunity,Medium,0.5,True,False,0.2760441755412264,0.23838845955771382,0.36404168808258586,0.44999999999999996,0.0,2,3370,
17,28,humoral_immunity,Medium,0.5,False,False,0.25342794218912074,0.15240903174641343,0.3377826123147693,0.44999999999999996,0.0,1,3113,
17,29,tolerance_autoimmunity,Hard,0.8,,False,0.11672987945621208,0.16868211299676109,0.47796204891956895,0.44999999999999996,0.0,3,5199,
17,30,innate_immunity,Easy,0.2,True,True,0.9349219372064668,0.9999991825355894,0.6631298511834752,0.0,0.6,0,2472,
17,31,antigen_recognition,Easy,0.2,,True,0.6431975203884905,0.7215561686217988,0.3380505978432842,0.0,0.0,0,4830,
17,32,cell_mediated_immunity,Medium,0.5,,False,0.3066665882404963,0.1820046128999779,0.38135838183906834,0.6,0.0,2,4172,
17,33,humoral_immunity,Medium,0.5,True,True,0.27422237008815636,0.8168593227819682,0.36306667469296605,0.6,0.0,0,4131,
17,34,tolerance_autoimmunity,Hard,0.8,,True,0.12650421167329443,0.5556930305426394,0.49952361520347094,0.6,0.0,0,3038,
17,35,innate_immunity,Easy,0.2,True,True,0.9415182563312143,0.9999999656866524,0.674361842115436,0.0,0.75,0,4512,
17,36,antigen_recognition,Easy,0.2,True,False,0.6959961127925794,0.6541420072778611,0.35683931671707403,0.0,0.0,2,4547,
17,37,cell_mediated_immunity,Medium,0.5,False,False,0.3291902510270941,0.15294485051159126,0.391886614631569,0.75,0.0,3,4424,
17,38,humoral_immunity,Medium,0.5,False,True,0.3054241401084216,0.7577594916720565,0.39954471550092674,0.39999999999999997,0.0,0,4328,
17,39,tolerance_autoimmunity,Hard,0.8,False,False,0.14150348091691603,0.16629242011643736,0.5059833076465589,0.75,0.0,3,4069,
17,40,innate_immunity,Easy,0.2,,True,0.9451204218191545,0.9999999935185897,0.683047835455741,0.0,0.9,0,4470,
17,41,antigen_recognition,Easy,0.2,,True,0.7193088569505428,0.9106309288206181,0.3933501594778824,0.0,0.0,0,2864,
17,42,cell_mediated_immunity,Medium,0.5,False,False,0.34328698754378634,0.15239132492914087,0.4001658627098695,0.9,0.0,2,3985,
17,43,humoral_immunity,Medium,0.5,True,False,0.3537189712238909,0.6919812655914983,0.4224706445854237,0.19999999999999996,0.0,3,3607,
17,44,tolerance_autoimmunity,Hard,0.8,,True,0.14627756778349574,0.5520600950891841,0.5289380475077573,0.55,0.0,0,3392,
17,45,innate_immunity,Easy,0.2,,True,0.9477616928563711,0.9999999987757335,0.6915021407137956,0.0,1.0,0,3091,
17,46,antigen_recognition,Easy,0.2,,True,0.7613510587479115,0.9818581484485153,0.4277883605586985,0.0,0.0,0,3636,
17,47,cell_mediated_immunity,Medium,0.5,,True,0.3545714074079298,0.5301410982016014,0.41649892081366224,1.0,0.0,0,5118,
17,48,humoral_immunity,Medium,0.5,,False,0.3857586219829452,0.33636236883128784,0.4500338899016331,0.0,0.0,1,4125,
17,49,tolerance_autoimmunity,Hard,0.8,False,False,0.16432800633882508,0.1660591253943297,0.544746145773056,0.35000000000000003,0.0,3,4432,
17,50,innate_immunity,Easy,0.2,,True,0.95,0.9999999997687498,0.6915021407137956,0.0,1.0,0,5133,
17,51,antigen_recognition,Easy,0.2,True,True,0.7968513485354592,0.9992251267505471,0.46027157935078283,0.0,0.0,0,4101,
17,52,cell_mediated_immunity,Medium,0.5,,False,0.37730417257783067,0.25506380038796694,0.4244430810718892,1.0,0.0,3,3765,
17,53,humoral_immunity,Medium,0.5,True,False,0.4256071919494357,0.338573450582184,0.4723444842743761,0.15,0.0,1,3250,
17,54,tolerance_autoimmunity,Hard,0.8,False,False,0.17777094365772794,0.1526364363872598,0.5564981483496892,0.5,0.0,2,5113,
17,55,innate_immunity,Easy,0.2,,True,0.95,0.9999999999563194,0.6915021407137956,0.0,1.0,0,4896,
17,56,antigen_recognition,Easy,0.2,True,False,0.8265870478653563,0.9988297856868681,0.4755911876633407,0.0,0.0,1,4246,
17,57,cell_mediated_immunity,Medium,0.5,True,False,0.3885665856096248,0.28727044518618094,0.43227908440554563,1.0,0.0,1,4485,
17,58,humoral_immunity,Medium,0.5,False,True,0.4586116477173014,0.34002858302513417,0.5076006277075329,0.3,0.0,0,3806,
17,59,tolerance_autoimmunity,Hard,0.8,,False,0.18831272730130794,0.16871746803248322,0.5645121923791034,0.65,0.0,1,3206,
18,0,innate_immunity,Easy,0.2,True,False,0.3398200897801324,0.2,0.13601933984838252,0.0,0.0,3,2733,
18,1,antigen_recognition,Easy,0.2,True,False,0.29622392959204924,0.2,0.10086340382900365,0.0,0.0,2,3615,
18,2,cell_mediated_immunity,Medium,0.5,,False,0.15846897307702387,0.16164383561643833,0.249794803331512,0.0,0.0,2,4345,
18,3,humoral_immunity,Medium,0.5,True,False,0.3061054537848936,0.2,0.4142143168324538,0.0,0.0,3,4294,
18,4,tolerance_autoimmunity,Hard,0.8,,False,0.05534018993437238,0.16164383561643833,0.35401319830737976,0.0,0.0,2,3609,
18,5,innate_immunity,Easy,0.2,,False,0.40519047551724696,0.17575757575757575,0.18032636357002885,0.0,0.0,2,4029,
18,6,antigen_recognition,Easy,0.2,True,True,0.3555297852356739,0.8597938144329896,0.18673245900069793,0.0,0.0,0,4745,
18,7,cell_mediated_immunity,Medium,0.5,False,False,0.18224196946721086,0.15255307234129206,0.2768543996036303,0.0,0.0,1,4690,
18,8,humoral_immunity,Medium,0.5,False,True,0.3740890825235727,0.25479452054794516,0.507389281154232,0.0,0.0,0,3648,
18,9,tolerance_autoimmunity,Hard,0.8,False,False,0.06440925490915833,0.15255307234129206,0.3798385321352731,0.0,0.0,2,2873,
18,10,innate_immunity,Easy,0.2,False,True,0.4705237639149856,0.24103405826836272,0.26439606773895696,0.0,0.0,0,3344,
18,11,antigen_recognition,Easy,0.2,False,False,0.4801091913883595,0.2243237576011742,0.2255666670869942,0.0,0.0,2,3040,
18,12,cell_mediated_immunity,Medium,0.5,False,False,0.20769535526470811,0.15238411698161172,0.3029379672456329,0.0,0.0,2,5305,
18,13,humoral_immunity,Medium,0.5,True,False,0.5110821064927017,0.28710734245519365,0.5465665668680004,0.0,0.0,2,2737,
18,14,tolerance_autoimmunity,Hard,0.8,True,False,0.07440120010279434,0.2281557032482157,0.40463141783020984,0.0,0.0,2,4559,
18,15,innate_immunity,Easy,0.2,False,True,0.5954100894259992,0.27882982322349065,0.3398431752487635,0.0,0.0,0,4864,
18,16,antigen_recognition,Easy,0.2,False,False,0.538274974226842,0.153823628597595,0.2569995328177481,0.15,0.0,2,3815,
18,17,cell_mediated_immunity,Medium,0.5,True,False,0.23462593709502533,0.22806296144035879,0.32430929961804356,0.15,0.0,1,3179,
18,18,humoral_immunity,Medium,0.5,True,True,0.5693989729975979,0.9071586012020321,0.6186896063487921,0.0,0.0,0,2462,
18,19,tolerance_autoimmunity,Hard,0.8,False,False,0.08531640167678933,0.15390786286522504,0.4248628737874431,0.15,0.0,2,4554,
18,20,innate_immunity,Easy,0.2,True,True,0.6982670043708431,0.9037303268271139,0.4075520614387086,0.0,0.0,0,2473,
18,21,antigen_recognition,Easy,0.2,True,True,0.5846755842202866,0.8184218941842495,0.3279573254165202,0.0,0.0,0,5661,
18,22,cell_mediated_immunity,Medium,0.5,,False,0.25843009463887395,0.18027277628786637,0.3413696217097181,0.3,0.0,1,2779,
18,23,humoral_immunity,Medium,0.5,False,True,0.6708733275157192,0.8691546690249944,0.679340768275214,0.0,0.0,0,3976,
18,24,tolerance_autoimmunity,Hard,0.8,False,False,0.09527851917166773,0.152409070309234,0.4409579019979814,0.3,0.0,1,4302,
18,25,innate_immunity,Easy,0.2,True,True,0.7764873550730562,0.9955519882211794,0.45920174566568833,0.0,0.15,0,3716,
18,26,antigen_recognition,Easy,0.2,,True,0.6830326634210956,0.960061502569477,0.3921385296376495,0.0,0.0,0,2249,
18,27,cell_mediated_immunity,Medium,0.5,False,False,0.27852653442609077,0.15291078392315205,0.3544357131131475,0.44999999999999996,0.0,3,5711,
18,28,humoral_immunity,Medium,0.5,True,False,0.7457447329080223,0.820541413930441,0.7048427678408642,0.0,0.0,3,4168,
18,29,tolerance_autoimmunity,Hard,0.8,False,True,0.10393450297395367,0.22807665772383995,0.46554229543080505,0.44999999999999996,0.0,0,4488,
18,30,innate_immunity,Easy,0.2,True,True,0.825665012569953,0.999812500518017,0.4980285702278198,0.0,0.3,0,5079,
18,31,antigen_recognition,Easy,0.2,False,True,0.7600276631317708,0.9414667279438008,0.45019032105351714,0.0,0.0,0,3809,
18,32,cell_mediated_immunity,Medium,0.5,,True,0.29455029252110554,0.530985160215381,0.3730639060912087,0.6,0.0,0,4120,
18,33,humoral_immunity,Medium,0.5,False,False,0.7736534157866788,0.2066769367809298,0.7283165956980366,0.0,0.0,2,3755,
18,34,tolerance_autoimmunity,Hard,0.8,False,False,0.11849642903800879,0.15390611699995313,0.47408893979023997,0.6,0.0,2,4703,
18,35,innate_immunity,Easy,0.2,,True,0.8567029410869714,0.9999645782655258,0.5263451138491341,0.0,0.44999999999999996,0,4638,
18,36,antigen_recognition,Easy,0.2,True,True,0.8177447286929621,0.9973982810693369,0.4948219067079922,0.0,0.15,0,4312,
18,37,cell_mediated_immunity,Medium,0.5,True,False,0.3182953957299726,0.4807011416520115,0.3787172385610874,0.75,0.0,3,2760,
18,38,humoral_immunity,Medium,0.5,False,True,0.7973639277835805,0.2586408412724064,0.7715305086188383,0.0,0.0,0,4323,
18,39,tolerance_autoimmunity,Hard,0.8,False,False,0.12395852940869266,0.15240903810238554,0.47934517283482814,0.75,0.0,1,3431,
18,40,innate_immunity,Easy,0.2,,False,0.8763240043695416,0.9997591919144557,0.5445627423602375,0.0,0.24999999999999994,1,2621,
18,41,antigen_recognition,Easy,0.2,,True,0.8543247348911902,0.9995075677361636,0.5285936562112469,0.0,0.3,0,3980,
18,42,cell_mediated_immunity,Medium,0.5,False,False,0.32570040296346836,0.16211881759166968,0.3831991218564901,0.9,0.0,2,4587,
18,43,humoral_immunity,Medium,0.5,,True,0.8360576943146375,0.6692520044475304,0.8078708244028379,0.0,0.0,0,4444,
18,44,tolerance_autoimmunity,Hard,0.8,False,False,0.12742407614846754,0.15238146867938937,0.48350813241400625,0.9,0.0,1,3814,
18,45,innate_immunity,Easy,0.2,True,False,0.8876916725161993,0.9996361803679513,0.5667508731752305,0.0,0.04999999999999993,2,4647,
18,46,antigen_recognition,Easy,0.2,True,True,0.8777787816943997,0.9999793203232812,0.5533547099082111,0.0,0.44999999999999996,0,4976,
18,47,cell_mediated_immunity,Medium,0.5,,True,0.3316337135458494,0.5456221781925034,0.39654777591831486,0.7,0.0,0,3783,
18,48,humoral_immunity,Medium,0.5,True,True,0.8638009505592777,0.9797497839649889,0.8384308561616168,0.0,0.0,0,4065,
18,49,tolerance_autoimmunity,Hard,0.8,,False,0.13022722325119512,0.16868139171543667,0.48763780653888017,1.0,0.0,2,4770,
18,50,innate_immunity,Easy,0.2,True,True,0.9002948723393375,0.9999847232751501,0.6111870051975352,0.0,0.0,0,3443,
18,51,antigen_recognition,Easy,0.2,True,True,0.8928442011536792,0.9999991319471225,0.5704168600733348,0.0,0.6,0,5923,
18,52,cell_mediated_immunity,Medium,0.5,True,False,0.3496192297490312,0.4926755929536252,0.4009010311678591,0.85,0.0,2,4135,
18,53,humoral_immunity,Medium,0.5,True,False,0.8839711066854545,0.9698741605799219,0.8512804354917554,0.0,0.0,2,3654,
18,54,tolerance_autoimmunity,Hard,0.8,,False,0.13305959108459034,0.17102571368521907,0.49173446134738547,1.0,0.0,3,1313,
18,55,innate_immunity,Easy,0.2,True,True,0.921804569939849,0.9999993587454469,0.6510655519718901,0.0,0.0,0,3784,
18,56,antigen_recognition,Easy,0.2,True,True,0.9022520033987195,0.9999999635631824,0.5806733379267224,0.0,0.75,0,3975,
18,57,cell_mediated_immunity,Medium,0.5,,False,0.35558151586470127,0.24201259777205403,0.4052228823882003,1.0,0.0,2,4991,
18,58,humoral_immunity,Medium,0.5,,True,0.8916476486799748,0.9941730307336558,0.8749357423986719,0.0,0.0,0,3538,
18,59,tolerance_autoimmunity,Hard,0.8,True,False,0.13592066331511488,0.23838496376503954,0.4957983608495191,1.0,0.0,3,4610,
19,0,innate_immunity,Easy,0.2,,True,0.6360508125426816,0.43333333333333335,0.34278815514918753,0.0,0.0,0,2313,
19,1,antigen_recognition,Easy,0.2,True,True,0.6007389523305432,0.7384615384615385,0.3581524030770334,0.0,0.0,0,3185,
19,2,cell_mediated_immunity,Medium,0.5,False,False,0.4000713148323609,0.151473136915078,0.47102229593660466,0.0,0.0,1,4118,
19,3,humoral_immunity,Medium,0.5,,False,0.3988366871604831,0.16164383561643833,0.4477044120311051,0.0,0.0,1,3570,
19,4,tolerance_autoimmunity,Hard,0.8,False,False,0.1048493049096444,0.151473136915078,0.4741555201154959,0.0,0.0,3,4176,
19,5,innate_immunity,Easy,0.2,,True,0.7019767815214195,0.8086092715231787,0.38903209185522514,0.0,0.0,0,6407,
19,6,antigen_recognition,Easy,0.2,True,True,0.7208968064100711,0.9853892821031346,0.4371318751560962,0.0,0.0,0,4079,
19,7,cell_mediated_immunity,Medium,0.5,True,False,0.45664261146674334,0.22756316558780537,0.5069539939642375,0.0,0.0,2,3981,
19,8,humoral_immunity,Medium,0.5,False,False,0.4221939317784585,0.15255307234129206,0.4633391018453686,0.0,0.0,1,4346,
19,9,tolerance_autoimmunity,Hard,0.8,False,False,0.12400191679446448,0.15236428212260275,0.503934698529912,0.0,0.0,1,4553,
19,10,innate_immunity,Easy,0.2,True,False,0.7566117894069312,0.748261064497534,0.41052711016251137,0.0,0.0,3,4612,
19,11,antigen_recognition,Easy,0.2,True,True,0.8057756235902906,0.9993780725311993,0.5063929077803859,0.0,0.0,0,4743,
19,12,cell_mediated_immunity,Medium,0.5,,True,0.5104294779431691,0.6345216370462498,0.5739359482754318,0.0,0.0,0,4357,
19,13,humoral_immunity,Medium,0.5,False,False,0.4452293138173655,0.15238411698161172,0.4785311961891754,0.0,0.0,3,4191,
19,14,tolerance_autoimmunity,Hard,0.8,True,False,0.14474924466198136,0.22805207479018869,0.5320274477795066,0.0,0.0,2,3575,
19,15,innate_immunity,Easy,0.2,True,False,0.7795700617806094,0.6818811901222283,0.4312658926579469,0.0,0.0,1,3429,
19,16,antigen_recognition,Easy,0.2,,False,0.8627543297044596,0.9957892247895332,0.5367621323010359,0.0,0.0,1,2120,
19,17,cell_mediated_immunity,Medium,0.5,True,False,0.6091202391708442,0.5699640204931741,0.5985358964773845,0.15,0.0,2,4646,
19,18,humoral_immunity,Medium,0.5,,True,0.4678412488168704,0.5301293720235979,0.50362664397855,0.15,0.0,0,3361,
19,19,tolerance_autoimmunity,Hard,0.8,,False,0.1668893687962946,0.18027097096391204,0.5545539986132852,0.15,0.0,1,3027,
19,20,innate_immunity,Easy,0.2,False,True,0.8002080779306039,0.6146360841742798,0.47128419766652585,0.0,0.0,0,4454,
19,21,antigen_recognition,Easy,0.2,,True,0.8829402242372703,0.9992020179200088,0.5937636423375157,0.0,0.0,0,2853,
19,22,cell_mediated_immunity,Medium,0.5,False,True,0.6436439614259899,0.5130419086004148,0.6530761420336703,0.0,0.0,0,4194,
19,23,humoral_immunity,Medium,0.5,False,True,0.505439751329771,0.4800072051977292,0.5317298684928019,0.0,0.0,0,5359,
19,24,tolerance_autoimmunity,Hard,0.8,False,False,0.18653621458914918,0.1529107484846876,0.5722122826111276,0.3,0.0,3,4432,
19,25,innate_immunity,Easy,0.2,,True,0.8358550297003134,0.896053378009654,0.5084866618189198,0.0,0.0,0,2850,
19,26,antigen_recognition,Easy,0.2,,True,0.9139291182424695,0.9998491764425046,0.6437511054382852,0.0,0.0,0,3671,
19,27,cell_mediated_immunity,Medium,0.5,,False,0.7147275743883744,0.24891463822379042,0.6766415271288682,0.0,0.0,3,4329,
19,28,humoral_immunity,Medium,0.5,True,False,0.5474515687208555,0.4405118490609046,0.5449859190839786,0.0,0.0,2,4934,
19,29,tolerance_autoimmunity,Hard,0.8,False,False,0.20314927616045445,0.15239069725889418,0.5855366436833012,0.44999999999999996,0.0,1,3813,
19,30,innate_immunity,Easy,0.2,,True,0.8642350819333711,0.9786386272013244,0.5430714184375086,0.0,0.0,0,3937,
19,31,antigen_recognition,Easy,0.2,True,True,0.9347776585790109,0.9999936682268027,0.6875876014478057,0.0,0.0,0,5023,
19,32,cell_mediated_immunity,Medium,0.5,True,True,0.7426617190574941,0.88976762734062,0.7205708606816091,0.0,0.0,0,6171,
19,33,humoral_immunity,Medium,0.5,,True,0.5670721637817695,0.8129016744329146,0.5707475010021192,0.0,0.0,0,3251,
19,34,tolerance_autoimmunity,Hard,0.8,,False,0.21639830449753125,0.1686826971770604,0.5949252585351323,0.6,0.0,2,4511,
19,35,innate_immunity,Easy,0.2,True,True,0.8867965063932022,0.9990847645643628,0.5703999732785875,0.0,0.15,0,4577,
19,36,antigen_recognition,Easy,0.2,True,True,0.9490939303376185,0.999999734220266,0.7202636470743071,0.0,0.15,0,5562,
19,37,cell_mediated_immunity,Medium,0.5,True,False,0.7897510001301706,0.8465802748903897,0.7395515537750679,0.0,0.0,3,4033,
19,38,humoral_immunity,Medium,0.5,True,True,0.6045559727382178,0.9904474913345577,0.5950505366229915,0.0,0.0,0,3649,
19,39,tolerance_autoimmunity,Hard,0.8,True,False,0.22610294634202463,0.2370776286402669,0.6006602207999759,0.75,0.0,3,4748,
19,40,innate_immunity,Easy,0.2,True,True,0.9022430672189785,0.9999615492564772,0.5915597828897315,0.0,0.3,0,3838,
19,41,antigen_recognition,Easy,0.2,True,True,0.95,0.9999999888438109,0.7202636470743071,0.0,0.3,0,3391,
19,42,cell_mediated_immunity,Medium,0.5,True,True,0.8080376387898625,0.9924605855263253,0.7749343491164717,0.0,0.0,0,2913,
19,43,humoral_immunity,Medium,0.5,True,True,0.6388331385766387,0.9995953560175437,0.6179776046216173,0.0,0.0,0,2930,
19,44,tolerance_autoimmunity,Hard,0.8,True,True,0.23218066363188566,0.883444677773284,0.6097062494169412,0.9,0.0,0,4344,
19,45,innate_immunity,Easy,0.2,True,True,0.9128832399094858,0.9999983859591768,0.6073664608017741,0.0,0.44999999999999996,0,3327,
19,46,antigen_recognition,Easy,0.2,True,True,0.95,0.9999999995317156,0.7202636470743071,0.0,0.44999999999999996,0,3835,
19,47,cell_mediated_immunity,Medium,0.5,,True,0.8388378058900141,0.9985674881433749,0.8055102729855442,0.0,0.0,0,3149,
19,48,humoral_immunity,Medium,0.5,,False,0.669929370149112,0.9972561927748758,0.6287921064643865,0.0,0.0,2,4318,
19,49,tolerance_autoimmunity,Hard,0.8,False,False,0.24199691021511976,0.24000710765747235,0.6141268063219779,1.0,0.0,3,2827,
19,50,innate_immunity,Easy,0.2,True,True,0.9201361813361617,0.9999999322500344,0.6184173392529816,0.0,0.6,0,2410,
19,51,antigen_recognition,Easy,0.2,,True,0.95,0.9999999999115463,0.7202636470743071,0.0,0.6,0,4680,
19,52,cell_mediated_immunity,Medium,0.5,False,True,0.8621260512115346,0.997837724571802,0.8319323550010185,0.0,0.0,0,3826,
19,53,humoral_immunity,Medium,0.5,True,False,0.6841160437573048,0.9958626318580573,0.6393004653911327,0.0,0.0,1,4569,
19,54,tolerance_autoimmunity,Hard,0.8,False,True,0.24689543755097937,0.2782165330177414,0.622867783640901,0.8,0.0,0,2621,
19,55,innate_immunity,Easy,0.2,True,True,0.924874919063184,0.9999999971561742,0.6251297427762749,0.0,0.75,0,3847,
19,56,antigen_recognition,Easy,0.2,,True,0.95,0.999999999983292,0.7202636470743071,0.0,0.75,0,6324,
19,57,cell_mediated_immunity,Medium,0.5,True,True,0.8799116866859659,0.9999090508759358,0.8513400254893603,0.0,0.15,0,3998,
19,58,humoral_immunity,Medium,0.5,True,False,0.6975804998898187,0.9937680312126043,0.6479797154941862,0.15,0.0,2,4253,
19,59,tolerance_autoimmunity,Hard,0.8,True,False,0.25677601376108156,0.3014576666205362,0.6314107563154442,0.6000000000000001,0.0,2,2241,
20,0,innate_immunity,Easy,0.2,,True,0.738187651915543,0.43333333333333335,0.4263137470205103,0.0,0.0,0,2372,
20,1,antigen_recognition,Easy,0.2,False,True,0.34536759968505615,0.2,0.20957775035423196,0.0,0.0,0,4447,
20,2,cell_mediated_immunity,Medium,0.5,False,False,0.49253915047772956,0.151473136915078,0.5215529621139425,0.0,0.0,3,4135,
20,3,humoral_immunity,Medium,0.5,,True,0.6459194883570805,0.43333333333333335,0.6518932712588733,0.0,0.0,0,6359,
20,4,tolerance_autoimmunity,Hard,0.8,False,False,0.08559718822832586,0.151473136915078,0.42995459554641513,0.0,0.0,1,4037,
20,5,innate_immunity,Easy,0.2,,True,0.7954153300386914,0.8086092715231787,0.4752936750242913,0.0,0.0,0,4645,
20,6,antigen_recognition,Easy,0.2,True,True,0.51436267314259,0.8597938144329896,0.31085054500047227,0.0,0.0,0,4453,
20,7,cell_mediated_immunity,Medium,0.5,,False,0.5322844643820661,0.1685530193297038,0.5466866686779249,0.0,0.0,3,3535,
20,8,humoral_immunity,Medium,0.5,False,True,0.7132783040110589,0.40565552699228785,0.6969089637291911,0.0,0.0,0,4042,
20,9,tolerance_autoimmunity,Hard,0.8,False,False,0.09794473233478054,0.15236428212260275,0.45365119841411,0.0,0.0,2,2390,
20,10,innate_immunity,Easy,0.2,,True,0.8391290543489632,0.9575257197198928,0.5200918166687235,0.0,0.0,0,2167,
20,11,antigen_recognition,Easy,0.2,True,True,0.6604058338231358,0.9932097858967958,0.39914777001914215,0.0,0.0,0,3038,
20,12,cell_mediated_immunity,Medium,0.5,True,True,0.5695756462508725,0.8335008392948863,0.5943134417532919,0.0,0.0,0,4080,
20,13,humoral_immunity,Medium,0.5,True,True,0.7652090970137135,0.9426495265054792,0.736103416903416,0.0,0.0,0,4208,
20,14,tolerance_autoimmunity,Hard,0.8,True,False,0.1112443891111571,0.22805207479018869,0.4763627411741675,0.0,0.0,3,4878,
20,15,innate_immunity,Easy,0.2,True,True,0.872199853593065,0.9981421134918829,0.5549191947417116,0.0,0.15,0,5228,
20,16,antigen_recognition,Easy,0.2,,True,0.7676138929134303,0.9987105942932053,0.46458429694867714,0.0,0.15,0,6149,
20,17,cell_mediated_immunity,Medium,0.5,,True,0.6378121144595068,0.9638715475216395,0.636936370121606,0.0,0.0,0,4912,
20,18,humoral_immunity,Medium,0.5,True,False,0.8048080708955149,0.9170376734918513,0.7531664128868659,0.0,0.0,1,5261,
20,19,tolerance_autoimmunity,Hard,0.8,False,False,0.12544765684774642,0.15390557411223033,0.49486505776395817,0.15,0.0,2,4528,
20,20,innate_immunity,Easy,0.2,,True,0.8937389728451105,0.9996485580401413,0.5815191315171474,0.0,0.3,0,4156,
20,21,antigen_recognition,Easy,0.2,True,True,0.8302648945940323,0.9999458103755711,0.512604366220326,0.0,0.3,0,3216,
20,22,cell_mediated_immunity,Medium,0.5,True,False,0.6945797354438704,0.9468980538078746,0.6560087731565079,0.0,0.0,2,5039,
20,23,humoral_immunity,Medium,0.5,,True,0.820390953940379,0.9832484217328993,0.7850858902523647,0.0,0.0,0,3418,
20,24,tolerance_autoimmunity,Hard,0.8,False,False,0.13814184866171034,0.15240902808749124,0.5095638649450565,0.3,0.0,1,5459,
20,25,innate_immunity,Easy,0.2,,True,0.9079715092202958,0.9999335983682225,0.6011700112210584,0.0,0.44999999999999996,0,3683,
20,26,antigen_recognition,Easy,0.2,True,True,0.8671079342138309,0.9999977252566092,0.546950508265733,0.0,0.44999999999999996,0,2688,
20,27,cell_mediated_immunity,Medium,0.5,,True,0.7183016197172906,0.989537515957878,0.6921497621122286,0.0,0.0,0,4366,
20,28,humoral_immunity,Medium,0.5,True,True,0.8469031144490666,0.9992854688958741,0.8128776755675122,0.0,0.0,0,4625,
20,29,tolerance_autoimmunity,Hard,0.8,False,False,0.14898085592501512,0.15238146849528006,0.5207768641701397,0.44999999999999996,0.0,1,5519,
20,30,innate_immunity,Easy,0.2,,True,0.9173610547022728,0.9999874568217517,0.6147904624936391,0.0,0.6,0,5131,
20,31,antigen_recognition,Easy,0.2,True,True,0.8891120513342945,0.9999999045167377,0.5701692818574683,0.0,0.6,0,3912,
20,32,cell_mediated_immunity,Medium,0.5,False,True,0.7600399547670256,0.9843176391310535,0.7244936452676557,0.0,0.0,0,6779,
20,33,humoral_immunity,Medium,0.5,True,True,0.867296783993363,0.9999699869501375,0.8370755445413351,0.0,0.0,0,4959,
20,34,tolerance_autoimmunity,Hard,0.8,False,False,0.15771367359331073,0.1523809618683538,0.5287453243987819,0.6,0.0,1,4387,
20,35,innate_immunity,Easy,0.2,True,True,0.9233488689680737,0.9999994734899437,0.623012524341662,0.0,0.75,0,3196,
20,36,antigen_recognition,Easy,0.2,,True,0.9021209166166856,0.9999999819642713,0.5839372894226029,0.0,0.75,0,3457,
20,37,cell_mediated_immunity,Medium,0.5,,True,0.7936324875235071,0.9970011987262833,0.7534393605842349,0.0,0.0,0,5278,
20,38,humoral_immunity,Medium,0.5,,True,0.8831344440092315,0.999994330736019,0.8549839418536838,0.0,0.15,0,3919,
20,39,tolerance_autoimmunity,Hard,0.8,False,False,0.16416927455747668,0.15238095255535314,0.5336428004638554,0.75,0.0,1,3301,
20,40,innate_immunity,Easy,0.2,,False,0.9267682962754606,0.9999964197448121,0.6302544346141133,0.0,0.55,3,4183,
20,41,antigen_recognition,Easy,0.2,,True,0.9091767109352444,0.9999999965932512,0.594598890476254,0.0,0.9,0,3393,
20,42,cell_mediated_immunity,Medium,0.5,,True,0.8206321398004548,0.9994322355049383,0.7754582463960543,0.0,0.15,0,4123,
20,43,humoral_immunity,Medium,0.5,True,True,0.8937758612543782,0.9999997620296122,0.8681109469255646,0.0,0.3,0,3317,
20,44,tolerance_autoimmunity,Hard,0.8,False,False,0.1682412886763095,0.15238095238415827,0.5375200640170951,0.9,0.0,3,2593,
20,45,innate_immunity,Easy,0.2,True,True,0.9296631588281334,0.999999849717172,0.650773615962577,0.0,0.35000000000000003,0,4166,
20,46,antigen_recognition,Easy,0.2,True,True,0.9143225185168945,0.9999999998570006,0.6049872881542181,0.0,1.0,0,3969,
20,47,cell_mediated_immunity,Medium,0.5,,True,0.8392623041200511,0.9998927082159039,0.7919720766413628,0.0,0.3,0,4472,
20,48,humoral_immunity,Medium,0.5,,True,0.9010249973580153,0.9999999550500296,0.8774913814583267,0.0,0.44999999999999996,0,4608,
20,49,tolerance_autoimmunity,Hard,0.8,,False,0.17152187613538944,0.16868131868177216,0.5413650922522648,1.0,0.0,3,3277,
20,50,innate_immunity,Easy,0.2,True,True,0.9372999848178012,0.999999993691831,0.6761172957171231,0.0,0.15000000000000002,0,5424,
20,51,antigen_recognition,Easy,0.2,True,True,0.9190808605920294,0.9999999999939975,0.6151094832891199,0.0,1.0,0,5658,
20,52,cell_mediated_immunity,Medium,0.5,True,False,0.8521837796778929,0.9998378837213896,0.8018073585679074,0.0,0.09999999999999998,3,4373,
20,53,humoral_immunity,Medium,0.5,True,True,0.9059321675157802,0.999999998113211,0.8838283003879652,0.0,0.6,0,5474,
20,54,tolerance_autoimmunity,Hard,0.8,False,False,0.17482508150413253,0.1526863566641703,0.5451781531717113,1.0,0.0,3,3417,
20,55,innate_immunity,Easy,0.2,,True,0.9456641766943104,0.9999999988084569,0.7037696082050996,0.0,0.0,0,2869,
20,56,antigen_recognition,Easy,0.2,True,True,0.9234842328236084,0.999999999999748,0.6249722973173472,0.0,1.0,0,5592,
20,57,cell_mediated_immunity,Medium,0.5,True,True,0.8594638666513488,0.9999931940703041,0.8226302095773063,0.0,0.0,0,3458,
20,58,humoral_immunity,Medium,0.5,True,True,0.9091226982473185,0.9999999999208015,0.8875840088185386,0.0,0.75,0,4702,
20,59,tolerance_autoimmunity,Hard,0.8,,True,0.17815013523122922,0.5306207367580077,0.5527408719275426,1.0,0.0,0,5144,
21,0,innate_immunity,Easy,0.2,True,False,0.7770924660433775,0.2,0.42953303065154946,0.0,0.0,2,3862,
21,1,antigen_recognition,Easy,0.2,,True,0.7038856088602006,0.43333333333333335,0.42581898533602547,0.0,0.0,0,3736,
21,2,cell_mediated_immunity,Medium,0.5,,False,0.24837984628992488,0.16164383561643833,0.33424957246214243,0.0,0.0,1,5424,
21,3,humoral_immunity,Medium,0.5,False,False,0.11349236336332559,0.151473136915078,0.16972516633746282,0.0,0.0,1,4705,
21,4,tolerance_autoimmunity,Hard,0.8,False,False,0.05,0.151473136915078,0.032038990763175845,0.0,0.0,2,3477,
21,5,innate_immunity,Easy,0.2,True,True,0.7985406393276494,0.8597938144329896,0.47078424375888483,0.0,0.0,0,4308,
21,6,antigen_recognition,Easy,0.2,,False,0.7949318316157804,0.22416107382550338,0.4615066367231323,0.0,0.0,2,3847,
21,7,cell_mediated_immunity,Medium,0.5,False,False,0.270023654607517,0.15255307234129206,0.3525284238609806,0.0,0.0,1,3184,
21,8,humoral_immunity,Medium,0.5,,False,0.12114316306818437,0.1685530193297038,0.1818626321861117,0.0,0.0,2,3723,
21,9,tolerance_autoimmunity,Hard,0.8,False,False,0.05,0.15236428212260275,0.032038990763175845,0.0,0.0,2,4127,
21,10,innate_immunity,Easy,0.2,,True,0.8354430486963728,0.9702751349961429,0.5090525276621503,0.0,0.0,0,3200,
21,11,antigen_recognition,Easy,0.2,True,True,0.8276466839802721,0.8759265105120273,0.5284456783566915,0.0,0.0,0,3910,
21,12,cell_mediated_immunity,Medium,0.5,,True,0.2921779973601468,0.5304041339347053,0.38808239794999816,0.0,0.0,0,3275,
21,13,humoral_immunity,Medium,0.5,False,False,0.1291130040142145,0.15268390696295708,0.19382266512790342,0.0,0.0,2,4079,
21,14,tolerance_autoimmunity,Hard,0.8,,False,0.05,0.1686789605945943,0.032038990763175845,0.0,0.0,2,4423,
21,15,innate_immunity,Easy,0.2,True,True,0.8646329572791004,0.9987160078900309,0.5445535818757657,0.0,0.0,0,3070,
21,16,antigen_recognition,Easy,0.2,,True,0.8776834965207754,0.9740607137255756,0.5870636605299218,0.0,0.0,0,3452,
21,17,cell_mediated_immunity,Medium,0.5,False,False,0.3381597910359083,0.1647408959003254,0.4023630921643987,0.15,0.0,1,3215,
21,18,humoral_immunity,Medium,0.5,,False,0.13739889718644707,0.16872418687009033,0.2038400799070326,0.15,0.0,3,5301,
21,19,tolerance_autoimmunity,Hard,0.8,False,False,0.05,0.1526863116330173,0.032038990763175845,0.15,0.0,2,3415,
21,20,innate_immunity,Easy,0.2,,False,0.8876861928632581,0.9913466296668371,0.5610205451378749,0.0,0.0,3,3002,
21,21,antigen_recognition,Easy,0.2,True,True,0.9107138175807722,0.9988836634534058,0.6383949576355932,0.0,0.0,0,4288,
21,22,cell_mediated_immunity,Medium,0.5,,True,0.3575941816895061,0.5496807499472569,0.4351805438007085,0.0,0.0,0,5662,
21,23,humoral_immunity,Medium,0.5,,False,0.14467897788163386,0.17103197192042716,0.21198720711585675,0.3,0.0,2,4499,
21,24,tolerance_autoimmunity,Hard,0.8,False,False,0.05,0.15238656758822003,0.032038990763175845,0.3,0.0,3,3075,
21,25,innate_immunity,Easy,0.2,True,True,0.897165852589423,0.9996337593983873,0.5927637239987679,0.0,0.0,0,3413,
21,26,antigen_recognition,Easy,0.2,,True,0.9327907332933623,0.9997889531862101,0.6766028022275368,0.0,0.15,0,3446,
21,27,cell_mediated_immunity,Medium,0.5,False,True,0.403978101345937,0.4960316413792747,0.46619592277754696,0.0,0.0,0,3059,
21,28,humoral_immunity,Medium,0.5,False,True,0.15083374891739962,0.23838845955771382,0.2246588259239476,0.44999999999999996,0.0,0,4664,
21,29,tolerance_autoimmunity,Hard,0.8,False,False,0.05,0.15238105560234544,0.032038990763175845,0.44999999999999996,0.0,1,5669,
21,30,innate_immunity,Easy,0.2,True,True,0.9134560071825937,0.999984621583643,0.6222115120548426,0.0,0.0,0,4574,
21,31,antigen_recognition,Easy,0.2,True,True,0.9458136644905675,0.9999911394672111,0.7047434070585676,0.0,0.3,0,5266,
21,32,cell_mediated_immunity,Medium,0.5,False,True,0.44946700005548373,0.45289823957359615,0.4955081845502615,0.0,0.0,0,1824,
21,33,humoral_immunity,Medium,0.5,,False,0.16083247756417557,0.1820046128999779,0.22919259071596795,0.6,0.0,3,1727,
21,34,tolerance_autoimmunity,Hard,0.8,False,False,0.05,0.1523809542784047,0.032038990763175845,0.6,0.0,2,4628,
21,35,innate_immunity,Easy,0.2,True,True,0.9264414439458734,0.99999935447679,0.6495298920191076,0.0,0.0,0,4779,
21,36,antigen_recognition,Easy,0.2,,True,0.95,0.9999983263322724,0.7047434070585676,0.0,0.44999999999999996,0,4444,
21,37,cell_mediated_immunity,Medium,0.5,True,True,0.4932626846248873,0.9521483261807018,0.5190554508030039,0.0,0.15,0,5924,
21,38,humoral_immunity,Medium,0.5,False,False,0.16453784369954869,0.15294485051159126,0.2320096243736065,0.75,0.0,3,4278,
21,39,tolerance_autoimmunity,Hard,0.8,False,False,0.05,0.15238095241583202,0.032038990763175845,0.75,0.0,2,3612,
21,40,innate_immunity,Easy,0.2,True,True,0.9368599986506877,0.9999999729039474,0.6710714013536364,0.0,0.15,0,4909,
21,41,antigen_recognition,Easy,0.2,,True,0.95,0.9999996838623509,0.7047434070585676,0.0,0.6,0,4980,
21,42,cell_mediated_immunity,Medium,0.5,True,True,0.5285520803233681,0.997895689001788,0.5375421975103418,0.0,0.3,0,4229,
21,43,humoral_immunity,Medium,0.5,,False,0.1668745006157699,0.1687611315149686,0.2342550150751739,0.9,0.0,3,5942,
21,44,tolerance_autoimmunity,Hard,0.8,False,False,0.05,0.15238095238159358,0.032038990763175845,0.9,0.0,2,2157,
21,45,innate_immunity,Easy,0.2,,True,0.9440873693196212,0.9999999948818565,0.6877210815529106,0.0,0.3,0,2701,
21,46,antigen_recognition,Easy,0.2,,True,0.95,0.9999999402850961,0.7047434070585676,0.0,0.75,0,3413,
21,47,cell_mediated_immunity,Medium,0.5,False,False,0.5560763915411233,0.8989251372525674,0.5489697195820643,0.0,0.09999999999999998,2,3267,
21,48,humoral_immunity,Medium,0.5,,True,0.16875594103774114,0.5558125060695039,0.23873266667990836,1.0,0.0,0,3224,
21,49,tolerance_autoimmunity,Hard,0.8,False,False,0.05,0.15238095238096416,0.032038990763175845,1.0,0.0,2,6199,
21,50,innate_immunity,Easy,0.2,True,False,0.9491326106841068,0.9999999922659166,0.6978826653214254,0.0,0.09999999999999998,3,3800,
21,51,antigen_recognition,Easy,0.2,True,True,0.95,0.9999999974934483,0.7047434070585676,0.0,0.9,0,2435,
21,52,cell_mediated_immunity,Medium,0.5,False,False,0.5729306622315896,0.2537073538185828,0.5613532121509324,0.0,0.0,3,4726,
21,53,humoral_immunity,Medium,0.5,,False,0.17255822879322696,0.26496829093520674,0.24095840107176159,1.0,0.0,3,3017,
21,54,tolerance_autoimmunity,Hard,0.8,False,False,0.05,0.15238095238095262,0.032038990763175845,1.0,0.0,3,3963,
21,55,innate_immunity,Easy,0.2,True,True,0.95,0.9999999996753595,0.6978826653214254,0.0,0.0,0,2569,
21,56,antigen_recognition,Easy,0.2,True,True,0.95,0.9999999998947867,0.7047434070585676,0.0,1.0,0,2858,
21,57,cell_mediated_immunity,Medium,0.5,False,False,0.591004450412136,0.1544911964636361,0.5715901797171795,0.15,0.0,2,4283,
21,58,humoral_immunity,Medium,0.5,,False,0.17447334205200085,0.1866501077803791,0.2431776280340086,1.0,0.0,1,4251,
21,59,tolerance_autoimmunity,Hard,0.8,,False,0.05,0.1686813186813187,0.032038990763175845,1.0,0.0,3,5338,
22,0,innate_immunity,Easy,0.2,True,True,0.7491958666121785,0.7384615384615385,0.4592285092280027,0.0,0.0,0,3894,
22,1,antigen_recognition,Easy,0.2,False,False,0.3770445881059307,0.151473136915078,0.15959746361786967,0.0,0.0,3,1986,
22,2,cell_mediated_immunity,Medium,0.5,False,False,0.11061437085232938,0.151473136915078,0.1897402355762503,0.0,0.0,2,5532,
22,3,humoral_immunity,Medium,0.5,False,False,0.07899653142832876,0.151473136915078,0.11080110964576585,0.0,0.0,3,2117,
22,4,tolerance_autoimmunity,Hard,0.8,False,False,0.28676781724805755,0.151473136915078,0.6771993465537047,0.0,0.0,3,4314,
22,5,innate_immunity,Easy,0.2,True,True,0.8256881258134074,0.9853892821031346,0.526508846690414,0.0,0.0,0,4528,
22,6,antigen_recognition,Easy,0.2,False,False,0.4396912442679932,0.15236428212260275,0.20076019846260498,0.0,0.0,2,3495,
22,7,cell_mediated_immunity,Medium,0.5,,False,0.1345214894128244,0.1685530193297038,0.22526499962663526,0.0,0.0,1,4720,
22,8,humoral_immunity,Medium,0.5,,False,0.08824990278191067,0.1685530193297038,0.1304992752740609,0.0,0.0,2,3816,
22,9,tolerance_autoimmunity,Hard,0.8,False,False,0.3237034332989831,0.15236428212260275,0.7038551150263495,0.0,0.0,2,3251,
22,10,innate_immunity,Easy,0.2,True,True,0.8764304374441898,0.9993780725311993,0.5854184695602461,0.0,0.0,0,4645,
22,11,antigen_recognition,Easy,0.2,,False,0.5011402957169716,0.1686789605945943,0.23990679143895408,0.0,0.0,1,2442,
22,12,cell_mediated_immunity,Medium,0.5,False,False,0.16132395812381775,0.15268390696295708,0.2592322275432434,0.0,0.0,2,4128,
22,13,humoral_immunity,Medium,0.5,False,False,0.09823385179294773,0.15268390696295708,0.14976107314107237,0.0,0.0,1,3837,
22,14,tolerance_autoimmunity,Hard,0.8,True,True,0.3596532831249157,0.8168095390336143,0.7527643684862652,0.0,0.0,0,3702,
22,15,innate_immunity,Easy,0.2,,True,0.909907892800806,0.9998824679586894,0.6292617710049511,0.0,0.15,0,3442,
22,16,antigen_recognition,Easy,0.2,True,True,0.5595758259603458,0.8336210882048541,0.30319643365154636,0.15,0.0,0,3325,
22,17,cell_mediated_immunity,Medium,0.5,False,False,0.190832998250365,0.15238652335356928,0.28683851044767134,0.15,0.0,1,4719,
22,18,humoral_immunity,Medium,0.5,False,False,0.10895756470338336,0.15238652335356928,0.16577090545033912,0.15,0.0,2,5235,
22,19,tolerance_autoimmunity,Hard,0.8,,False,0.42961703965354364,0.4542010255280531,0.7701178568675315,0.15,0.0,1,3798,
22,20,innate_immunity,Easy,0.2,True,True,0.9292727016978316,0.9999950660050254,0.6615496698824905,0.0,0.3,0,3965,
22,21,antigen_recognition,Easy,0.2,,True,0.65003171135884,0.9639015186228104,0.37145501022353683,0.0,0.0,0,2185,
22,22,cell_mediated_immunity,Medium,0.5,False,False,0.21772578436893467,0.15238105478919794,0.30872584378320955,0.3,0.0,1,4890,
22,23,humoral_immunity,Medium,0.5,False,False,0.1186397808228569,0.15238105478919794,0.17870721040781024,0.3,0.0,3,3013,
22,24,tolerance_autoimmunity,Hard,0.8,,True,0.45529647422209885,0.8208562824682484,0.8080836113845306,0.0,0.0,0,4274,
22,25,innate_immunity,Easy,0.2,,False,0.940994021630918,0.9999664499929217,0.6804984749987297,0.0,0.09999999999999998,2,5725,
22,26,antigen_recognition,Easy,0.2,False,True,0.7366696176713718,0.9469409025725388,0.4330270060995492,0.0,0.0,0,3303,
22,27,cell_mediated_immunity,Medium,0.5,False,False,0.24091950773228463,0.15238095426345713,0.32539524266562536,0.44999999999999996,0.0,1,5238,
22,28,humoral_immunity,Medium,0.5,False,False,0.12699908330231516,0.15238095426345713,0.1887138341967205,0.44999999999999996,0.0,3,4715,
22,29,tolerance_autoimmunity,Hard,0.8,False,False,0.5121230406379507,0.20679022967702967,0.823931407126032,0.0,0.0,1,4862,
22,30,innate_immunity,Easy,0.2,,True,0.946999180392977,0.9999936626110701,0.7202494063785495,0.0,0.0,0,3979,
22,31,antigen_recognition,Easy,0.2,True,True,0.8018920695294294,0.9976545248333623,0.48023637137738656,0.0,0.15,0,4552,
22,32,cell_mediated_immunity,Medium,0.5,,False,0.25968074541382835,0.16868131894761235,0.3372261027842268,0.6,0.0,1,3573,
22,33,humoral_immunity,Medium,0.5,,False,0.1338061063275708,0.16868131894761235,0.195902709234372,0.6,0.0,3,3374,
22,34,tolerance_autoimmunity,Hard,0.8,True,True,0.5358355614411888,0.8646321418643959,0.853009685604385,0.0,0.0,0,4021,
22,35,innate_immunity,Easy,0.2,True,False,0.95,0.9999904235483758,0.7202494063785495,0.0,0.0,3,2238,
22,36,antigen_recognition,Easy,0.2,False,True,0.8430922365969388,0.996462180312364,0.5158774458637237,0.0,0.3,0,4159,
22,37,cell_mediated_immunity,Medium,0.5,,False,0.27355831726528707,0.1710257030443387,0.3444907132681527,0.75,0.0,1,5530,
22,38,humoral_immunity,Medium,0.5,False,False,0.1388847684585768,0.15268635666924693,0.20035594286595435,0.75,0.0,3,3334,
22,39,tolerance_autoimmunity,Hard,0.8,True,True,0.5788509267970899,0.9934787134962145,0.877285595497502,0.0,0.0,0,4228,
22,40,innate_immunity,Easy,0.2,True,True,0.95,0.9999995980218279,0.7202494063785495,0.0,0.0,0,4118,
22,41,antigen_recognition,Easy,0.2,,True,0.8693546409658301,0.999329901301382,0.5419608858964737,0.0,0.44999999999999996,0,3727,
22,42,cell_mediated_immunity,Medium,0.5,True,False,0.28230518651461334,0.23838495782115918,0.35023870021417775,0.9,0.0,3,5481,
22,43,humoral_immunity,Medium,0.5,,False,0.1421112359436147,0.16872453361137812,0.20389879953210094,0.9,0.0,1,4903,
22,44,tolerance_autoimmunity,Hard,0.8,True,False,0.613894768289289,0.990195341827071,0.8874189292431267,0.0,0.0,3,1870,
22,45,innate_immunity,Easy,0.2,,True,0.95,0.999999924070766,0.7202494063785495,0.0,0.0,0,3343,
22,46,antigen_recognition,Easy,0.2,True,True,0.8861258725222864,0.9999718544713947,0.5599086114552533,0.0,0.6,0,3550,
22,47,cell_mediated_immunity,Medium,0.5,False,False,0.2893449040757143,0.15413679020940205,0.35593628458833926,1.0,0.0,1,4285,
22,48,humoral_immunity,Medium,0.5,,False,0.1447225815942806,0.17103202262907996,0.20742595942260733,1.0,0.0,1,3373,
22,49,tolerance_autoimmunity,Hard,0.8,,True,0.6282025840731199,0.9981337774877075,0.9060120449909356,0.0,0.0,0,5414,
22,50,innate_immunity,Easy,0.2,True,True,0.95,0.9999999968128467,0.7202494063785495,0.0,0.0,0,3411,
22,51,antigen_recognition,Easy,0.2,,True,0.8965487023527492,0.9999946835059913,0.5706864020674188,0.0,0.75,0,3198,
22,52,cell_mediated_immunity,Medium,0.5,False,False,0.29642457305560854,0.15241329457673272,0.36158390835741183,1.0,0.0,2,5268,
22,53,humoral_immunity,Medium,0.5,False,False,0.147361834750694,0.15273137185214838,0.21093749208269894,1.0,0.0,2,3664,
22,54,tolerance_autoimmunity,Hard,0.8,False,False,0.6538650530020493,0.9091579754963196,0.9137732472722555,0.0,0.0,3,1954,
22,55,innate_immunity,Easy,0.2,,True,0.95,0.9999999993979821,0.7202494063785495,0.0,0.15,0,4662,
22,56,antigen_recognition,Easy,0.2,True,True,0.9023945414698744,0.9999997768373953,0.5790974770139622,0.0,0.9,0,2663,
22,57,cell_mediated_immunity,Medium,0.5,False,True,0.3035400875582684,0.2280789763547399,0.3727801108679494,1.0,0.0,0,5957,
22,58,humoral_immunity,Medium,0.5,,False,0.15002881828473144,0.16873090554698705,0.21443346674947814,1.0,0.0,2,1185,
22,59,tolerance_autoimmunity,Hard,0.8,True,False,0.6643275479689819,0.8717865191067753,0.9198255098140814,0.15,0.0,3,3328,
23,0,innate_immunity,Easy,0.2,True,True,0.8482708490177461,0.7384615384615385,0.5625760619584543,0.0,0.0,0,4356,
23,1,antigen_recognition,Easy,0.2,,False,0.3517656394745912,0.16164383561643833,0.15808491734179972,0.0,0.0,2,3599,
23,2,cell_mediated_immunity,Medium,0.5,,True,0.6120363387495288,0.43333333333333335,0.6168752428646572,0.0,0.0,0,3689,
23,3,humoral_immunity,Medium,0.5,True,False,0.521365962689286,0.2,0.5558585773452638,0.0,0.0,1,2629,
23,4,tolerance_autoimmunity,Hard,0.8,False,False,0.05,0.151473136915078,0.06576584192889245,0.0,0.0,1,4363,
23,5,innate_immunity,Easy,0.2,True,True,0.8980237316087202,0.9853892821031346,0.6271267952002665,0.0,0.0,0,2014,
23,6,antigen_recognition,Easy,0.2,True,False,0.43745667132416594,0.233167495854063,0.21406387663278817,0.0,0.0,2,4921,
23,7,cell_mediated_immunity,Medium,0.5,True,True,0.6684651779125989,0.9484388938447815,0.6538262857279833,0.0,0.0,0,5988,
23,8,humoral_immunity,Medium,0.5,True,True,0.5830122769373195,0.8597938144329896,0.6319430435310982,0.0,0.0,0,4703,
23,9,tolerance_autoimmunity,Hard,0.8,True,False,0.05,0.22756316558780537,0.06576584192889245,0.0,0.0,1,4773,
23,10,innate_immunity,Easy,0.2,True,True,0.9284261310117541,0.9993780725311993,0.6821517645327888,0.0,0.0,0,4373,
23,11,antigen_recognition,Easy,0.2,True,False,0.5210833060661945,0.27414760266857496,0.266320793228677,0.0,0.0,2,3497,
23,12,cell_mediated_immunity,Medium,0.5,True,True,0.7156443768868267,0.9977241564601902,0.6872135297418264,0.0,0.0,0,3510,
23,13,humoral_immunity,Medium,0.5,True,True,0.6881872804648722,0.9932097858967958,0.6949937198033909,0.0,0.0,0,3340,
23,14,tolerance_autoimmunity,Hard,0.8,False,False,0.05,0.15389478410989638,0.06576584192889245,0.0,0.0,3,4928,
23,15,innate_immunity,Easy,0.2,True,True,0.94749486719481,0.9999738789593932,0.7220209501065207,0.0,0.15,0,2049,
23,16,antigen_recognition,Easy,0.2,,False,0.5981889592963197,0.18832046295403487,0.30778579296594244,0.15,0.0,3,3019,
23,17,cell_mediated_immunity,Medium,0.5,True,True,0.7545968340201754,0.9999042636435814,0.712855616676112,0.0,0.15,0,4578,
23,18,humoral_immunity,Medium,0.5,True,True,0.7631382046089694,0.9997131269317713,0.7472433836005142,0.0,0.0,0,3201,
23,19,tolerance_autoimmunity,Hard,0.8,False,False,0.05,0.15240882904207578,0.06576584192889245,0.15,0.0,3,4517,
23,20,innate_immunity,Easy,0.2,True,True,0.95,0.9999989035340321,0.7220209501065207,0.0,0.3,0,6243,
23,21,antigen_recognition,Easy,0.2,True,True,0.656269759449385,0.8508319113018412,0.3722212739308425,0.3,0.0,0,5015,
23,22,cell_mediated_immunity,Medium,0.5,,True,0.781961473770744,0.9999819151193805,0.7322414667236234,0.0,0.3,0,4717,
23,23,humoral_immunity,Medium,0.5,True,True,0.8150946699953677,0.9999879551297057,0.78404748149558,0.0,0.15,0,4711,
23,24,tolerance_autoimmunity,Hard,0.8,False,False,0.05,0.1523814648361199,0.06576584192889245,0.3,0.0,1,4625,
23,25,innate_immunity,Easy,0.2,True,True,0.95,0.9999999539754547,0.7220209501065207,0.0,0.44999999999999996,0,4838,
23,26,antigen_recognition,Easy,0.2,True,True,0.7375605201529922,0.9927040440132611,0.44735512157608515,0.09999999999999998,0.0,0,4756,
23,27,cell_mediated_immunity,Medium,0.5,True,False,0.8011422537477125,0.9999726721203472,0.7438624350508666,0.0,0.09999999999999998,2,3645,
23,28,humoral_immunity,Medium,0.5,True,False,0.8460935378352388,0.9999817990331773,0.8025445538849167,0.0,0.0,3,5055,
23,29,tolerance_autoimmunity,Hard,0.8,False,False,0.05,0.15238096180108973,0.06576584192889245,0.44999999999999996,0.0,1,4863,
23,30,innate_immunity,Easy,0.2,False,True,0.95,0.9999999304518004,0.7220209501065207,0.0,0.6,0,4967,
23,31,antigen_recognition,Easy,0.2,False,False,0.8151956924186429,0.7280846069358925,0.48410049624497575,0.0,0.0,2,5764,
23,32,cell_mediated_immunity,Medium,0.5,,False,0.8120177430173332,0.9998142059598614,0.7562142212054741,0.0,0.0,2,3763,
23,33,humoral_immunity,Medium,0.5,False,True,0.8599972737209953,0.9999724967061466,0.8363700235367997,0.0,0.0,0,5634,
23,34,tolerance_autoimmunity,Hard,0.8,False,False,0.05,0.15238095255411666,0.06576584192889245,0.6,0.0,2,2815,
23,35,innate_immunity,Easy,0.2,,True,0.95,0.9999999868631172,0.7220209501065207,0.0,0.75,0,3339,
23,36,antigen_recognition,Easy,0.2,True,True,0.8461349545249821,0.9846074986951281,0.5527048434381905,0.0,0.0,0,3312,
23,37,cell_mediated_immunity,Medium,0.5,True,True,0.8230697450993567,0.9999921998601683,0.7797265069399186,0.0,0.0,0,4752,
23,38,humoral_immunity,Medium,0.5,True,True,0.8826968424740861,0.9999988455105675,0.8644009586763066,0.0,0.0,0,2271,
23,39,tolerance_autoimmunity,Hard,0.8,False,False,0.05,0.15238095238413554,0.06576584192889245,0.75,0.0,3,3948,
23,40,innate_immunity,Easy,0.2,True,True,0.95,0.9999999994485754,0.7220209501065207,0.0,0.9,0,5104,
23,41,antigen_recognition,Easy,0.2,,True,0.8924705795823911,0.997057297659377,0.6121861803948184,0.0,0.0,0,2443,
23,42,cell_mediated_immunity,Medium,0.5,,True,0.8426871188931112,0.9999985266313154,0.8009711149484852,0.0,0.0,0,1246,
23,43,humoral_immunity,Medium,0.5,True,True,0.8990220832994756,0.9999999515398966,0.8876300027333935,0.0,0.0,0,3811,
23,44,tolerance_autoimmunity,Hard,0.8,,False,0.05,0.16868131868176897,0.06576584192889245,0.9,0.0,2,4132,
23,45,innate_immunity,Easy,0.2,True,True,0.95,0.9999999999768538,0.7220209501065207,0.0,1.0,0,2343,
23,46,antigen_recognition,Easy,0.2,,True,0.922235607380768,0.9994428811083863,0.663757685567567,0.0,0.0,0,2662,
23,47,cell_mediated_immunity,Medium,0.5,False,True,0.858856735135954,0.999997773578761,0.8201667548167293,0.0,0.0,0,3663,
23,48,humoral_immunity,Medium,0.5,True,True,0.9109897420709385,0.999999997965872,0.9039922900546162,0.0,0.15,0,4758,
23,49,tolerance_autoimmunity,Hard,0.8,False,False,0.05,0.15268635666417027,0.06576584192889245,1.0,0.0,2,5597,
23,50,innate_immunity,Easy,0.2,True,True,0.95,0.9999999999990283,0.7220209501065207,0.0,1.0,0,4482,
23,51,antigen_recognition,Easy,0.2,True,True,0.941725329187156,0.9999766023710297,0.7017641803705306,0.0,0.15,0,2556,
23,52,cell_mediated_immunity,Medium,0.5,,True,0.8722499641103412,0.9999995794530377,0.8349093992247754,0.0,0.15,0,1828,
23,53,humoral_immunity,Medium,0.5,True,False,0.9186357528867819,0.9999999969262066,0.9122156790342537,0.0,0.0,2,2787,
23,54,tolerance_autoimmunity,Hard,0.8,False,False,0.05,0.1523865684165844,0.06576584192889245,1.0,0.0,1,2914,
23,55,innate_immunity,Easy,0.2,,True,0.95,0.9999999999998166,0.7220209501065207,0.0,1.0,0,4120,
23,56,antigen_recognition,Easy,0.2,True,True,0.95,0.9999990178554574,0.7017641803705306,0.0,0.3,0,4230,
23,57,cell_mediated_immunity,Medium,0.5,,True,0.881786369053168,0.9999999205633257,0.8460550869580163,0.0,0.3,0,3952,
23,58,humoral_immunity,Medium,0.5,True,True,0.9222482997720086,0.9999999998709765,0.9272537341659789,0.0,0.0,0,4035,
23,59,tolerance_autoimmunity,Hard,0.8,False,False,0.05,0.15238105561757295,0.06576584192889245,1.0,0.0,3,3180,
24,0,innate_immunity,Easy,0.2,True,False,0.535698044320864,0.2,0.2492579373877647,0.0,0.0,1,3048,
24,1,antigen_recognition,Easy,0.2,True,False,0.8043033762582688,0.2,0.4871799067335001,0.0,0.0,3,3186,
24,2,cell_mediated_immunity,Medium,0.5,False,False,0.23284111647539385,0.151473136915078,0.3526764484273079,0.0,0.0,2,3350,
24,3,humoral_immunity,Medium,0.5,False,False,0.12950112567226005,0.151473136915078,0.24528307799898047,0.0,0.0,1,3352,
24,4,tolerance_autoimmunity,Hard,0.8,,False,0.05,0.16164383561643833,0.11571912522658374,0.0,0.0,1,3322,
24,5,innate_immunity,Easy,0.2,True,True,0.5733537374985511,0.8597938144329896,0.29843041189039404,0.0,0.0,0,3271,
24,6,antigen_recognition,Easy,0.2,,True,0.8485250626241078,0.5999999999999999,0.5809640893419334,0.0,0.0,0,3875,
24,7,cell_mediated_immunity,Medium,0.5,,True,0.2923617090338309,0.5286442405708461,0.4479131436682839,0.0,0.0,0,5206,
24,8,humoral_immunity,Medium,0.5,,False,0.17824232784950214,0.1685530193297038,0.30329801990595506,0.0,0.0,1,5386,
24,9,tolerance_autoimmunity,Hard,0.8,,False,0.05,0.17000398883127243,0.11571912522658374,0.0,0.0,1,3160,
24,10,innate_immunity,Easy,0.2,True,True,0.6434987805042983,0.9932097858967958,0.34438216336559846,0.0,0.0,0,3195,
24,11,antigen_recognition,Easy,0.2,True,True,0.9076928574485585,0.9729083665338645,0.6575970857487738,0.0,0.0,0,2845,
24,12,cell_mediated_immunity,Medium,0.5,True,True,0.4224994772699321,0.9641519329080039,0.5291382552145424,0.0,0.0,0,6117,
24,13,humoral_immunity,Medium,0.5,,False,0.2350141016855733,0.17100694419015453,0.356853364596604,0.0,0.0,3,5106,
24,14,tolerance_autoimmunity,Hard,0.8,False,False,0.05,0.1527116545681278,0.11571912522658374,0.0,0.0,2,4627,
24,15,innate_immunity,Easy,0.2,,False,0.7039737592708512,0.9559216539473019,0.36585315384347283,0.0,0.0,2,3519,
24,16,antigen_recognition,Easy,0.2,,True,0.9396633814740477,0.9947725422809081,0.7202154929785953,0.0,0.0,0,4833,
24,17,cell_mediated_immunity,Medium,0.5,,True,0.543596394373917,0.9930344871945498,0.5984132203843074,0.0,0.0,0,4070,
24,18,humoral_immunity,Medium,0.5,True,True,0.29757343806300945,0.8358193859180185,0.4408989095220223,0.15,0.0,0,4437,
24,19,tolerance_autoimmunity,Hard,0.8,False,False,0.05,0.15238703379434923,0.11571912522658374,0.15,0.0,2,4286,
24,20,innate_immunity,Easy,0.2,,True,0.7300978190053684,0.9913785185799757,0.40738881725768694,0.0,0.0,0,3862,
24,21,antigen_recognition,Easy,0.2,True,True,0.95,0.9997794800163022,0.7202154929785953,0.0,0.15,0,3925,
24,22,cell_mediated_immunity,Medium,0.5,False,True,0.6434751169295726,0.9895310529929926,0.6486337445759942,0.0,0.15,0,1879,
24,23,humoral_immunity,Medium,0.5,,False,0.41226579395444307,0.48055333329722527,0.4709835034102107,0.3,0.0,2,3332,
24,24,tolerance_autoimmunity,Hard,0.8,False,False,0.05,0.15238106417242714,0.11571912522658374,0.3,0.0,2,3700,
24,25,innate_immunity,Easy,0.2,True,True,0.7763173182282249,0.9996351202003968,0.4462039572699238,0.0,0.0,0,2035,
24,26,antigen_recognition,Easy,0.2,True,True,0.95,0.9999907416647967,0.7202154929785953,0.0,0.3,0,5269,
24,27,cell_mediated_immunity,Medium,0.5,,True,0.709261998475144,0.9980062984888681,0.6848197795706051,0.0,0.3,0,4401,
24,28,humoral_immunity,Medium,0.5,True,False,0.4565848608080558,0.44093036945790665,0.4933494703476733,0.44999999999999996,0.0,2,4743,
24,29,tolerance_autoimmunity,Hard,0.8,,False,0.05,0.16868133449501835,0.11571912522658374,0.44999999999999996,0.0,2,2597,
24,30,innate_immunity,Easy,0.2,True,True,0.8141528773126261,0.9999846787434474,0.48247676406597384,0.0,0.0,0,3394,
24,31,antigen_recognition,Easy,0.2,True,True,0.95,0.999999611375102,0.7202154929785953,0.0,0.44999999999999996,0,4922,
24,32,cell_mediated_immunity,Medium,0.5,True,True,0.7519274645304611,0.9999161548564638,0.7103235595417653,0.0,0.44999999999999996,0,5245,
24,33,humoral_immunity,Medium,0.5,,False,0.4900255289853221,0.2262779635879381,0.5089279211220302,0.6,0.0,2,5378,
24,34,tolerance_autoimmunity,Hard,0.8,False,False,0.05,0.15268635696614843,0.11571912522658374,0.6,0.0,2,4301,
24,35,innate_immunity,Easy,0.2,True,True,0.8448623050503242,0.9999993568761606,0.511289207756283,0.0,0.15,0,3225,
24,36,antigen_recognition,Easy,0.2,True,True,0.95,0.999999983687344,0.7202154929785953,0.0,0.6,0,2201,
24,37,cell_mediated_immunity,Medium,0.5,,True,0.779360120583342,0.9999841615511277,0.7273708780342788,0.0,0.6,0,5623,
24,38,humoral_immunity,Medium,0.5,True,False,0.5133886802903768,0.27007629763610397,0.5183650747413988,0.75,0.0,1,4349,
24,39,tolerance_autoimmunity,Hard,0.8,False,True,0.05,0.2282288752896089,0.11571912522658374,0.75,0.0,0,6162,
24,40,innate_immunity,Easy,0.2,,True,0.8661960090695009,0.9999998785209918,0.533696082390432,0.0,0.3,0,2554,
24,41,antigen_recognition,Easy,0.2,,False,0.95,0.9999998890739519,0.7202154929785953,0.0,0.39999999999999997,3,5192,
24,42,cell_mediated_immunity,Medium,0.5,False,True,0.7964455563931466,0.9999760666387564,0.7373984355591762,0.0,0.75,0,4652,
24,43,humoral_immunity,Medium,0.5,True,True,0.5275197724715099,0.8999131671600067,0.5331743476725866,0.9,0.0,0,4155,
24,44,tolerance_autoimmunity,Hard,0.8,False,False,0.05,0.15390947931619073,0.11571912522658374,0.9,0.0,3,3034,
24,45,innate_immunity,Easy,0.2,True,True,0.8810254065930169,0.9999999949008807,0.5504942947892978,0.0,0.44999999999999996,0,5854,
24,46,antigen_recognition,Easy,0.2,True,True,0.95,0.9999999953438443,0.7202154929785953,0.0,0.19999999999999996,0,5489,
24,47,cell_mediated_immunity,Medium,0.5,,True,0.8060258034340118,0.9999954791698328,0.7451254231225649,0.0,0.9,0,3975,
24,48,humoral_immunity,Medium,0.5,True,True,0.5495978765906803,0.9953570767416325,0.5547052255243679,0.7,0.0,0,3611,
24,49,tolerance_autoimmunity,Hard,0.8,False,False,0.05,0.15240910012882847,0.11571912522658374,1.0,0.0,1,3699,
24,50,innate_immunity,Easy,0.2,True,True,0.8911911018127981,0.9999999997859629,0.5622710734881496,0.0,0.6,0,3248,
24,51,antigen_recognition,Easy,0.2,,True,0.95,0.999999999120504,0.7202154929785953,0.0,0.0,0,4432,
24,52,cell_mediated_immunity,Medium,0.5,True,True,0.8131717412659168,0.999999810235943,0.7526250459444987,0.0,1.0,0,3540,
24,53,humoral_immunity,Medium,0.5,,False,0.5813289756922423,0.9694219234817406,0.5718200865534467,0.49999999999999994,0.0,2,4726,
24,54,tolerance_autoimmunity,Hard,0.8,False,False,0.05,0.15238146981965559,0.11571912522658374,1.0,0.0,3,3902,
24,55,innate_immunity,Easy,0.2,True,True,0.8978560297343968,0.9999999999910157,0.5694387198576207,0.0,0.75,0,4802,
24,56,antigen_recognition,Easy,0.2,,True,0.95,0.999999999833873,0.7202154929785953,0.0,0.0,0,5810,
24,57,cell_mediated_immunity,Medium,0.5,True,True,0.8199118344111554,0.9999999920345937,0.7599039941775413,0.0,1.0,0,3917,
24,58,humoral_immunity,Medium,0.5,True,False,0.6060934585097821,0.9548665356702595,0.5948599607846107,0.29999999999999993,0.0,1,2800,
24,59,tolerance_autoimmunity,Hard,0.8,False,False,0.05,0.15238096189269892,0.11571912522658374,1.0,0.0,2,3666,
25,0,innate_immunity,Easy,0.2,True,True,0.8977492986029735,0.7384615384615385,0.6023970678387661,0.0,0.0,0,1945,
25,1,antigen_recognition,Easy,0.2,,True,0.9323615286566914,0.43333333333333335,0.695809883893066,0.0,0.0,0,4235,
25,2,cell_mediated_immunity,Medium,0.5,,False,0.2612839720394917,0.16164383561643833,0.34972819605899397,0.0,0.0,1,5279,
25,3,humoral_immunity,Medium,0.5,True,True,0.6681074325732033,0.7384615384615385,0.6463424456125929,0.0,0.0,0,5302,
25,4,tolerance_autoimmunity,Hard,0.8,False,False,0.05,0.151473136915078,0.2617644303244956,0.0,0.0,2,5216,
25,5,innate_immunity,Easy,0.2,,True,0.9179174795649313,0.9379828326180258,0.6390046567558471,0.0,0.0,0,3007,
25,6,antigen_recognition,Easy,0.2,True,True,0.95,0.9484388938447815,0.695809883893066,0.0,0.0,0,3666,
25,7,cell_mediated_immunity,Medium,0.5,False,True,0.2887154779426322,0.23316749585406296,0.39405567635479755,0.0,0.0,0,6253,
25,8,humoral_immunity,Medium,0.5,,False,0.7064189395569002,0.3717391304347826,0.6600573553308872,0.0,0.0,1,1866,
25,9,tolerance_autoimmunity,Hard,0.8,False,False,0.05,0.15236428212260275,0.2617644303244956,0.0,0.0,1,3212,
25,10,innate_immunity,Easy,0.2,,True,0.9330197107196972,0.9876919608186988,0.6722417585413628,0.0,0.0,0,2068,
25,11,antigen_recognition,Easy,0.2,True,True,0.95,0.9977241564601902,0.695809883893066,0.0,0.0,0,3882,
25,12,cell_mediated_immunity,Medium,0.5,True,True,0.34622691516958287,0.8812406520523938,0.43536145788176894,0.0,0.0,0,2903,
25,13,humoral_immunity,Medium,0.5,,True,0.7231907007903973,0.7679263108171942,0.6864234409591775,0.0,0.0,0,3620,
25,14,tolerance_autoimmunity,Hard,0.8,False,False,0.05,0.15238064594829565,0.2617644303244956,0.0,0.0,1,3808,
25,15,innate_immunity,Easy,0.2,True,True,0.944456889188762,0.9994772499583705,0.6978921557025235,0.0,0.15,0,3970,
25,16,antigen_recognition,Easy,0.2,True,True,0.95,0.9999042636435814,0.695809883893066,0.0,0.15,0,4475,
25,17,cell_mediated_immunity,Medium,0.5,False,False,0.40423949129709846,0.23831275402042026,0.4546064902653873,0.0,0.0,2,4771,
25,18,humoral_immunity,Medium,0.5,True,True,0.7537179208963962,0.9875012439495416,0.7107445625846873,0.0,0.0,0,6208,
25,19,tolerance_autoimmunity,Hard,0.8,,False,0.05,0.16868127533425692,0.2617644303244956,0.15,0.0,1,4211,
25,20,innate_immunity,Easy,0.2,True,True,0.95,0.9999780464961907,0.6978921557025235,0.0,0.3,0,4505,
25,21,antigen_recognition,Easy,0.2,,True,0.95,0.9999819151193805,0.695809883893066,0.0,0.3,0,3270,
25,22,cell_mediated_immunity,Medium,0.5,True,False,0.43232755071263856,0.2772060176929259,0.4731955786355894,0.0,0.0,3,3815,
25,23,humoral_immunity,Medium,0.5,True,True,0.779794182901413,0.9994690523852543,0.7331793284222129,0.0,0.0,0,3445,
25,24,tolerance_autoimmunity,Hard,0.8,,False,0.05,0.17102569666673367,0.2617644303244956,0.3,0.0,1,2937,
25,25,innate_immunity,Easy,0.2,True,True,0.95,0.9999990784756703,0.6978921557025235,0.0,0.44999999999999996,0,5422,
25,26,antigen_recognition,Easy,0.2,True,True,0.95,0.9999992408685034,0.695809883893066,0.0,0.44999999999999996,0,3960,
25,27,cell_mediated_immunity,Medium,0.5,True,False,0.4598798070058525,0.3008316302711261,0.48845775484891324,0.15,0.0,2,4814,
25,28,humoral_immunity,Medium,0.5,False,True,0.8020372180934808,0.999198010348989,0.7507698374885458,0.0,0.15,0,5327,
25,29,tolerance_autoimmunity,Hard,0.8,,False,0.05,0.1713693497007389,0.2617644303244956,0.44999999999999996,0.0,2,3812,
25,30,innate_immunity,Easy,0.2,True,True,0.95,0.9999999613186978,0.6978921557025235,0.0,0.6,0,4965,
25,31,antigen_recognition,Easy,0.2,,True,0.95,0.9999998566084104,0.695809883893066,0.0,0.6,0,3241,
25,32,cell_mediated_immunity,Medium,0.5,False,True,0.4826935485946344,0.3156349784898273,0.5128671865027024,0.3,0.0,0,2831,
25,33,humoral_immunity,Medium,0.5,True,False,0.8182623770800204,0.9987888599998304,0.760435032351529,0.0,0.0,1,3383,
25,34,tolerance_autoimmunity,Hard,0.8,,False,0.05,0.17141986288185285,0.2617644303244956,0.6,0.0,2,5024,
25,35,innate_immunity,Easy,0.2,True,True,0.95,0.9999999983763403,0.6978921557025235,0.0,0.75,0,3322,
25,36,antigen_recognition,Easy,0.2,True,True,0.95,0.9999999939810928,0.695809883893066,0.0,0.75,0,4323,
25,37,cell_mediated_immunity,Medium,0.5,True,False,0.5192911988933315,0.3250913983580397,0.5219990245537144,0.44999999999999996,0.0,1,2617,
25,38,humoral_immunity,Medium,0.5,True,True,0.8267275798447047,0.9999491034259002,0.7790157857509924,0.0,0.0,0,3696,
25,39,tolerance_autoimmunity,Hard,0.8,False,False,0.05,0.15273882294785746,0.2617644303244956,0.75,0.0,2,4641,
25,40,innate_immunity,Easy,0.2,True,True,0.95,0.9999999999318464,0.6978921557025235,0.0,0.9,0,4231,
25,41,antigen_recognition,Easy,0.2,True,True,0.95,0.9999999997473545,0.695809883893066,0.0,0.9,0,3950,
25,42,cell_mediated_immunity,Medium,0.5,True,False,0.5329507105272884,0.33120693126053785,0.5285158621874717,0.6,0.0,2,2809,
25,43,humoral_immunity,Medium,0.5,True,False,0.8421209896263476,0.9999230926658312,0.7875855971688289,0.0,0.0,3,4440,
25,44,tolerance_autoimmunity,Hard,0.8,False,False,0.05,0.15238753361158316,0.2617644303244956,0.9,0.0,2,3836,
25,45,innate_immunity,Easy,0.2,True,True,0.95,0.9999999999971393,0.6978921557025235,0.0,1.0,0,5721,
25,46,antigen_recognition,Easy,0.2,True,True,0.95,0.9999999999893951,0.695809883893066,0.0,1.0,0,4719,
25,47,cell_mediated_immunity,Medium,0.5,False,True,0.5426697527401229,0.33519339912795354,0.5477998327074959,0.39999999999999997,0.0,0,2674,
25,48,humoral_immunity,Medium,0.5,True,True,0.848837658309415,0.9999967715548816,0.8040605420501343,0.0,0.0,0,4875,
25,49,tolerance_autoimmunity,Hard,0.8,False,False,0.05,0.1523810733603787,0.2617644303244956,1.0,0.0,3,3804,
25,50,innate_immunity,Easy,0.2,True,True,0.95,0.99999999999988,0.6978921557025235,0.0,1.0,0,2890,
25,51,antigen_recognition,Easy,0.2,True,True,0.95,0.9999999999995549,0.695809883893066,0.0,1.0,0,3857,
25,52,cell_mediated_immunity,Medium,0.5,False,False,0.5712122942396873,0.15664402240334566,0.5547355496244608,0.5499999999999999,0.0,1,5460,
25,53,humoral_immunity,Medium,0.5,,True,0.8610888594918389,0.9999993901810574,0.8192576837070614,0.0,0.0,0,3415,
25,54,tolerance_autoimmunity,Hard,0.8,False,True,0.05,0.2280612908915336,0.2617644303244956,1.0,0.0,0,3220,
25,55,innate_immunity,Easy,0.2,True,True,0.95,0.999999999999995,0.6978921557025235,0.0,1.0,0,4667,
25,56,antigen_recognition,Easy,0.2,True,True,0.95,0.9999999999999813,0.695809883893066,0.0,1.0,0,3445,
25,57,cell_mediated_immunity,Medium,0.5,,True,0.5813732577322199,0.5369929322630651,0.5744647508139256,0.3499999999999999,0.0,0,4233,
25,58,humoral_immunity,Medium,0.5,True,True,0.8716409424892366,0.9999999744026468,0.8332761290617878,0.0,0.0,0,2844,
25,59,tolerance_autoimmunity,Hard,0.8,False,False,0.05,0.15390577763597368,0.2617644303244956,1.0,0.0,2,3506,
26,0,innate_immunity,Easy,0.2,True,False,0.7415513962746396,0.2,0.4005663551275094,0.0,0.0,2,4596,
26,1,antigen_recognition,Easy,0.2,,True,0.5726163563484239,0.43333333333333335,0.3278876809419844,0.0,0.0,0,4337,
26,2,cell_mediated_immunity,Medium,0.5,,True,0.10527337571344904,0.43333333333333335,0.20566953190771448,0.0,0.0,0,1635,
26,3,humoral_immunity,Medium,0.5,False,True,0.27573898528280405,0.2,0.40314172924003455,0.0,0.0,0,2997,
26,4,tolerance_autoimmunity,Hard,0.8,False,False,0.05,0.151473136915078,0.2559335833426461,0.0,0.0,1,5693,
26,5,innate_immunity,Easy,0.2,True,True,0.7691287403895505,0.8597938144329896,0.4483649973240804,0.0,0.0,0,2413,
26,6,antigen_recognition,Easy,0.2,True,True,0.682942188729619,0.9484388938447815,0.3986843722908081,0.0,0.0,0,3048,
26,7,cell_mediated_immunity,Medium,0.5,False,False,0.14604261759918577,0.1600363306085377,0.2345666213791512,0.0,0.0,1,3272,
26,8,humoral_immunity,Medium,0.5,False,False,0.3586681079910452,0.15330739299610896,0.43207994020213714,0.0,0.0,2,4528,
26,9,tolerance_autoimmunity,Hard,0.8,,False,0.05,0.1685530193297038,0.2559335833426461,0.0,0.0,3,4131,
26,10,innate_immunity,Easy,0.2,True,True,0.816106786418179,0.9932097858967958,0.49235219147234943,0.0,0.0,0,4374,
26,11,antigen_recognition,Easy,0.2,True,True,0.7671175508021216,0.9977241564601902,0.46202372152014004,0.0,0.0,0,2368,
26,12,cell_mediated_immunity,Medium,0.5,False,False,0.16901837136923092,0.1525229350070919,0.26241245848968364,0.0,0.0,3,5816,
26,13,humoral_immunity,Medium,0.5,False,True,0.3995068413670925,0.22856993900213754,0.48715026863744454,0.0,0.0,0,3389,
26,14,tolerance_autoimmunity,Hard,0.8,False,False,0.05,0.15268390696295708,0.2559335833426461,0.0,0.0,1,2772,
26,15,innate_immunity,Easy,0.2,True,True,0.8524708395844867,0.9997131269317713,0.5328318611893339,0.0,0.0,0,3942,
26,16,antigen_recognition,Easy,0.2,,False,0.8280887997914472,0.9847669403520328,0.4903574831999642,0.0,0.0,3,3710,
26,17,cell_mediated_immunity,Medium,0.5,,False,0.19379685990215323,0.16870140601142222,0.28522036266909345,0.15,0.0,1,4089,
26,18,humoral_immunity,Medium,0.5,False,False,0.4807349448940658,0.15391701775338,0.5120153906355541,0.0,0.0,1,2758,
26,19,tolerance_autoimmunity,Hard,0.8,False,False,0.05,0.15238652335356928,0.2559335833426461,0.15,0.0,1,4070,
26,20,innate_immunity,Easy,0.2,True,True,0.8804808076980335,0.9999879551297057,0.5644959202025532,0.0,0.15,0,3462,
26,21,antigen_recognition,Easy,0.2,True,True,0.8509593026462681,0.9993511923596861,0.5440404807243934,0.0,0.0,0,2671,
26,22,cell_mediated_immunity,Medium,0.5,,False,0.21607668690637338,0.17102864044745927,0.3034225296177479,0.3,0.0,2,4633,
26,23,humoral_immunity,Medium,0.5,True,False,0.5180152840504086,0.2289049290882831,0.5321260130802378,0.15,0.0,3,4581,
26,24,tolerance_autoimmunity,Hard,0.8,False,False,0.05,0.15238105478919794,0.2559335833426461,0.3,0.0,1,3468,
26,25,innate_immunity,Easy,0.2,True,True,0.899073795969887,0.9999994944070627,0.5888047869210191,0.0,0.3,0,4093,
26,26,antigen_recognition,Easy,0.2,True,False,0.8873788910205367,0.9990200740639744,0.5680546405890385,0.0,0.0,2,3405,
26,27,cell_mediated_immunity,Medium,0.5,True,False,0.23514843625609536,0.23838659862495448,0.3173600332912145,0.44999999999999996,0.0,3,3964,
26,28,humoral_immunity,Medium,0.5,False,True,0.5480403670395185,0.2716254612919993,0.5774950288096325,0.0,0.0,0,3031,
26,29,tolerance_autoimmunity,Hard,0.8,False,False,0.05,0.15238095426345713,0.2559335833426461,0.44999999999999996,0.0,3,2777,
26,30,innate_immunity,Easy,0.2,True,True,0.9115596501157286,0.9999999787775701,0.6068385011895888,0.0,0.44999999999999996,0,1637,
26,31,antigen_recognition,Easy,0.2,,False,0.900994865235634,0.9933819003673666,0.5873916295187599,0.15,0.0,2,5474,
26,32,cell_mediated_immunity,Medium,0.5,,False,0.25052020180803924,0.18200429721381114,0.32729358562851224,0.6,0.0,1,5092,
26,33,humoral_immunity,Medium,0.5,True,False,0.614192574959687,0.29738566738235817,0.5949071311455603,0.15,0.0,3,3850,
26,34,tolerance_autoimmunity,Hard,0.8,,False,0.05,0.16868131894761235,0.2559335833426461,0.6,0.0,1,2924,
26,35,innate_immunity,Easy,0.2,True,True,0.919903086769106,0.9999999991091819,0.6193787287646385,0.0,0.6,0,5300,
26,36,antigen_recognition,Easy,0.2,True,True,0.9108736994484111,0.9997204444631678,0.6308535727455139,0.0,0.0,0,837,
26,37,cell_mediated_immunity,Medium,0.5,False,False,0.2618764323384259,0.15294484428890145,0.33341171222221727,0.75,0.0,3,3840,
26,38,humoral_immunity,Medium,0.5,True,True,0.6386345911889714,0.9111894235913048,0.6341883591102057,0.0,0.0,0,5347,
26,39,tolerance_autoimmunity,Hard,0.8,False,False,0.05,0.15268635666924693,0.2559335833426461,0.75,0.0,2,5459,
26,40,innate_immunity,Easy,0.2,False,True,0.9252747296666989,0.9999999986538752,0.6269663825907985,0.0,0.75,0,3905,
26,41,antigen_recognition,Easy,0.2,,True,0.9298978603719804,0.999947183581281,0.6697374689810194,0.0,0.0,0,4470,
26,42,cell_mediated_immunity,Medium,0.5,True,True,0.2690338927655091,0.8174537227306864,0.34311168580564955,0.9,0.0,0,3852,
26,43,humoral_immunity,Medium,0.5,False,True,0.6910708000790731,0.8744684308798955,0.6696605472495539,0.0,0.0,0,4846,
26,44,tolerance_autoimmunity,Hard,0.8,False,False,0.05,0.15238656841667778,0.2559335833426461,0.9,0.0,2,4453,
26,45,innate_immunity,Easy,0.2,True,True,0.9283621471147008,0.999999999943496,0.6329154982463363,0.0,0.9,0,4311,
26,46,antigen_recognition,Easy,0.2,,True,0.9436633836185244,0.9999900231555099,0.7045255450356317,0.0,0.0,0,5297,
26,47,cell_mediated_immunity,Medium,0.5,False,False,0.2806317902668203,0.20558500564254456,0.3478910971842925,1.0,0.0,1,3536,
26,48,humoral_immunity,Medium,0.5,,True,0.7345756819652725,0.9737228991788659,0.7016930522548918,0.0,0.0,0,3208,
26,49,tolerance_autoimmunity,Hard,0.8,False,True,0.05,0.22806430696012114,0.2559335833426461,1.0,0.0,0,4186,
26,50,innate_immunity,Easy,0.2,,True,0.9307000583368278,0.999999999989327,0.6387697377957238,0.0,1.0,0,3830,
26,51,antigen_recognition,Easy,0.2,True,True,0.95,0.9999995812149014,0.7045255450356317,0.0,0.15,0,2919,
26,52,cell_mediated_immunity,Medium,0.5,,False,0.2864571730995541,0.17663462675471941,0.35263573435150153,1.0,0.0,3,5803,
26,53,humoral_immunity,Medium,0.5,True,True,0.7703269596028691,0.9988687526272918,0.7262804604788566,0.0,0.15,0,3742,
26,54,tolerance_autoimmunity,Hard,0.8,False,False,0.05,0.15390584424234846,0.2559335833426461,1.0,0.0,2,4035,
26,55,innate_immunity,Easy,0.2,,True,0.9329315708839057,0.999999999997984,0.6445306143168769,0.0,1.0,0,1599,
26,56,antigen_recognition,Easy,0.2,True,False,0.95,0.9999993671693905,0.7045255450356317,0.0,0.0,3,4441,
26,57,cell_mediated_immunity,Medium,0.5,False,False,0.2923111724806272,0.1528396765805427,0.3573458503187219,1.0,0.0,1,2560,
26,58,humoral_immunity,Medium,0.5,False,True,0.7953828278510098,0.9982920622701836,0.7448599722893198,0.0,0.3,0,3389,
26,59,tolerance_autoimmunity,Hard,0.8,False,False,0.05,0.15240903307070158,0.2559335833426461,1.0,0.0,1,2789,
27,0,innate_immunity,Easy,0.2,True,False,0.700211435978464,0.2,0.36685281978490275,0.0,0.0,1,3304,
27,1,antigen_recognition,Easy,0.2,True,True,0.6628565906791813,0.7384615384615385,0.3965279089278857,0.0,0.0,0,1805,
27,2,cell_mediated_immunity,Medium,0.5,False,True,0.4090376178449258,0.2,0.5070671156686407,0.0,0.0,0,4667,
27,3,humoral_immunity,Medium,0.5,False,False,0.22544723868218688,0.151473136915078,0.31942564585556005,0.0,0.0,2,5104,
27,4,tolerance_autoimmunity,Hard,0.8,False,False,0.05,0.151473136915078,0.2036768794893381,0.0,0.0,1,4208,
27,5,innate_immunity,Easy,0.2,True,True,0.7312781214956848,0.8597938144329896,0.4158204124454721,0.0,0.0,0,3653,
27,6,antigen_recognition,Easy,0.2,True,False,0.7647980766811745,0.6715909090909091,0.43333936339881646,0.0,0.0,1,2649,
27,7,cell_mediated_immunity,Medium,0.5,True,True,0.5105990854644362,0.8597938144329896,0.5671256899845736,0.0,0.0,0,4083,
27,8,humoral_immunity,Medium,0.5,False,False,0.2528544236644327,0.15236428212260275,0.34365666335946327,0.0,0.0,2,3385,
27,9,tolerance_autoimmunity,Hard,0.8,False,False,0.05,0.15236428212260275,0.2036768794893381,0.0,0.0,2,2499,
27,10,innate_immunity,Easy,0.2,,False,0.784979203661164,0.5188345473465139,0.43841063236422095,0.0,0.0,2,3293,
27,11,antigen_recognition,Easy,0.2,False,True,0.8021896297777501,0.6047068289248718,0.5024713167511394,0.0,0.0,0,2812,
27,12,cell_mediated_immunity,Medium,0.5,False,True,0.599349191598323,0.8089650898574672,0.6198667724805902,0.0,0.0,0,5798,
27,13,humoral_immunity,Medium,0.5,False,False,0.2812923760456849,0.15238064594829565,0.3670249651208484,0.0,0.0,2,3460,
27,14,tolerance_autoimmunity,Hard,0.8,False,False,0.05,0.15238064594829565,0.2036768794893381,0.0,0.0,2,3841,
27,15,innate_immunity,Easy,0.2,True,True,0.8069735699868061,0.9627769543661598,0.48184394495917426,0.0,0.0,0,4278,
27,16,antigen_recognition,Easy,0.2,True,True,0.859944357983063,0.9734190605045688,0.563169250399935,0.0,0.0,0,4190,
27,17,cell_mediated_immunity,Medium,0.5,,False,0.6724309671380218,0.4442012974387072,0.6430243466865575,0.0,0.0,2,5506,
27,18,humoral_immunity,Medium,0.5,,True,0.3104855676631938,0.5301237250698008,0.4053366784490001,0.15,0.0,0,3753,
27,19,tolerance_autoimmunity,Hard,0.8,False,False,0.05,0.15238094674800115,0.2036768794893381,0.15,0.0,1,4757,
27,20,innate_immunity,Easy,0.2,,True,0.8443639915848812,0.9927593544745311,0.5219181258616729,0.0,0.0,0,4134,
27,21,antigen_recognition,Easy,0.2,,True,0.8983492050890531,0.9948731633232458,0.6164621051592574,0.0,0.0,0,4762,
27,22,cell_mediated_immunity,Medium,0.5,False,False,0.7022731718772185,0.1604836253308352,0.6647711701233685,0.0,0.0,2,4534,
27,23,humoral_immunity,Medium,0.5,,False,0.3617030761585151,0.2550573785384102,0.4201572606322385,0.3,0.0,1,3928,
27,24,tolerance_autoimmunity,Hard,0.8,False,False,0.05,0.1523809522774055,0.2036768794893381,0.3,0.0,3,2536,
27,25,innate_immunity,Easy,0.2,,True,0.8734163222271808,0.9986245766596353,0.5588929702623918,0.0,0.0,0,4453,
27,26,antigen_recognition,Easy,0.2,True,True,0.9240557320424426,0.9997837454973125,0.6562346141726081,0.0,0.15,0,3604,
27,27,cell_mediated_immunity,Medium,0.5,True,True,0.7288166479559377,0.8254989336759564,0.705615200278303,0.0,0.0,0,4198,
27,28,humoral_immunity,Medium,0.5,False,True,0.38247495882124755,0.28726655497002573,0.45731752543920345,0.09999999999999998,0.0,0,2525,
27,29,tolerance_autoimmunity,Hard,0.8,,False,0.05,0.16868131866667121,0.2036768794893381,0.44999999999999996,0.0,1,5085,
27,30,innate_immunity,Easy,0.2,True,True,0.8959821359925135,0.9999421905949083,0.5878908992161017,0.0,0.15,0,5380,
27,31,antigen_recognition,Easy,0.2,True,True,0.9391982311955884,0.9999909207840423,0.6855919045109556,0.0,0.3,0,4174,
27,32,cell_mediated_immunity,Medium,0.5,,True,0.7744639678482033,0.9618625573800889,0.7414828243171194,0.0,0.0,0,4434,
27,33,humoral_immunity,Medium,0.5,False,False,0.43632392236475914,0.15531949523752298,0.47663907121898075,0.0,0.0,3,1893,
27,34,tolerance_autoimmunity,Hard,0.8,,False,0.05,0.17102570300325654,0.2036768794893381,0.6,0.0,1,4894,
27,35,innate_immunity,Easy,0.2,True,True,0.9111165929895716,0.9999975732990204,0.6102016570408947,0.0,0.3,0,4240,
27,36,antigen_recognition,Easy,0.2,True,True,0.9485122811550508,0.9999996188938186,0.7066884910971021,0.0,0.44999999999999996,0,3422,
27,37,cell_mediated_immunity,Medium,0.5,True,True,0.8098286148365328,0.9983389491515153,0.7729803638427202,0.0,0.0,0,3683,
27,38,humoral_immunity,Medium,0.5,True,False,0.46501586407447276,0.22967632128752352,0.4924776531264345,0.15,0.0,3,4155,
27,39,tolerance_autoimmunity,Hard,0.8,,False,0.05,0.17136935063180805,0.2036768794893381,0.75,0.0,3,3818,
27,40,innate_immunity,Easy,0.2,True,True,0.9213773571039369,0.9999998981382424,0.6267825056821474,0.0,0.44999999999999996,0,5666,
27,41,antigen_recognition,Easy,0.2,,True,0.95,0.9999999280132554,0.7066884910971021,0.0,0.6,0,4118,
27,42,cell_mediated_immunity,Medium,0.5,True,True,0.8372465596808215,0.9999301666093897,0.7964912812603098,0.0,0.15,0,4025,
27,43,humoral_immunity,Medium,0.5,False,False,0.4887183947573069,0.15394151683767715,0.5051264518316437,0.3,0.0,1,3628,
27,44,tolerance_autoimmunity,Hard,0.8,False,False,0.05,0.15273785213076327,0.2036768794893381,0.9,0.0,3,3435,
27,45,innate_immunity,Easy,0.2,True,True,0.9282887390661265,0.9999999957243209,0.6383283596678487,0.0,0.6,0,2360,
27,46,antigen_recognition,Easy,0.2,True,True,0.95,0.999999996978334,0.7066884910971021,0.0,0.75,0,3234,
27,47,cell_mediated_immunity,Medium,0.5,True,True,0.8555668780006309,0.9999970685272703,0.8138480264234226,0.0,0.3,0,2269,
27,48,humoral_immunity,Medium,0.5,True,True,0.5076890715388973,0.818551144919223,0.5245077560026723,0.44999999999999996,0.0,0,2910,
27,49,tolerance_autoimmunity,Hard,0.8,False,False,0.05,0.1523875157508993,0.2036768794893381,1.0,0.0,1,4875,
27,50,innate_immunity,Easy,0.2,True,True,0.9327656779295154,0.999999999820527,0.6453212793688605,0.0,0.75,0,3525,
27,51,antigen_recognition,Easy,0.2,,True,0.95,0.9999999994292408,0.7066884910971021,0.0,0.9,0,4087,
27,52,cell_mediated_immunity,Medium,0.5,True,True,0.867965436199913,0.9999998769501844,0.8263223659774764,0.0,0.44999999999999996,0,3512,
27,53,humoral_immunity,Medium,0.5,,False,0.5366955364887006,0.4564867649712403,0.5312794839216612,0.6,0.0,1,4744,
27,54,tolerance_autoimmunity,Hard,0.8,,False,0.05,0.16868224712275376,0.2036768794893381,1.0,0.0,2,5276,
27,55,innate_immunity,Easy,0.2,,True,0.9353496970812142,0.9999999999660996,0.6508074486703923,0.0,0.9,0,4335,
27,56,antigen_recognition,Easy,0.2,True,True,0.95,0.9999999999760423,0.7066884910971021,0.0,1.0,0,3609,
27,57,cell_mediated_immunity,Medium,0.5,False,True,0.8763092110904829,0.9999998140580743,0.834786667241618,0.0,0.6,0,3860,
27,58,humoral_immunity,Medium,0.5,,True,0.5467819910667494,0.8221559087767248,0.551305348770143,0.39999999999999997,0.0,0,4045,
27,59,tolerance_autoimmunity,Hard,0.8,False,False,0.05,0.15268637439418917,0.2036768794893381,1.0,0.0,3,4269,
28,0,innate_immunity,Easy,0.2,True,True,0.95,0.7384615384615385,0.7343759146486774,0.0,0.0,0,3638,
28,1,antigen_recognition,Easy,0.2,False,True,0.6707367848981411,0.2,0.3700192410738995,0.0,0.0,0,6026,
28,2,cell_mediated_immunity,Medium,0.5,False,False,0.298804907849977,0.151473136915078,0.4036246306834786,0.0,0.0,3,1098,
28,3,humoral_immunity,Medium,0.5,False,True,0.07640950949648455,0.2,0.15976970487122288,0.0,0.0,0,4046,
28,4,tolerance_autoimmunity,Hard,0.8,False,False,0.24135128278447385,0.151473136915078,0.6275694016879966,0.0,0.0,2,2765,
28,5,innate_immunity,Easy,0.2,True,True,0.95,0.9853892821031346,0.7343759146486774,0.0,0.0,0,2528,
28,6,antigen_recognition,Easy,0.2,,True,0.7349950864241699,0.5999999999999999,0.4175698210535129,0.0,0.0,0,3346,
28,7,cell_mediated_immunity,Medium,0.5,,True,0.35933485784183655,0.5286442405708461,0.48867534157782866,0.0,0.0,0,4120,
28,8,humoral_immunity,Medium,0.5,False,False,0.11492610615067195,0.15330739299610896,0.19425147309823834,0.0,0.0,3,2388,
28,9,tolerance_autoimmunity,Hard,0.8,False,False,0.26219644514946466,0.15236428212260275,0.6451488104545999,0.0,0.0,3,4184,
28,10,innate_immunity,Easy,0.2,,True,0.95,0.9972084751444628,0.7343759146486774,0.0,0.0,0,2978,
28,11,antigen_recognition,Easy,0.2,True,True,0.7867455668202281,0.9729083665338645,0.46153131101035816,0.0,0.0,0,3612,
28,12,cell_mediated_immunity,Medium,0.5,False,True,0.4830195449865803,0.47880455502328906,0.5615967396336481,0.0,0.0,0,4525,
28,13,humoral_immunity,Medium,0.5,False,False,0.137704116819334,0.15239800083060046,0.227318162213069,0.0,0.0,2,5475,
28,14,tolerance_autoimmunity,Hard,0.8,,False,0.28310589210109655,0.1686789605945943,0.6618984388165211,0.0,0.0,1,4212,
28,15,innate_immunity,Easy,0.2,True,True,0.95,0.9998825131109655,0.7343759146486774,0.0,0.15,0,3437,
28,16,antigen_recognition,Easy,0.2,True,True,0.8276678013305006,0.9988327594737321,0.496078118011371,0.0,0.15,0,4267,
28,17,cell_mediated_immunity,Medium,0.5,False,True,0.5913575935250118,0.4395911008180972,0.6241186190923712,0.0,0.0,0,6491,
28,18,humoral_immunity,Medium,0.5,False,False,0.16299765926156354,0.1523812657777585,0.254271392498289,0.15,0.0,2,6287,
28,19,tolerance_autoimmunity,Hard,0.8,False,False,0.3039391924550219,0.1526863116330173,0.675463601666374,0.15,0.0,3,2044,
28,20,innate_immunity,Easy,0.2,,True,0.95,0.999977806004013,0.7343759146486774,0.0,0.3,0,2896,
28,21,antigen_recognition,Easy,0.2,True,True,0.8552602749664932,0.999950950293144,0.522703128679438,0.0,0.3,0,4195,
28,22,cell_mediated_immunity,Medium,0.5,True,True,0.6780253180550283,0.9496574629374499,0.6696832638740038,0.0,0.15,0,4348,
28,23,humoral_immunity,Medium,0.5,,False,0.18627905465334046,0.16868136301353626,0.27569388679210827,0.3,0.0,1,3397,
28,24,tolerance_autoimmunity,Hard,0.8,True,False,0.32142770156014433,0.22822885040057944,0.6861867018151377,0.3,0.0,1,5615,
28,25,innate_immunity,Easy,0.2,,True,0.95,0.999995807728391,0.7343759146486774,0.0,0.44999999999999996,0,5212,
28,26,antigen_recognition,Easy,0.2,True,True,0.8739361476467815,0.9999979410274112,0.5425174777729561,0.0,0.44999999999999996,0,4223,
28,27,cell_mediated_immunity,Medium,0.5,,True,0.7346022560563986,0.9901033476534218,0.7026584205811126,0.0,0.3,0,5261,
28,28,humoral_immunity,Medium,0.5,,False,0.2065518573253332,0.17102570948812362,0.2920423160456255,0.44999999999999996,0.0,2,4559,
28,29,tolerance_autoimmunity,Hard,0.8,True,False,0.3356188668776293,0.2712263888168511,0.694333612269341,0.44999999999999996,0.0,2,4386,
28,30,innate_immunity,Easy,0.2,True,True,0.95,0.999999824027404,0.7343759146486774,0.0,0.6,0,3537,
28,31,antigen_recognition,Easy,0.2,True,True,0.8864624216999318,0.999999913573821,0.5563296832755589,0.0,0.6,0,3297,
28,32,cell_mediated_immunity,Medium,0.5,False,True,0.7713501317711692,0.9851592934753222,0.725981000125862,0.0,0.44999999999999996,0,5094,
28,33,humoral_immunity,Medium,0.5,True,False,0.2230905428989538,0.23838496142058752,0.3036637169468668,0.6,0.0,2,3650,
28,34,tolerance_autoimmunity,Hard,0.8,True,False,0.34660448306995917,0.29713997379004153,0.7001048183952423,0.6,0.0,3,2912,
28,35,innate_immunity,Easy,0.2,True,True,0.95,0.9999999926134948,0.7343759146486774,0.0,0.75,0,4677,
28,36,antigen_recognition,Easy,0.2,True,True,0.8945400201966077,0.9999999963722342,0.5647016774123118,0.0,0.75,0,2926,
28,37,cell_mediated_immunity,Medium,0.5,,True,0.7950902514388545,0.9971640203686798,0.7416124375975762,0.0,0.6,0,3639,
28,38,humoral_immunity,Medium,0.5,False,True,0.23540880653123752,0.2772490481852936,0.3179520058002338,0.75,0.0,0,4268,
28,39,tolerance_autoimmunity,Hard,0.8,False,False,0.35448759173284805,0.15557791441003835,0.7036437193397803,0.75,0.0,2,2212,
28,40,innate_immunity,Easy,0.2,True,True,0.95,0.9999999996899491,0.7343759146486774,0.0,0.9,0,3347,
28,41,antigen_recognition,Easy,0.2,,True,0.8991857633776158,0.9999999993147553,0.5712728900755307,0.0,0.9,0,5425,
28,42,cell_mediated_immunity,Medium,0.5,True,True,0.8099483534954194,0.9998806370854609,0.750824775581022,0.0,0.75,0,4448,
28,43,humoral_immunity,Medium,0.5,False,True,0.2511876845171446,0.30085827576105534,0.3431431931364193,0.55,0.0,0,3612,
28,44,tolerance_autoimmunity,Hard,0.8,False,False,0.35936122504399576,0.1524399384532278,0.7064414315695965,0.9,0.0,3,3418,
28,45,innate_immunity,Easy,0.2,,True,0.95,0.9999999999414348,0.7343759146486774,0.0,1.0,0,4726,
28,46,antigen_recognition,Easy,0.2,,True,0.9027040452660491,0.9999999998705649,0.5777449044794765,0.0,1.0,0,4284,
28,47,cell_mediated_immunity,Medium,0.5,,False,0.8183113906899616,0.999189009796215,0.7588202755454752,0.0,0.55,2,4766,
28,48,humoral_immunity,Medium,0.5,False,False,0.2806699555931781,0.15567708430464705,0.36066485332594916,0.35000000000000003,0.0,2,4242,
28,49,tolerance_autoimmunity,Hard,0.8,,False,0.36323482708424437,0.16868966317701986,0.7092127323675259,1.0,0.0,1,1906,
28,50,innate_immunity,Easy,0.2,,True,0.95,0.9999999999889377,0.7343759146486774,0.0,1.0,0,4872,
28,51,antigen_recognition,Easy,0.2,True,True,0.9060617174811239,0.9999999999945669,0.5841192181094911,0.0,1.0,0,4864,
28,52,cell_mediated_immunity,Medium,0.5,True,True,0.8253353088384444,0.9999659321715944,0.7811772175786195,0.0,0.35000000000000003,0,4771,
28,53,humoral_immunity,Medium,0.5,False,True,0.30237560332949676,0.22987316533669683,0.40526832811991065,0.15000000000000002,0.0,0,4395,
28,54,tolerance_autoimmunity,Hard,0.8,True,False,0.3670894369476615,0.23708151117686233,0.7119578710671944,1.0,0.0,2,2464,
28,55,innate_immunity,Easy,0.2,True,True,0.95,0.9999999999995357,0.7343759146486774,0.0,1.0,0,3764,
28,56,antigen_recognition,Easy,0.2,True,True,0.909266806619396,0.999999999999772,0.5903973058450527,0.0,1.0,0,4300,
28,57,cell_mediated_immunity,Medium,0.5,True,True,0.8438375654551343,0.9999985699460749,0.8077030921167065,0.0,0.15000000000000002,0,4123,
28,58,humoral_immunity,Medium,0.5,False,False,0.36160839966228303,0.1539458828646444,0.4296752077408027,0.0,0.0,1,4566,
28,59,tolerance_autoimmunity,Hard,0.8,,False,0.37092449296302127,0.18178322335844754,0.7146770946484269,1.0,0.0,1,2788,
29,0,innate_immunity,Easy,0.2,False,False,0.2824438829685275,0.151473136915078,0.06958107791790816,0.0,0.0,1,3749,
29,1,antigen_recognition,Easy,0.2,,False,0.5944829390375265,0.16164383561643833,0.29251833644675895,0.0,0.0,2,3071,
29,2,cell_mediated_immunity,Medium,0.5,,True,0.13622589616719266,0.43333333333333335,0.2782829356585512,0.0,0.0,0,5059,
29,3,humoral_immunity,Medium,0.5,,True,0.47446822800372723,0.43333333333333335,0.5199275956619768,0.0,0.0,0,3311,
29,4,tolerance_autoimmunity,Hard,0.8,False,False,0.05,0.151473136915078,0.07984980062188084,0.0,0.0,1,3062,
29,5,innate_immunity,Easy,0.2,False,False,0.31377841525809175,0.15236428212260275,0.09390442823905781,0.0,0.0,3,4516,
29,6,antigen_recognition,Easy,0.2,True,False,0.6353203397549659,0.233167495854063,0.3201581008773603,0.0,0.0,3,4805,
29,7,cell_mediated_immunity,Medium,0.5,False,False,0.2091093514139879,0.1600363306085377,0.31675079242987647,0.0,0.0,1,4576,
29,8,humoral_immunity,Medium,0.5,False,False,0.529855833897525,0.1600363306085377,0.5370881044605337,0.0,0.0,1,4307,
29,9,tolerance_autoimmunity,Hard,0.8,False,False,0.05,0.15236428212260275,0.07984980062188084,0.0,0.0,1,6197,
29,10,innate_immunity,Easy,0.2,True,False,0.3460215302953159,0.22805207479018869,0.11759190867750835,0.0,0.0,3,3280,
29,11,antigen_recognition,Easy,0.2,False,True,0.672815872201446,0.274147602668575,0.3732779792002232,0.0,0.0,0,3126,
29,12,cell_mediated_immunity,Medium,0.5,False,False,0.24983448215590942,0.1525229350070919,0.3531682944601378,0.0,0.0,3,3336,
29,13,humoral_immunity,Medium,0.5,True,False,0.5554037171506934,0.2322781487675949,0.553635199408254,0.0,0.0,2,4062,
29,14,tolerance_autoimmunity,Hard,0.8,,True,0.05,0.530097101887864,0.07984980062188084,0.0,0.0,0,4872,
29,15,innate_immunity,Easy,0.2,False,False,0.37884616480031486,0.15390557411223033,0.13719990732064669,0.15,0.0,3,4847,
29,16,antigen_recognition,Easy,0.2,True,False,0.7387859172968513,0.2989407079062792,0.3940899414377601,0.15,0.0,2,4185,
29,17,cell_mediated_immunity,Medium,0.5,False,True,0.2929726202840813,0.22813915939457408,0.4221211587700982,0.0,0.0,0,2025,
29,18,humoral_immunity,Medium,0.5,False,True,0.5797655910741268,0.2736205156045183,0.5855464153777826,0.0,0.0,0,6300,
29,19,tolerance_autoimmunity,Hard,0.8,False,False,0.05,0.16472305141059035,0.07984980062188084,0.15,0.0,2,2508,
29,20,innate_immunity,Easy,0.2,True,False,0.4068987952115705,0.22889863901892035,0.15298885129985787,0.3,0.0,2,3965,
29,21,antigen_recognition,Easy,0.2,False,True,0.7621566138050604,0.3144372018912156,0.4414331084696273,0.0,0.0,0,3763,
29,22,cell_mediated_immunity,Medium,0.5,,False,0.3852618794689692,0.18028541333289735,0.4483021891971827,0.15,0.0,2,2610,
29,23,humoral_immunity,Medium,0.5,,True,0.6255747145542988,0.6846138559689139,0.615176255881988,0.0,0.0,0,2977,
29,24,tolerance_autoimmunity,Hard,0.8,False,False,0.05,0.15261111902840976,0.07984980062188084,0.3,0.0,1,4884,
29,25,innate_immunity,Easy,0.2,,True,0.42994712291007164,0.63610033020798,0.17734601262522556,0.44999999999999996,0.0,0,3548,
29,26,antigen_recognition,Easy,0.2,,True,0.809782671289464,0.72258033873726,0.48507708709401726,0.0,0.0,0,2211,
29,27,cell_mediated_immunity,Medium,0.5,False,False,0.4230691279412577,0.15291103199232012,0.4688862149753,0.3,0.0,1,2688,
29,28,humoral_immunity,Medium,0.5,,True,0.6662021394377317,0.9210640457121485,0.6426878195009665,0.0,0.0,0,2457,
29,29,tolerance_autoimmunity,Hard,0.8,False,False,0.05,0.1523851845135901,0.07984980062188084,0.44999999999999996,0.0,1,3177,
29,30,innate_immunity,Easy,0.2,True,False,0.46607123989904814,0.5714118019074439,0.18594846068517237,0.6,0.0,2,5084,
29,31,antigen_recognition,Easy,0.2,True,False,0.8468962659120466,0.6551883659774135,0.505194001419627,0.0,0.0,1,5419,
29,32,cell_mediated_immunity,Medium,0.5,False,True,0.45346439287121376,0.22835224052797168,0.519841718229818,0.09999999999999998,0.0,0,3631,
29,33,humoral_immunity,Medium,0.5,,False,0.7018508216650916,0.6542694867637399,0.6554601820901894,0.0,0.0,1,4661,
29,34,tolerance_autoimmunity,Hard,0.8,False,False,0.05,0.1523810301778895,0.07984980062188084,0.6,0.0,2,4442,
29,35,innate_immunity,Easy,0.2,,True,0.4789351670355123,0.87856430138551,0.21148593886876246,0.39999999999999997,0.0,0,3432,
29,36,antigen_recognition,Easy,0.2,True,True,0.8619003349788352,0.9784688662766227,0.5438559822006477,0.0,0.0,0,3493,
29,37,cell_mediated_immunity,Medium,0.5,False,False,0.5297274750693204,0.15391220527027805,0.5390362138188426,0.24999999999999997,0.0,2,2092,
29,38,humoral_immunity,Medium,0.5,,True,0.7176351154121711,0.9106759849462671,0.6800917940023438,0.0,0.0,0,4233,
29,39,tolerance_autoimmunity,Hard,0.8,False,False,0.05,0.15238095381104325,0.07984980062188084,0.75,0.0,2,3562,
29,40,innate_immunity,Easy,0.2,False,False,0.5172220926763244,0.23632842700768497,0.22797683628011609,0.19999999999999996,0.0,3,4214,
29,41,antigen_recognition,Easy,0.2,True,True,0.8872682135383329,0.9990773391154854,0.5794970845723513,0.0,0.0,0,4731,
29,42,cell_mediated_immunity,Medium,0.5,True,True,0.5582881012655005,0.818519022024612,0.5857184257013527,0.04999999999999996,0.0,0,3105,
29,43,humoral_immunity,Medium,0.5,,True,0.7465981961635595,0.9818679776854916,0.702962459069307,0.0,0.0,0,3354,
29,44,tolerance_autoimmunity,Hard,0.8,False,False,0.05,0.1523809524072408,0.07984980062188084,0.9,0.0,1,3890,
29,45,innate_immunity,Easy,0.2,True,True,0.5418669922494129,0.8830270055835023,0.2683418577162218,0.0,0.0,0,4879,
29,46,antigen_recognition,Easy,0.2,True,True,0.9069527147372122,0.9999612370256973,0.6123533467867759,0.0,0.0,0,1828,
29,47,cell_mediated_immunity,Medium,0.5,,False,0.6258164240984524,0.4564443836464108,0.6077998271958029,0.0,0.0,1,4030,
29,48,humoral_immunity,Medium,0.5,,True,0.7716717104769172,0.9965260707248199,0.7241980697337925,0.0,0.0,0,4561,
29,49,tolerance_autoimmunity,Hard,0.8,False,False,0.05,0.15238095238143562,0.07984980062188084,1.0,0.0,3,5206,
29,50,innate_immunity,Easy,0.2,False,True,0.6011001427075934,0.8379811231322412,0.3065964049695497,0.0,0.0,0,3457,
29,51,antigen_recognition,Easy,0.2,True,True,0.9223075090491947,0.9999983728522314,0.6380990115007292,0.0,0.15,0,5259,
29,52,cell_mediated_immunity,Medium,0.5,True,False,0.6562887542288406,0.42269267614424294,0.6255686118009645,0.15,0.0,1,3311,
29,53,humoral_immunity,Medium,0.5,True,True,0.7933418801690844,0.9998536976007646,0.7409579009467143,0.0,0.15,0,2562,
29,54,tolerance_autoimmunity,Hard,0.8,False,False,0.05,0.15238095238096128,0.07984980062188084,1.0,0.0,1,3797,
29,55,innate_immunity,Easy,0.2,,True,0.6546581578743874,0.9649838904606567,0.3428508236095484,0.0,0.0,0,4353,
29,56,antigen_recognition,Easy,0.2,True,False,0.9326793266547961,0.9999975412020391,0.6522376932286534,0.0,0.0,1,5470,
29,57,cell_mediated_immunity,Medium,0.5,,False,0.6799216302908728,0.2212711751133608,0.6395387693689448,0.3,0.0,2,2796,
29,58,humoral_immunity,Medium,0.5,False,True,0.8093430926426488,0.9997789459728378,0.753921386978748,0.0,0.3,0,1741,
29,59,tolerance_autoimmunity,Hard,0.8,,True,0.05,0.530124223602499,0.07984980062188084,1.0,0.0,0,5598,
30,0,innate_immunity,Easy,0.2,True,True,0.3940157311499565,0.7384615384615385,0.2031115653237524,0.0,0.0,0,3727,
30,1,antigen_recognition,Easy,0.2,True,True,0.624523386756225,0.7384615384615385,0.35428064289306777,0.0,0.0,0,3482,
30,2,cell_mediated_immunity,Medium,0.5,,False,0.2027082347868868,0.16164383561643833,0.31180921919164883,0.0,0.0,1,5141,
30,3,humoral_immunity,Medium,0.5,False,False,0.08039983361252007,0.151473136915078,0.1473778378839096,0.0,0.0,2,3245,
30,4,tolerance_autoimmunity,Hard,0.8,False,False,0.05,0.151473136915078,0.12225701743583332,0.0,0.0,3,4134,
30,5,innate_immunity,Easy,0.2,,True,0.5046672124248215,0.9379828326180258,0.2715392644107636,0.0,0.0,0,3292,
30,6,antigen_recognition,Easy,0.2,False,True,0.7161988138930807,0.6715909090909093,0.41701234877824156,0.0,0.0,0,3392,
30,7,cell_mediated_immunity,Medium,0.5,,False,0.24431898082445602,0.17000398883127243,0.3496578870880346,0.0,0.0,2,4043,
30,8,humoral_immunity,Medium,0.5,False,False,0.10757703768102839,0.15236428212260275,0.19774765881924578,0.0,0.0,2,3330,
30,9,tolerance_autoimmunity,Hard,0.8,False,False,0.05,0.15236428212260275,0.12225701743583332,0.0,0.0,1,5030,
30,10,innate_immunity,Easy,0.2,False,True,0.605691118772757,0.9105975479380389,0.3340911723599038,0.0,0.0,0,5504,
30,11,antigen_recognition,Easy,0.2,True,True,0.7861838424966595,0.9799579823362636,0.47364966260291486,0.0,0.0,0,3654,
30,12,cell_mediated_immunity,Medium,0.5,False,False,0.2886288542479521,0.1527116545681278,0.38542497862292324,0.0,0.0,2,3771,
30,13,humoral_immunity,Medium,0.5,,False,0.14021395744767254,0.1686789605945943,0.24514181365793597,0.0,0.0,2,6060,
30,14,tolerance_autoimmunity,Hard,0.8,False,False,0.05,0.15238064594829565,0.12225701743583332,0.0,0.0,3,3733,
30,15,innate_immunity,Easy,0.2,False,True,0.6909462946779034,0.8736862203725225,0.3826947357449155,0.0,0.15,0,2655,
30,16,antigen_recognition,Easy,0.2,,True,0.8377930298566493,0.9961543384730991,0.5171144063271529,0.0,0.15,0,3090,
30,17,cell_mediated_immunity,Medium,0.5,,False,0.33460054475586226,0.16872811447815084,0.4141549755230037,0.15,0.0,3,3386,
30,18,humoral_immunity,Medium,0.5,False,False,0.17811821408118758,0.1526863116330173,0.28304695190319146,0.15,0.0,3,3242,
30,19,tolerance_autoimmunity,Hard,0.8,False,False,0.05,0.15238094674800115,0.12225701743583332,0.15,0.0,3,4768,
30,20,innate_immunity,Easy,0.2,True,True,0.749541493683023,0.9939744111311007,0.4197997355421647,0.0,0.3,0,3871,
30,21,antigen_recognition,Easy,0.2,True,True,0.8701952753661957,0.9998379848833379,0.5499530779474916,0.0,0.3,0,4058,
30,22,cell_mediated_immunity,Medium,0.5,,False,0.3740057189232472,0.17103254630961182,0.4367089214228519,0.3,0.0,1,2724,
30,23,humoral_immunity,Medium,0.5,,True,0.21387597383680976,0.5306206635992877,0.3423439272326549,0.3,0.0,0,3945,
30,24,tolerance_autoimmunity,Hard,0.8,,False,0.05,0.16868131788449775,0.12225701743583332,0.3,0.0,2,4005,
30,25,innate_immunity,Easy,0.2,True,True,0.788981724335034,0.9997456169339178,0.44720127891813316,0.0,0.44999999999999996,0,4175,
30,26,antigen_recognition,Easy,0.2,True,True,0.8908758123425843,0.9999931983179167,0.5740002370745916,0.0,0.44999999999999996,0,4088,
30,27,cell_mediated_immunity,Medium,0.5,False,False,0.4061880465212394,0.15273138190836322,0.45374765494869423,0.44999999999999996,0.0,1,4147,
30,28,humoral_immunity,Medium,0.5,,False,0.2797027712162883,0.25524121207126743,0.3637124900636542,0.44999999999999996,0.0,2,3169,
30,29,tolerance_autoimmunity,Hard,0.8,False,True,0.05,0.23707685988735688,0.12225701743583332,0.44999999999999996,0.0,0,2759,
30,30,innate_immunity,Easy,0.2,,True,0.8150565920331148,0.999951940356527,0.4661885011670004,0.0,0.6,0,3147,
30,31,antigen_recognition,Easy,0.2,True,True,0.9041318526747685,0.9999997144954492,0.590554606424597,0.0,0.6,0,4092,
30,32,cell_mediated_immunity,Medium,0.5,False,False,0.4310633399159526,0.15238739671549967,0.46576462708609134,0.6,0.0,1,3738,
30,33,humoral_immunity,Medium,0.5,False,False,0.3062467798630256,0.15452746075281695,0.3787483121958595,0.6,0.0,3,5758,
30,34,tolerance_autoimmunity,Hard,0.8,False,False,0.05,0.15410718006440463,0.12225701743583332,0.6,0.0,1,4579,
30,35,innate_immunity,Easy,0.2,,True,0.8316170217467259,0.9999909217280007,0.47764791349558156,0.0,0.75,0,3554,
30,36,antigen_recognition,Easy,0.2,True,False,0.9124024094328458,0.9999995685709969,0.602487905801384,0.0,0.39999999999999997,1,3136,
30,37,cell_mediated_immunity,Medium,0.5,False,False,0.4488267486988525,0.15238107084386862,0.47311000927217994,0.75,0.0,2,3344,
30,38,humoral_immunity,Medium,0.5,,True,0.32574135057885895,0.5335993306098521,0.42278986447192046,0.39999999999999997,0.0,0,4127,
30,39,tolerance_autoimmunity,Hard,0.8,False,False,0.05,0.15241274807101263,0.12225701743583332,0.75,0.0,1,4492,
30,40,innate_immunity,Easy,0.2,True,True,0.841026745080743,0.9999996189334424,0.486618642605816,0.0,0.9,0,2867,
30,41,antigen_recognition,Easy,0.2,,False,0.9179585353193829,0.9999970662916389,0.6179352431033305,0.0,0.19999999999999996,3,4835,
30,42,cell_mediated_immunity,Medium,0.5,True,True,0.4597522820003731,0.8168282189637944,0.48470103015366456,0.9,0.0,0,4272,
30,43,humoral_immunity,Medium,0.5,,False,0.38621255398869625,0.25634940271376794,0.43813462984067864,0.5499999999999999,0.0,2,3844,
30,44,tolerance_autoimmunity,Hard,0.8,False,False,0.05,0.1523815368820717,0.12225701743583332,0.9,0.0,1,3957,
30,45,innate_immunity,Easy,0.2,True,True,0.8480917178068176,0.9999999840046079,0.4954353109152068,0.0,1.0,0,2789,
30,46,antigen_recognition,Easy,0.2,True,False,0.9246736918863033,0.9999955668508141,0.6337102370234436,0.15,0.0,1,4204,
30,47,cell_mediated_immunity,Medium,0.5,False,True,0.47706764550558384,0.7577234809345452,0.5017050762300926,0.7,0.0,0,2966,
30,48,humoral_immunity,Medium,0.5,,True,0.4082529703952238,0.6668272323042487,0.4812854851020381,0.3499999999999999,0.0,0,3879,
30,49,tolerance_autoimmunity,Hard,0.8,,False,0.05,0.1686814013632011,0.12225701743583332,1.0,0.0,2,3900,
30,50,innate_immunity,Easy,0.2,,True,0.8547821814123897,0.999999996978648,0.504100564220998,0.0,1.0,0,2514,
30,51,antigen_recognition,Easy,0.2,,True,0.9310069792058873,0.9999991626244887,0.6586198002862236,0.3,0.0,0,3680,
30,52,cell_mediated_immunity,Medium,0.5,,False,0.5025575920382314,0.38890220181859303,0.5154075259069608,0.49999999999999994,0.0,2,3502,
30,53,humoral_immunity,Medium,0.5,,False,0.4719576855008584,0.32009829931553396,0.5073326894018376,0.1499999999999999,0.0,2,2732,
30,54,tolerance_autoimmunity,Hard,0.8,,False,0.05,0.17102571509601724,0.12225701743583332,1.0,0.0,2,4688,
30,55,innate_immunity,Easy,0.2,False,True,0.8611175804736404,0.9999999954344012,0.5126170028822493,0.0,1.0,0,2886,
30,56,antigen_recognition,Easy,0.2,True,True,0.940010347925823,0.9999999648508765,0.6884684115180038,0.09999999999999998,0.0,0,4434,
30,57,cell_mediated_immunity,Medium,0.5,True,True,0.5230948436194043,0.9387920526075938,0.5527193472505837,0.29999999999999993,0.0,0,4591,
30,58,humoral_immunity,Medium,0.5,True,True,0.5109972602469004,0.9193067384352681,0.5655426804579797,0.0,0.0,0,2523,
30,59,tolerance_autoimmunity,Hard,0.8,,False,0.05,0.17136935240868115,0.12225701743583332,1.0,0.0,2,5716,
31,0,innate_immunity,Easy,0.2,True,True,0.33668295461817555,0.7384615384615385,0.19490215244408912,0.0,0.0,0,4685,
31,1,antigen_recognition,Easy,0.2,,True,0.7767084232166822,0.43333333333333335,0.4511284764078897,0.0,0.0,0,4460,
31,2,cell_mediated_immunity,Medium,0.5,False,False,0.24379248668245948,0.151473136915078,0.35569427910391194,0.0,0.0,1,3981,
31,3,humoral_immunity,Medium,0.5,,True,0.3861298365105794,0.43333333333333335,0.4617454502654341,0.0,0.0,0,4236,
31,4,tolerance_autoimmunity,Hard,0.8,True,False,0.37467443308793624,0.2,0.726628414396245,0.0,0.0,1,4117,
31,5,innate_immunity,Easy,0.2,,False,0.49235382478438317,0.3717391304347826,0.24248428207331973,0.0,0.0,1,5536,
31,6,antigen_recognition,Easy,0.2,,True,0.818582155095427,0.8086092715231787,0.4913173659620528,0.0,0.0,0,3631,
31,7,cell_mediated_immunity,Medium,0.5,False,False,0.2961218309058144,0.15236428212260275,0.39719745414314145,0.0,0.0,2,3151,
31,8,humoral_immunity,Medium,0.5,False,False,0.44286877476065134,0.1600363306085377,0.4799339823296371,0.0,0.0,1,4233,
31,9,tolerance_autoimmunity,Hard,0.8,False,True,0.39168628211062756,0.25479452054794516,0.7496147492262516,0.0,0.0,0,4708,
31,10,innate_immunity,Easy,0.2,True,True,0.5633835883895252,0.9345238888518692,0.3320242335114929,0.0,0.0,0,4881,
31,11,antigen_recognition,Easy,0.2,True,True,0.8516882647727299,0.9901795976293513,0.5285635871973599,0.0,0.0,0,3930,
31,12,cell_mediated_immunity,Medium,0.5,True,False,0.3505061134435844,0.22805207479018869,0.4360271878602277,0.0,0.0,3,4104,
31,13,humoral_immunity,Medium,0.5,False,False,0.4699372785438518,0.1525229350070919,0.4975078931169485,0.0,0.0,2,5148,
31,14,tolerance_autoimmunity,Hard,0.8,,False,0.4249925141341386,0.18483913618334066,0.7601415184917357,0.0,0.0,2,4776,
31,15,innate_immunity,Easy,0.2,True,False,0.6882918040591114,0.9058528461081069,0.3715023039183742,0.0,0.0,1,3658,
31,16,antigen_recognition,Easy,0.2,True,True,0.8777594249764049,0.9995839011115366,0.5579047523786923,0.0,0.15,0,2217,
31,17,cell_mediated_immunity,Medium,0.5,,False,0.40520182431826207,0.18027097096391204,0.4669064154433577,0.15,0.0,3,1932,
31,18,humoral_immunity,Medium,0.5,True,True,0.49626190932248426,0.8169859413077105,0.5314680103237919,0.0,0.0,0,4684,
31,19,tolerance_autoimmunity,Hard,0.8,,True,0.44049561137626686,0.5792876448393053,0.7803099180552424,0.0,0.0,0,4769,
31,20,innate_immunity,Easy,0.2,True,True,0.7367246602859706,0.99565969601469,0.4457920537603694,0.0,0.0,0,3418,
31,21,antigen_recognition,Easy,0.2,True,True,0.8954282366558209,0.999982527209355,0.580564193469671,0.0,0.3,0,3950,
31,22,cell_mediated_immunity,Medium,0.5,False,False,0.4505220789248554,0.1529107484846876,0.4909440003106183,0.3,0.0,2,4983,
31,23,humoral_immunity,Medium,0.5,True,False,0.5470622902051848,0.7579061012012706,0.5449256257834346,0.15,0.0,2,3037,
31,24,tolerance_autoimmunity,Hard,0.8,False,False,0.47049918144628866,0.16790207872937715,0.789546192138485,0.0,0.0,2,4926,
31,25,innate_immunity,Easy,0.2,True,True,0.8137786412423152,0.9998170595943596,0.511300598888339,0.0,0.0,0,4295,
31,26,antigen_recognition,Easy,0.2,True,True,0.9074916253636836,0.9999992665620375,0.5974555099591189,0.0,0.44999999999999996,0,4857,
31,27,cell_mediated_immunity,Medium,0.5,False,True,0.48641934159696554,0.22835208484237124,0.5270141197153385,0.44999999999999996,0.0,0,4301,
31,28,humoral_immunity,Medium,0.5,True,True,0.5669833491167607,0.9868002646836258,0.5756810921371027,0.0,0.0,0,4788,
31,29,tolerance_autoimmunity,Hard,0.8,,False,0.48432442704932294,0.17091184538667514,0.7970669581146015,0.15,0.0,2,5194,
31,30,innate_immunity,Easy,0.2,,True,0.8662039302974821,0.999965439672561,0.5690658961724249,0.0,0.0,0,3811,
31,31,antigen_recognition,Easy,0.2,False,True,0.9156556899779591,0.9999988916943776,0.6092453845330545,0.0,0.6,0,5044,
31,32,cell_mediated_immunity,Medium,0.5,False,True,0.5404326994839554,0.27129911150333336,0.5727154424194969,0.24999999999999994,0.0,0,4345,
31,33,humoral_immunity,Medium,0.5,False,False,0.611610408046476,0.6079536260041118,0.5900195460617705,0.0,0.0,2,3802,
31,34,tolerance_autoimmunity,Hard,0.8,True,False,0.49560055071320125,0.23832136159290063,0.8030391969392459,0.3,0.0,1,4685,
31,35,innate_immunity,Easy,0.2,,True,0.9015347928156344,0.9999934717626697,0.6123626161534645,0.0,0.15,0,4752,
31,36,antigen_recognition,Easy,0.2,True,True,0.9209607101900416,0.9999999534784805,0.616398239713537,0.0,0.75,0,4339,
31,37,cell_mediated_immunity,Medium,0.5,,False,0.6073752908505751,0.18779835920795623,0.5988629403373359,0.04999999999999993,0.0,3,3887,
31,38,humoral_immunity,Medium,0.5,True,True,0.6318396987871215,0.9737670941438626,0.617727412668116,0.0,0.0,0,3720,
31,39,tolerance_autoimmunity,Hard,0.8,,False,0.5045586690881458,0.18199323131108283,0.8075935726741057,0.44999999999999996,0.0,2,3469,
31,40,innate_immunity,Easy,0.2,True,True,0.9223114942104857,0.9999997259735227,0.6444363041215063,0.0,0.3,0,3777,
31,41,antigen_recognition,Easy,0.2,True,True,0.9240288364611832,0.9999999980472448,0.6220157761002095,0.0,0.9,0,4630,
31,42,cell_mediated_immunity,Medium,0.5,True,True,0.644093911716381,0.8504109033332002,0.6505417041972844,0.0,0.0,0,2836,
31,43,humoral_immunity,Medium,0.5,,True,0.6695973448282931,0.994941688962659,0.6435626878752855,0.0,0.0,0,5519,
31,44,tolerance_autoimmunity,Hard,0.8,False,False,0.5113883890356281,0.15294462616486723,0.8108292553820876,0.6,0.0,1,5484,
31,45,innate_immunity,Easy,0.2,,True,0.9350278637496593,0.9999999482394322,0.6675519113885103,0.0,0.44999999999999996,0,4330,
31,46,antigen_recognition,Easy,0.2,,True,0.9263613701278578,0.9999999996311463,0.6275510482265928,0.0,1.0,0,4520,
31,47,cell_mediated_immunity,Medium,0.5,,False,0.7116169666759612,0.5031048348822321,0.6730521807447215,0.0,0.0,3,4823,
31,48,humoral_immunity,Medium,0.5,False,True,0.702948086559869,0.992386284187917,0.667651927747594,0.0,0.0,0,2587,
31,49,tolerance_autoimmunity,Hard,0.8,True,True,0.5162381705892326,0.8174534813888203,0.8148058410120694,0.75,0.0,0,4881,
31,50,innate_immunity,Easy,0.2,True,False,0.9429621718854376,0.9999999217840341,0.6822879351792739,0.0,0.24999999999999994,3,4363,
31,51,antigen_recognition,Easy,0.2,True,True,0.9285950990047523,0.9999999999845172,0.633005260786,0.0,1.0,0,3701,
31,52,cell_mediated_immunity,Medium,0.5,True,True,0.738524383471856,0.960470747935338,0.7151730936317721,0.0,0.0,0,4421,
31,53,humoral_immunity,Medium,0.5,True,True,0.7322192743496703,0.9996780819731647,0.6867439541350232,0.0,0.15,0,2896,
31,54,tolerance_autoimmunity,Hard,0.8,False,True,0.5221941676920313,0.7584476773182199,0.821813228857245,0.55,0.0,0,4955,
31,55,innate_immunity,Easy,0.2,True,True,0.9475354979222362,0.9999999967168604,0.7179644578877002,0.0,0.04999999999999993,0,2883,
31,56,antigen_recognition,Easy,0.2,True,True,0.9307347870149051,0.9999999999993501,0.6383796008299885,0.0,1.0,0,3659,
31,57,cell_mediated_immunity,Medium,0.5,True,False,0.7843229246593943,0.9420486216032852,0.7335203169568142,0.0,0.0,3,1199,
31,58,humoral_immunity,Medium,0.5,,True,0.7540747225082542,0.9999391780329517,0.7015635867647194,0.0,0.3,0,3692,
31,59,tolerance_autoimmunity,Hard,0.8,False,True,0.5326732171835805,0.6927179230423364,0.8315520226809244,0.35000000000000003,0.0,0,2642,
32,0,innate_immunity,Easy,0.2,True,True,0.2806440180746179,0.7384615384615385,0.15296417938305754,0.0,0.0,0,4676,
32,1,antigen_recognition,Easy,0.2,True,True,0.8519906308179169,0.7384615384615385,0.561191252200778,0.0,0.0,0,4129,
32,2,cell_mediated_immunity,Medium,0.5,False,False,0.21132144157971314,0.151473136915078,0.3088952604217787,0.0,0.0,1,4808,
32,3,humoral_immunity,Medium,0.5,False,True,0.3460043189082034,0.2,0.48448151543093887,0.0,0.0,0,2867,
32,4,tolerance_autoimmunity,Hard,0.8,False,False,0.39184774866913497,0.151473136915078,0.7472314500048116,0.0,0.0,3,3800,
32,5,innate_immunity,Easy,0.2,False,True,0.42991084186178735,0.6715909090909093,0.2501974995703802,0.0,0.0,0,2639,
32,6,antigen_recognition,Easy,0.2,True,True,0.8972603100263948,0.9853892821031346,0.621169726505021,0.0,0.0,0,4992,
32,7,cell_mediated_immunity,Medium,0.5,,False,0.24110545142864892,0.1685530193297038,0.3361665789544162,0.0,0.0,1,5346,
32,8,humoral_immunity,Medium,0.5,True,False,0.47673907604046656,0.25479452054794516,0.5230065626301925,0.0,0.0,1,3645,
32,9,tolerance_autoimmunity,Hard,0.8,,True,0.4215018212790353,0.5286442405708461,0.7851387785203359,0.0,0.0,0,3925,
32,10,innate_immunity,Easy,0.2,,False,0.5747321736951251,0.3230451257320015,0.2932333339630904,0.0,0.0,3,3559,
32,11,antigen_recognition,Easy,0.2,True,True,0.9260143351483114,0.9993780725311993,0.6729500566339096,0.0,0.0,0,3841,
32,12,cell_mediated_immunity,Medium,0.5,,False,0.27229681954170176,0.17100694419015453,0.3623617584130221,0.0,0.0,1,2370,
32,13,humoral_immunity,Medium,0.5,False,False,0.5344551497815416,0.1545168847494429,0.5586526068331803,0.0,0.0,2,2418,
32,14,tolerance_autoimmunity,Hard,0.8,False,True,0.4777229258949757,0.47880455502328906,0.817361200605803,0.0,0.0,0,2556,
32,15,innate_immunity,Easy,0.2,False,True,0.6363137013705812,0.32987859610765385,0.37436481372322605,0.0,0.0,0,2844,
32,16,antigen_recognition,Easy,0.2,True,True,0.9446794042777684,0.9999738789593932,0.7109473919522067,0.0,0.15,0,3090,
32,17,cell_mediated_immunity,Medium,0.5,False,True,0.30452763260239274,0.23837447942167203,0.40513631748982326,0.15,0.0,0,4446,
32,18,humoral_immunity,Medium,0.5,True,True,0.5870820396602422,0.8191798507264203,0.6246169889531835,0.0,0.0,0,3493,
32,19,tolerance_autoimmunity,Hard,0.8,False,False,0.5260182785538844,0.162028376133729,0.8310562369709847,0.0,0.0,2,3429,
32,20,innate_immunity,Easy,0.2,True,False,0.7400423887033197,0.3343253919271939,0.41027391278788966,0.0,0.0,1,3330,
32,21,antigen_recognition,Easy,0.2,True,False,0.95,0.9999605290072122,0.7109473919522067,0.0,0.0,2,3577,
32,22,cell_mediated_immunity,Medium,0.5,False,True,0.36142557355888316,0.2772428014685874,0.45208351967261673,0.0,0.0,0,4604,
32,23,humoral_immunity,Medium,0.5,False,False,0.6786777559872788,0.2061912080126555,0.6484617226602507,0.15,0.0,2,4534,
32,24,tolerance_autoimmunity,Hard,0.8,False,False,0.5464500314175378,0.15256029848589284,0.8437243610827694,0.0,0.0,3,3624,
32,25,innate_immunity,Easy,0.2,True,True,0.7793088934047139,0.9239051383970921,0.47797001732683053,0.0,0.0,0,3310,
32,26,antigen_recognition,Easy,0.2,True,True,0.95,0.9999983431307266,0.7109473919522067,0.0,0.0,0,4292,
32,27,cell_mediated_immunity,Medium,0.5,True,True,0.4286162921348704,0.9030533385431709,0.49532560443507684,0.0,0.0,0,2497,
32,28,humoral_immunity,Medium,0.5,,False,0.7090491172820045,0.17673045201997772,0.666851208959128,0.3,0.0,1,4293,
32,29,tolerance_autoimmunity,Hard,0.8,,True,0.5652129437826263,0.530415880653884,0.8671607893232355,0.0,0.0,0,4026,
32,30,innate_immunity,Easy,0.2,True,True,0.8412849679723859,0.9965568254700176,0.5378951199224592,0.0,0.0,0,2709,
32,31,antigen_recognition,Easy,0.2,True,True,0.95,0.9999999304522914,0.7109473919522067,0.0,0.0,0,3433,
32,32,cell_mediated_immunity,Medium,0.5,,False,0.4929888662258602,0.6072758015111702,0.5152402937846491,0.0,0.0,1,1145,
32,33,humoral_immunity,Medium,0.5,,True,0.7312762222270405,0.5676523616566478,0.7116647935542854,0.09999999999999998,0.0,0,1925,
32,34,tolerance_autoimmunity,Hard,0.8,True,True,0.5993997609101057,0.9643953170326581,0.8870824908124552,0.0,0.0,0,5358,
32,35,innate_immunity,Easy,0.2,False,True,0.8836410090018886,0.9948108773086475,0.5909412729552523,0.0,0.0,0,2163,
32,36,antigen_recognition,Easy,0.2,True,True,0.95,0.9999999970807133,0.7109473919522067,0.0,0.0,0,6517,
32,37,cell_mediated_immunity,Medium,0.5,True,False,0.522844524837642,0.5454066256296979,0.5343691401127104,0.0,0.0,1,3385,
32,38,humoral_immunity,Medium,0.5,True,True,0.7807408240303515,0.9691887311230621,0.7547597659753551,0.0,0.0,0,4835,
32,39,tolerance_autoimmunity,Hard,0.8,True,False,0.6277309825553637,0.9476471508682837,0.895549527388027,0.0,0.0,1,2724,
32,40,innate_immunity,Easy,0.2,True,True,0.9125876563115243,0.9997811051938886,0.6308545996788049,0.0,0.15,0,1397,
32,41,antigen_recognition,Easy,0.2,True,True,0.95,0.999999999877462,0.7109473919522067,0.0,0.15,0,4167,
32,42,cell_mediated_immunity,Medium,0.5,,True,0.5513717921559548,0.8671658400667213,0.5711171661973296,0.0,0.0,0,4143,
32,43,humoral_immunity,Medium,0.5,True,True,0.8217953216919709,0.9986676637162339,0.791413705159915,0.0,0.0,0,3223,
32,44,tolerance_autoimmunity,Hard,0.8,,False,0.6395236299943748,0.73947515224968,0.9033816694384901,0.0,0.0,1,4480,
32,45,innate_immunity,Easy,0.2,True,True,0.929898262032231,0.9999908099106318,0.6605171740611676,0.0,0.3,0,4194,
32,46,antigen_recognition,Easy,0.2,,True,0.95,0.999999999976854,0.7109473919522067,0.0,0.3,0,5600,
32,47,cell_mediated_immunity,Medium,0.5,True,True,0.6050861004030907,0.993618413870637,0.6049650034468643,0.0,0.0,0,2128,
32,48,humoral_immunity,Medium,0.5,,True,0.8517612646559991,0.9997480754199763,0.817912957971254,0.0,0.15,0,3452,
32,49,tolerance_autoimmunity,Hard,0.8,True,False,0.6502845054547658,0.6726492362088019,0.9095397958701474,0.15,0.0,2,4661,
32,50,innate_immunity,Easy,0.2,,True,0.9406491089725074,0.9999982640818222,0.6819507106720644,0.0,0.44999999999999996,0,4862,
32,51,antigen_recognition,Easy,0.2,True,True,0.95,0.9999999999990283,0.7109473919522067,0.0,0.44999999999999996,0,3837,
32,52,cell_mediated_immunity,Medium,0.5,True,True,0.6524418484953192,0.9997304960212409,0.6361415374961452,0.0,0.0,0,2882,
32,53,humoral_immunity,Medium,0.5,True,True,0.8707355206892338,0.9999894228549434,0.8369634419750458,0.0,0.3,0,3431,
32,54,tolerance_autoimmunity,Hard,0.8,,True,0.6586398451146394,0.9170466431705296,0.9190361247169042,0.3,0.0,0,3831,
32,55,innate_immunity,Easy,0.2,True,True,0.9474348222088463,0.9999999271341784,0.6965545739948925,0.0,0.6,0,4274,
32,56,antigen_recognition,Easy,0.2,True,True,0.95,0.9999999999999593,0.7109473919522067,0.0,0.6,0,4293,
32,57,cell_mediated_immunity,Medium,0.5,,True,0.6935671090105113,0.9999490830199786,0.6605501822180007,0.0,0.15,0,3444,
32,58,humoral_immunity,Medium,0.5,,True,0.8830650068292414,0.9999980020783864,0.8503656582082858,0.0,0.44999999999999996,0,4292,
32,59,tolerance_autoimmunity,Hard,0.8,True,False,0.6713322366446818,0.8822456841745921,0.92237518394731,0.44999999999999996,0.0,2,2538,
33,0,innate_immunity,Easy,0.2,True,True,0.8886686321790324,0.7384615384615385,0.5566489437005542,0.0,0.0,0,4533,
33,1,antigen_recognition,Easy,0.2,True,True,0.7829248572035967,0.7384615384615385,0.4704748220621734,0.0,0.0,0,3491,
33,2,cell_mediated_immunity,Medium,0.5,False,False,0.17565718000583316,0.151473136915078,0.27910426413785216,0.0,0.0,3,4401,
33,3,humoral_immunity,Medium,0.5,False,False,0.15130149555655412,0.151473136915078,0.2492732006515338,0.0,0.0,1,5607,
33,4,tolerance_autoimmunity,Hard,0.8,False,False,0.05,0.151473136915078,0.12734006199266373,0.0,0.0,2,4630,
33,5,innate_immunity,Easy,0.2,True,True,0.8947205943397811,0.9853892821031346,0.5668551683568303,0.0,0.0,0,3321,
33,6,antigen_recognition,Easy,0.2,True,True,0.8351876577385487,0.9853892821031346,0.5216711566656321,0.0,0.0,0,3145,
33,7,cell_mediated_immunity,Medium,0.5,True,False,0.20992552052801364,0.22756316558780537,0.3140985161431037,0.0,0.0,3,2342,
33,8,humoral_immunity,Medium,0.5,False,False,0.18177602704395154,0.15236428212260275,0.28424281407347046,0.0,0.0,2,4283,
33,9,tolerance_autoimmunity,Hard,0.8,False,False,0.05,0.15236428212260275,0.12734006199266373,0.0,0.0,3,3161,
33,10,innate_immunity,Easy,0.2,,True,0.9003510299959925,0.9972084751444628,0.5768264391988449,0.0,0.0,0,3943,
33,11,antigen_recognition,Easy,0.2,,False,0.8732524016976017,0.9098656148236488,0.5447944041844753,0.0,0.0,3,2906,
33,12,cell_mediated_immunity,Medium,0.5,False,True,0.24686387757760658,0.27083370775443005,0.38068958662060765,0.0,0.0,0,2467,
33,13,humoral_immunity,Medium,0.5,True,False,0.21508483409228782,0.22805207479018869,0.3175835075421818,0.0,0.0,3,5154,
33,14,tolerance_autoimmunity,Hard,0.8,True,False,0.05,0.22805207479018869,0.12734006199266373,0.0,0.0,3,3915,
33,15,innate_immunity,Easy,0.2,True,True,0.9055916218568326,0.9998825131109655,0.5851069061413515,0.0,0.15,0,4759,
33,16,antigen_recognition,Easy,0.2,True,False,0.8878301712452985,0.8727198435685878,0.5667998337350554,0.0,0.0,3,3355,
33,17,cell_mediated_immunity,Medium,0.5,False,True,0.3283047428298288,0.29689831014481594,0.4408156314760573,0.0,0.0,0,3895,
33,18,humoral_immunity,Medium,0.5,,False,0.2507720429392787,0.18027097096391204,0.3446030102580931,0.15,0.0,3,4133,
33,19,tolerance_autoimmunity,Hard,0.8,,False,0.05,0.18027097096391204,0.12734006199266373,0.15,0.0,1,3956,
33,20,innate_immunity,Easy,0.2,,True,0.9097545318904392,0.999977806004013,0.5917926790629776,0.0,0.3,0,3139,
33,21,antigen_recognition,Easy,0.2,,True,0.9003212386172971,0.9733166570701104,0.6086831314259125,0.0,0.0,0,4140,
33,22,cell_mediated_immunity,Medium,0.5,False,False,0.41214472828736853,0.15557150455954225,0.4679599711302818,0.0,0.0,1,3615,
33,23,humoral_immunity,Medium,0.5,True,False,0.282441720799708,0.24357194130446674,0.3659733484055341,0.3,0.0,3,3561,
33,24,tolerance_autoimmunity,Hard,0.8,,False,0.05,0.17274086945497627,0.12734006199266373,0.3,0.0,2,4796,
33,25,innate_immunity,Easy,0.2,True,True,0.9129943056166306,0.9999990683805131,0.5969611354375425,0.0,0.44999999999999996,0,3534,
33,26,antigen_recognition,Easy,0.2,,False,0.9207147957550111,0.8471104905533783,0.6247625282592124,0.15,0.0,1,5385,
33,27,cell_mediated_immunity,Medium,0.5,False,False,0.45208742179475914,0.15243981974862342,0.49378665024759105,0.0,0.0,2,4664,
33,28,humoral_immunity,Medium,0.5,False,False,0.30913637782902165,0.15425519037222749,0.3822168298006142,0.44999999999999996,0.0,2,5076,
33,29,tolerance_autoimmunity,Hard,0.8,False,False,0.05,0.1527642532529002,0.12734006199266373,0.44999999999999996,0.0,3,4876,
33,30,innate_immunity,Easy,0.2,True,True,0.9154263230548054,0.9999999608949499,0.6006724203333264,0.0,0.6,0,3709,
33,31,antigen_recognition,Easy,0.2,False,False,0.9274777349270165,0.2177239719048533,0.6374602702850666,0.3,0.0,1,3826,
33,32,cell_mediated_immunity,Medium,0.5,False,True,0.49068105464003736,0.22809353579485442,0.5429326131057921,0.0,0.0,0,3798,
33,33,humoral_immunity,Medium,0.5,,True,0.3303286456846443,0.5331604140372882,0.40523840159925006,0.6,0.0,0,1225,
33,34,tolerance_autoimmunity,Hard,0.8,,False,0.05,0.16873556030209136,0.12734006199266373,0.6,0.0,3,2896,
33,35,innate_immunity,Easy,0.2,,True,0.9171344390512296,0.9999999926134903,0.6029706143556568,0.0,0.75,0,5103,
33,36,antigen_recognition,Easy,0.2,True,True,0.9324382932619922,0.8719108571593495,0.6690067112751515,0.09999999999999998,0.0,0,4444,
33,37,cell_mediated_immunity,Medium,0.5,False,True,0.5640451647760876,0.27114654745910227,0.587307216879052,0.0,0.0,0,1924,
33,38,humoral_immunity,Medium,0.5,True,True,0.3615669498699555,0.9647694449800274,0.4384839175856321,0.39999999999999997,0.0,0,4357,
33,39,tolerance_autoimmunity,Hard,0.8,,False,0.05,0.17103363522953727,0.12734006199266373,0.75,0.0,3,4389,
33,40,innate_immunity,Easy,0.2,,True,0.9181763900579475,0.9999999986047704,0.6047985883944927,0.0,0.9,0,3041,
33,41,antigen_recognition,Easy,0.2,,True,0.9434298349155922,0.9731282933402075,0.7010082928185436,0.0,0.0,0,5129,
33,42,cell_mediated_immunity,Medium,0.5,False,True,0.6280460186402498,0.2970908302186849,0.6273736912243647,0.0,0.0,0,5201,
33,43,humoral_immunity,Medium,0.5,False,True,0.40875935837980165,0.9481825937339459,0.48033349663201175,0.19999999999999996,0.0,0,3497,
33,44,tolerance_autoimmunity,Hard,0.8,False,False,0.05,0.1527314028188858,0.12734006199266373,0.9,0.0,1,4707,
33,45,innate_immunity,Easy,0.2,True,True,0.9189966176272187,0.9999999999414348,0.6066181462072067,0.0,1.0,0,2987,
33,46,antigen_recognition,Easy,0.2,True,True,0.95,0.9988424833946026,0.7010082928185436,0.0,0.0,0,5227,
33,47,cell_mediated_immunity,Medium,0.5,True,False,0.6822740404926508,0.31326762866272884,0.6454619920762021,0.0,0.0,2,3699,
33,48,humoral_immunity,Medium,0.5,False,False,0.47053442633610837,0.3389918743665794,0.5045400878272102,0.0,0.0,2,2985,
33,49,tolerance_autoimmunity,Hard,0.8,,False,0.05,0.16873090993055326,0.12734006199266373,1.0,0.0,3,6440,
33,50,innate_immunity,Easy,0.2,False,True,0.9198056162923874,0.9999999999115016,0.6084293265431795,0.0,1.0,0,5057,
33,51,antigen_recognition,Easy,0.2,,True,0.95,0.9997811609557813,0.7010082928185436,0.0,0.15,0,4501,
33,52,cell_mediated_immunity,Medium,0.5,,True,0.7053221561102458,0.7215644452571803,0.6798824825230972,0.0,0.0,0,4252,
33,53,humoral_immunity,Medium,0.5,True,True,0.5068097106526349,0.9253405195617556,0.5506981352281712,0.0,0.0,0,3517,
33,54,tolerance_autoimmunity,Hard,0.8,False,False,0.05,0.15268730374029038,0.12734006199266373,1.0,0.0,3,6611,
33,55,innate_immunity,Easy,0.2,True,True,0.9206035594018137,0.9999999999962853,0.6102321679733848,0.0,1.0,0,4193,
33,56,antigen_recognition,Easy,0.2,True,True,0.95,0.9999908122522289,0.7010082928185436,0.0,0.3,0,3676,
33,57,cell_mediated_immunity,Medium,0.5,,True,0.7463605255987332,0.9328685683361259,0.7109612433496819,0.0,0.0,0,5472,
33,58,humoral_immunity,Medium,0.5,,False,0.5754661858638576,0.6665709897158872,0.5716270704073363,0.0,0.0,1,5835,
33,59,tolerance_autoimmunity,Hard,0.8,False,False,0.05,0.1523865858384125,0.12734006199266373,1.0,0.0,3,3416,
34,0,innate_immunity,Easy,0.2,True,False,0.48057410979900067,0.2,0.22633669958971447,0.0,0.0,3,2660,
34,1,antigen_recognition,Easy,0.2,False,True,0.36257911411657456,0.2,0.18429029756836227,0.0,0.0,0,3861,
34,2,cell_mediated_immunity,Medium,0.5,,True,0.6083532835992836,0.43333333333333335,0.615481642197855,0.0,0.0,0,3763,
34,3,humoral_immunity,Medium,0.5,False,False,0.12024166761520277,0.151473136915078,0.20824474853389568,0.0,0.0,1,4825,
34,4,tolerance_autoimmunity,Hard,0.8,False,False,0.05,0.151473136915078,0.255850095501087,0.0,0.0,2,3166,
34,5,innate_immunity,Easy,0.2,True,False,0.5394230494515543,0.25479452054794516,0.26373127071537533,0.0,0.0,2,3785,
34,6,antigen_recognition,Easy,0.2,False,True,0.47645287769005534,0.25479452054794516,0.2557504874015188,0.0,0.0,0,3921,
34,7,cell_mediated_immunity,Medium,0.5,True,True,0.6666094803537559,0.9484388938447815,0.653412771435149,0.0,0.0,0,3132,
34,8,humoral_immunity,Medium,0.5,,False,0.1479801717789028,0.1685530193297038,0.24626252350248726,0.0,0.0,2,3561,
34,9,tolerance_autoimmunity,Hard,0.8,False,False,0.05,0.15236428212260275,0.255850095501087,0.0,0.0,3,3652,
34,10,innate_immunity,Easy,0.2,False,False,0.594448839565732,0.1545168847494429,0.2993183967303136,0.0,0.0,1,4250,
34,11,antigen_recognition,Easy,0.2,True,True,0.5828546026500946,0.8927270618257742,0.3209504124422276,0.0,0.0,0,3998,
34,12,cell_mediated_immunity,Medium,0.5,True,False,0.7151392121109723,0.9250895784096975,0.6705074623542409,0.0,0.0,1,3842,
34,13,humoral_immunity,Medium,0.5,False,False,0.17910472409529857,0.15268390696295708,0.28245479594250567,0.0,0.0,3,4408,
34,14,tolerance_autoimmunity,Hard,0.8,False,False,0.05,0.15238064594829565,0.255850095501087,0.0,0.0,1,3672,
34,15,innate_immunity,Easy,0.2,False,True,0.6447201093398113,0.22923474433387236,0.3568923693631448,0.15,0.0,0,3602,
34,16,antigen_recognition,Easy,0.2,False,False,0.6738615026904257,0.2478085743248698,0.35069445758987733,0.0,0.0,3,2368,
34,17,cell_mediated_immunity,Medium,0.5,False,True,0.7355652600857995,0.8930342460490259,0.703010524365642,0.0,0.0,0,5004,
34,18,humoral_immunity,Medium,0.5,False,False,0.21327921522079643,0.15238652335356928,0.31174105737249397,0.15,0.0,2,3821,
34,19,tolerance_autoimmunity,Hard,0.8,,False,0.05,0.16868127533425692,0.255850095501087,0.15,0.0,2,2599,
34,20,innate_immunity,Easy,0.2,False,True,0.719373121593147,0.27182023827387125,0.41906084503609375,0.0,0.0,0,5455,
34,21,antigen_recognition,Easy,0.2,False,True,0.7118050169023055,0.28289102091359186,0.4075768229485714,0.0,0.0,0,2684,
34,22,cell_mediated_immunity,Medium,0.5,True,False,0.7717225195356434,0.8507775130067202,0.7176589097467628,0.0,0.0,1,4776,
34,23,humoral_immunity,Medium,0.5,True,False,0.2442434815585466,0.22806428222629388,0.3348747864974184,0.3,0.0,2,2197,
34,24,tolerance_autoimmunity,Hard,0.8,False,False,0.05,0.1526863558363833,0.255850095501087,0.3,0.0,3,2435,
34,25,innate_immunity,Easy,0.2,,True,0.7882426733618085,0.6828112900449566,0.4752195656021554,0.0,0.0,0,5490,
34,26,antigen_recognition,Easy,0.2,,True,0.7765131388786819,0.693715419557097,0.45947601277977823,0.0,0.0,0,2700,
34,27,cell_mediated_immunity,Medium,0.5,,True,0.7868352352655716,0.9681126191301963,0.7455106785013372,0.0,0.0,0,2163,
34,28,humoral_immunity,Medium,0.5,False,False,0.27076371112552666,0.15390584369612853,0.35244034019009013,0.44999999999999996,0.0,2,3106,
34,29,tolerance_autoimmunity,Hard,0.8,False,False,0.05,0.15238656840135695,0.255850095501087,0.44999999999999996,0.0,1,3405,
34,30,innate_immunity,Easy,0.2,True,True,0.839069020451628,0.980938336616751,0.518339998944884,0.0,0.15,0,4188,
34,31,antigen_recognition,Easy,0.2,True,False,0.8259017574759497,0.6262138136461823,0.48315229529853915,0.0,0.0,1,3998,
34,32,cell_mediated_immunity,Medium,0.5,False,True,0.8135226630569202,0.9529807625012204,0.7706149866505051,0.0,0.0,0,5632,
34,33,humoral_immunity,Medium,0.5,,False,0.2920687098543084,0.16889735798960426,0.3648779096939508,0.6,0.0,3,3508,
34,34,tolerance_autoimmunity,Hard,0.8,False,False,0.05,0.152381055617293,0.255850095501087,0.6,0.0,3,5249,
34,35,innate_immunity,Easy,0.2,True,True,0.8710236408675508,0.999185114793824,0.550933062130905,0.0,0.3,0,3456,
34,36,antigen_recognition,Easy,0.2,True,True,0.845392814016727,0.9756623817563315,0.528430701308296,0.0,0.0,0,2569,
34,37,cell_mediated_immunity,Medium,0.5,True,True,0.835303386398524,0.9979340087641327,0.793242859702369,0.0,0.0,0,3381,
34,38,humoral_immunity,Medium,0.5,False,False,0.3077344174449033,0.1526904833172327,0.372502086692501,0.75,0.0,3,4574,
34,39,tolerance_autoimmunity,Hard,0.8,False,False,0.05,0.15238095427867945,0.255850095501087,0.75,0.0,1,5100,
34,40,innate_immunity,Easy,0.2,True,True,0.8914461213892219,0.9999657684246799,0.5748089938099255,0.0,0.44999999999999996,0,3303,
34,41,antigen_recognition,Easy,0.2,,True,0.8776738490113105,0.9953141955269734,0.569742495815021,0.0,0.0,0,3598,
34,42,cell_mediated_immunity,Medium,0.5,True,True,0.853141660063144,0.9999131087286353,0.8105792284418517,0.0,0.15,0,4337,
34,43,humoral_immunity,Medium,0.5,True,False,0.31756441113437417,0.22823114076459106,0.37852821014850857,0.9,0.0,1,3593,
34,44,tolerance_autoimmunity,Hard,0.8,False,False,0.05,0.15238095241583705,0.255850095501087,0.9,0.0,2,3421,
34,45,innate_immunity,Easy,0.2,True,True,0.9045516344390833,0.9999985630723014,0.591250084206261,0.0,0.6,0,4936,
34,46,antigen_recognition,Easy,0.2,True,False,0.901894575581467,0.9929449410615507,0.5885888346746323,0.0,0.0,3,3504,
34,47,cell_mediated_immunity,Medium,0.5,True,True,0.8657015167616987,0.999996352410774,0.8236591257582966,0.0,0.3,0,5199,
34,48,humoral_immunity,Medium,0.5,,False,0.32545136609773045,0.18030067078254033,0.3844964622345292,1.0,0.0,3,3238,
34,49,tolerance_autoimmunity,Hard,0.8,False,False,0.05,0.15238095238159363,0.255850095501087,1.0,0.0,1,4886,
34,50,innate_immunity,Easy,0.2,True,True,0.9127353492453009,0.9999999396844339,0.6011284303748404,0.0,0.75,0,5993,
34,51,antigen_recognition,Easy,0.2,True,True,0.9114551357195442,0.9997018622145228,0.6246304802330837,0.0,0.0,0,3176,
34,52,cell_mediated_immunity,Medium,0.5,,True,0.8745667366430163,0.9999993110089693,0.8332265354676833,0.0,0.44999999999999996,0,2557,
34,53,humoral_immunity,Medium,0.5,,False,0.3333613236913503,0.17274531782384625,0.39040739871339925,1.0,0.0,3,5002,
34,54,tolerance_autoimmunity,Hard,0.8,False,False,0.05,0.15238095238096416,0.255850095501087,1.0,0.0,3,5203,
34,55,innate_immunity,Easy,0.2,True,True,0.9173421393314574,0.9999999974682353,0.6088401216350783,0.0,0.9,0,2833,
34,56,antigen_recognition,Easy,0.2,True,True,0.9274244253657755,0.9999874820266562,0.6575147000237299,0.0,0.0,0,5132,
34,57,cell_mediated_immunity,Medium,0.5,,False,0.8807297830145802,0.9999953148835875,0.8393958499895093,0.0,0.24999999999999994,2,3416,
34,58,humoral_immunity,Medium,0.5,False,False,0.3412889239384122,0.15276433902175054,0.3962615700107334,1.0,0.0,1,4987,
34,59,tolerance_autoimmunity,Hard,0.8,,False,0.05,0.16868131868132036,0.255850095501087,1.0,0.0,2,6106,
35,0,innate_immunity,Easy,0.2,True,True,0.8546619443876977,0.7384615384615385,0.5644577795326244,0.0,0.0,0,4608,
35,1,antigen_recognition,Easy,0.2,,True,0.8384053489878831,0.43333333333333335,0.5331448951923894,0.0,0.0,0,5330,
35,2,cell_mediated_immunity,Medium,0.5,False,False,0.15154427026899894,0.151473136915078,0.23403945249784847,0.0,0.0,3,4393,
35,3,humoral_immunity,Medium,0.5,True,False,0.19935427165377628,0.2,0.30842068925491345,0.0,0.0,1,4398,
35,4,tolerance_autoimmunity,Hard,0.8,False,False,0.12551818344568613,0.151473136915078,0.5112481461436165,0.0,0.0,1,3684,
35,5,innate_immunity,Easy,0.2,,True,0.8990530287429478,0.9379828326180258,0.6241584581123953,0.0,0.0,0,5339,
35,6,antigen_recognition,Easy,0.2,True,True,0.8806783180833626,0.9484388938447815,0.585322631637909,0.0,0.0,0,4698,
35,7,cell_mediated_immunity,Medium,0.5,True,False,0.16857458744615464,0.22756316558780537,0.2546017021523648,0.0,0.0,3,5255,
35,8,humoral_immunity,Medium,0.5,False,False,0.2405848315673249,0.15330739299610896,0.346361583245367,0.0,0.0,3,4302,
35,9,tolerance_autoimmunity,Hard,0.8,,False,0.15026666132122274,0.1685530193297038,0.5437161025105048,0.0,0.0,1,2664,
35,10,innate_immunity,Easy,0.2,True,True,0.9272335682458057,0.9972337256867123,0.675675840434319,0.0,0.0,0,2957,
35,11,antigen_recognition,Easy,0.2,True,True,0.9098607435078422,0.9977241564601902,0.631668759619599,0.0,0.0,0,4485,
35,12,cell_mediated_immunity,Medium,0.5,,False,0.18657964982627953,0.1801899398371758,0.2746119571744768,0.0,0.0,1,4498,
35,13,humoral_immunity,Medium,0.5,,False,0.2845850640622603,0.16881249297831702,0.38222099299470874,0.0,0.0,1,3133,
35,14,tolerance_autoimmunity,Hard,0.8,False,False,0.176869383076933,0.15268390696295708,0.5740272011952698,0.0,0.0,1,3366,
35,15,innate_immunity,Easy,0.2,,True,0.9455279149740442,0.9994763548716596,0.7134632598200709,0.0,0.15,0,5022,
35,16,antigen_recognition,Easy,0.2,,True,0.9302160323015828,0.9995693561595899,0.6666601020280083,0.0,0.15,0,5879,
35,17,cell_mediated_immunity,Medium,0.5,False,False,0.2054899909429462,0.15290915800335053,0.29116407408099,0.15,0.0,2,3435,
35,18,humoral_immunity,Medium,0.5,False,True,0.3303341713898114,0.23714997520807773,0.4398375941064552,0.15,0.0,0,3663,
35,19,tolerance_autoimmunity,Hard,0.8,False,False,0.20491776571878625,0.15238652335356928,0.5980800947353253,0.15,0.0,3,5217,
35,20,innate_immunity,Easy,0.2,True,True,0.95,0.9999780088872486,0.7134632598200709,0.0,0.3,0,4020,
35,21,antigen_recognition,Easy,0.2,,True,0.9426736956198363,0.9999186289086209,0.6927389535064099,0.0,0.3,0,3181,
35,22,cell_mediated_immunity,Medium,0.5,False,False,0.22217856826977284,0.15239066798624926,0.30448418948935857,0.3,0.0,3,3387,
35,23,humoral_immunity,Medium,0.5,False,False,0.4107237031014758,0.15410883248030846,0.4613494344557318,0.3,0.0,1,4325,
35,24,tolerance_autoimmunity,Hard,0.8,False,False,0.2294323154621372,0.15238105478919794,0.6167698705201274,0.3,0.0,2,5582,
35,25,innate_immunity,Easy,0.2,,True,0.95,0.999995846052097,0.7134632598200709,0.0,0.44999999999999996,0,3930,
35,26,antigen_recognition,Easy,0.2,True,True,0.95,0.9999965841591,0.6927389535064099,0.0,0.44999999999999996,0,2215,
35,27,cell_mediated_immunity,Medium,0.5,False,False,0.2362960288845177,0.15238113097864747,0.3147533259084097,0.44999999999999996,0.0,3,5307,
35,28,humoral_immunity,Medium,0.5,True,True,0.4422825864152192,0.8187343331458048,0.5145412963836873,0.09999999999999998,0.0,0,5978,
35,29,tolerance_autoimmunity,Hard,0.8,False,False,0.2498559361453474,0.15238095426345713,0.630771831767618,0.44999999999999996,0.0,1,5173,
35,30,innate_immunity,Easy,0.2,,True,0.95,0.9999992153628611,0.7134632598200709,0.0,0.6,0,4825,
35,31,antigen_recognition,Easy,0.2,True,True,0.95,0.9999998566185584,0.6927389535064099,0.0,0.6,0,5196,
35,32,cell_mediated_immunity,Medium,0.5,,True,0.24759506548362287,0.5301245141612343,0.3294697112194259,0.6,0.0,0,5069,
35,33,humoral_immunity,Medium,0.5,,False,0.521798118738634,0.4567286148172047,0.5411741596352003,0.0,0.0,3,5367,
35,34,tolerance_autoimmunity,Hard,0.8,False,False,0.2659304424007343,0.15238095241555724,0.6405830142406918,0.6,0.0,1,2662,
35,35,innate_immunity,Easy,0.2,True,True,0.95,0.9999999670645894,0.7134632598200709,0.0,0.75,0,4007,
35,36,antigen_recognition,Easy,0.2,True,True,0.95,0.999999993981519,0.6927389535064099,0.0,0.75,0,4150,
35,37,cell_mediated_immunity,Medium,0.5,False,False,0.26440810110039503,0.16472464367580614,0.3339698161020414,0.75,0.0,1,4226,
35,38,humoral_immunity,Medium,0.5,True,True,0.5614490311555227,0.9528411500157696,0.5915176626836258,0.0,0.0,0,4861,
35,39,tolerance_autoimmunity,Hard,0.8,,False,0.2775791162136651,0.16868131868621378,0.6465520632167089,0.75,0.0,2,3253,
35,40,innate_immunity,Easy,0.2,True,True,0.95,0.9999999986175259,0.7134632598200709,0.0,0.9,0,4200,
35,41,antigen_recognition,Easy,0.2,True,True,0.95,0.9999999997473724,0.6927389535064099,0.0,0.9,0,4124,
35,42,cell_mediated_immunity,Medium,0.5,False,False,0.26969292422016977,0.15261114915304866,0.3375457388994789,0.9,0.0,1,4829,
35,43,humoral_immunity,Medium,0.5,False,True,0.6339281457700787,0.9312590927922236,0.6363373523889062,0.0,0.0,0,3918,
35,44,tolerance_autoimmunity,Hard,0.8,False,False,0.2848178075616033,0.15268635666425515,0.6512479971958437,0.9,0.0,2,4953,
35,45,innate_immunity,Easy,0.2,,True,0.95,0.999999999738866,0.7134632598200709,0.0,1.0,0,3173,
35,46,antigen_recognition,Easy,0.2,,True,0.95,0.9999999999522815,0.6927389535064099,0.0,1.0,0,2527,
35,47,cell_mediated_immunity,Medium,0.5,True,False,0.27393959924847805,0.2281875857631594,0.34110246253122933,1.0,0.0,3,5502,
35,48,humoral_immunity,Medium,0.5,False,False,0.6938167535272226,0.2984933726039037,0.6562883337831226,0.0,0.0,2,4759,
35,49,tolerance_autoimmunity,Hard,0.8,,True,0.29059170749198826,0.5306207367581457,0.6605150841403262,1.0,0.0,0,3080,
35,50,innate_immunity,Easy,0.2,True,True,0.95,0.9999999999890389,0.7134632598200709,0.0,1.0,0,639,
35,51,antigen_recognition,Easy,0.2,True,True,0.95,0.9999999999979969,0.6927389535064099,0.0,1.0,0,4958,
35,52,cell_mediated_immunity,Medium,0.5,,False,0.27820453578191223,0.18029344569528294,0.3446400900778076,1.0,0.0,2,3127,
35,53,humoral_immunity,Medium,0.5,False,True,0.7186409005711366,0.31415417742112656,0.6940012256773784,0.0,0.0,0,5162,
35,54,tolerance_autoimmunity,Hard,0.8,False,True,0.3021860789957679,0.4804055573898931,0.6695359247557666,0.8,0.0,0,3094,
35,55,innate_immunity,Easy,0.2,True,True,0.95,0.9999999999995398,0.7134632598200709,0.0,1.0,0,2426,
35,56,antigen_recognition,Easy,0.2,True,True,0.95,0.999999999999916,0.6927389535064099,0.0,1.0,0,3573,
35,57,cell_mediated_immunity,Medium,0.5,,False,0.2824868124273771,0.17274423564202998,0.3481587240662882,1.0,0.0,2,3977,
35,58,humoral_immunity,Medium,0.5,True,True,0.7620601092241598,0.9172796589933055,0.727576166041847,0.0,0.0,0,4270,
35,59,tolerance_autoimmunity,Hard,0.8,False,False,0.31372008351593733,0.16210468008757412,0.6783170623340247,0.6000000000000001,0.0,3,3710,
36,0,innate_immunity,Easy,0.2,,False,0.41111729531393637,0.16164383561643833,0.1797910298323936,0.0,0.0,2,4704,
36,1,antigen_recognition,Easy,0.2,True,False,0.5765131778293033,0.2,0.282199821639703,0.0,0.0,3,5496,
36,2,cell_mediated_immunity,Medium,0.5,,False,0.10019678029082738,0.16164383561643833,0.16601195148265735,0.0,0.0,2,4497,
36,3,humoral_immunity,Medium,0.5,,False,0.5155298938155034,0.16164383561643833,0.5316440167629607,0.0,0.0,3,4522,
36,4,tolerance_autoimmunity,Hard,0.8,False,False,0.05,0.151473136915078,0.14983983775876436,0.0,0.0,3,3835,
36,5,innate_immunity,Easy,0.2,True,True,0.46972363049473953,0.8266866566716642,0.2554933622834776,0.0,0.0,0,5844,
36,6,antigen_recognition,Easy,0.2,True,False,0.62085972839623,0.25479452054794516,0.311720823685144,0.0,0.0,3,5229,
36,7,cell_mediated_immunity,Medium,0.5,,False,0.11879109323136963,0.17000398883127243,0.19669216044249638,0.0,0.0,2,3640,
36,8,humoral_immunity,Medium,0.5,,False,0.5473239478584978,0.17000398883127243,0.5520059613917313,0.0,0.0,1,3556,
36,9,tolerance_autoimmunity,Hard,0.8,False,False,0.05,0.15236428212260275,0.14983983775876436,0.0,0.0,2,5571,
36,10,innate_immunity,Easy,0.2,,True,0.5824794579014118,0.9621625784589318,0.32420864223090096,0.0,0.0,0,3851,
36,11,antigen_recognition,Easy,0.2,True,True,0.6615759153588924,0.8927270618257742,0.36833460446809163,0.0,0.0,0,3752,
36,12,cell_mediated_immunity,Medium,0.5,False,False,0.1394522282792705,0.1527116545681278,0.22624372586422622,0.0,0.0,2,2253,
36,13,humoral_immunity,Medium,0.5,True,False,0.5773820911581724,0.23781451495612546,0.5714826631627091,0.0,0.0,3,3096,
36,14,tolerance_autoimmunity,Hard,0.8,False,False,0.05,0.15238064594829565,0.14983983775876436,0.0,0.0,2,4866,
36,15,innate_immunity,Easy,0.2,True,False,0.6781432227949591,0.9444580031853805,0.3553951958374481,0.0,0.0,2,3170,
36,16,antigen_recognition,Easy,0.2,True,True,0.7330216418149178,0.9949858664941027,0.42029166994592093,0.0,0.0,0,7156,
36,17,cell_mediated_immunity,Medium,0.5,,False,0.16212006052397226,0.16872811447815084,0.2504385012979675,0.15,0.0,2,3850,
36,18,humoral_immunity,Medium,0.5,True,True,0.6056100076137758,0.8838533774220282,0.603153569942278,0.15,0.0,0,2892,
36,19,tolerance_autoimmunity,Hard,0.8,False,False,0.05,0.15238094674800115,0.14983983775876436,0.15,0.0,2,3187,
36,20,innate_immunity,Easy,0.2,,True,0.7175560977887576,0.9890350556774092,0.41488989652855085,0.0,0.0,0,5928,
36,21,antigen_recognition,Easy,0.2,,True,0.7894727168448864,0.9990491777993102,0.46797505402191525,0.0,0.0,0,3657,
36,22,cell_mediated_immunity,Medium,0.5,,False,0.18281825720155093,0.17103254630961182,0.26974056733418744,0.3,0.0,2,3535,
36,23,humoral_immunity,Medium,0.5,True,False,0.6499732025853595,0.8390308953195371,0.6152306987223531,0.3,0.0,2,2799,
36,24,tolerance_autoimmunity,Hard,0.8,False,False,0.05,0.1523809522774055,0.14983983775876436,0.3,0.0,1,5220,
36,25,innate_immunity,Easy,0.2,True,True,0.7840353512589397,0.9995348950726105,0.46889345072576044,0.0,0.0,0,4679,
36,26,antigen_recognition,Easy,0.2,False,True,0.8331127182556693,0.9985642637755281,0.5051720999217199,0.0,0.15,0,4336,
36,27,cell_mediated_immunity,Medium,0.5,,False,0.20075911995966378,0.17137035617327206,0.28451593685645,0.44999999999999996,0.0,1,4405,
36,28,humoral_immunity,Medium,0.5,True,True,0.6662747764572381,0.9920225649304354,0.6453410692058702,0.09999999999999998,0.0,0,4148,
36,29,tolerance_autoimmunity,Hard,0.8,False,False,0.05,0.15238095237904895,0.14983983775876436,0.44999999999999996,0.0,1,4298,
36,30,innate_immunity,Easy,0.2,True,True,0.8338774533568747,0.9999804684415015,0.5179126714639712,0.0,0.0,0,3145,
36,31,antigen_recognition,Easy,0.2,True,True,0.8618846928666207,0.9999396521639701,0.5336632347069048,0.0,0.3,0,3561,
36,32,cell_mediated_immunity,Medium,0.5,,False,0.21536162027828873,0.17142001087462794,0.29504424147841835,0.6,0.0,1,3326,
36,33,humoral_immunity,Medium,0.5,,True,0.7051713359527719,0.9984837432783243,0.676178918061851,0.0,0.0,0,5556,
36,34,tolerance_autoimmunity,Hard,0.8,,False,0.05,0.1686813186810494,0.14983983775876436,0.6,0.0,2,3227,
36,35,innate_immunity,Easy,0.2,,True,0.8707353272018487,0.9999963106495713,0.5557333562665978,0.0,0.15,0,2683,
36,36,antigen_recognition,Easy,0.2,True,True,0.8810047465475411,0.9999974667356292,0.5547601944441992,0.0,0.44999999999999996,0,3219,
36,37,cell_mediated_immunity,Medium,0.5,,False,0.22622788886819836,0.17142731253467353,0.30152760476441937,0.75,0.0,1,4570,
36,38,humoral_immunity,Medium,0.5,,True,0.7421308918659728,0.9997132577943971,0.7043353938027239,0.0,0.0,0,2869,
36,39,tolerance_autoimmunity,Hard,0.8,True,True,0.05,0.8336233384000793,0.14983983775876436,0.75,0.0,0,3099,
36,40,innate_immunity,Easy,0.2,True,True,0.8942020049970197,0.999999845137834,0.584436303526212,0.0,0.3,0,5142,
36,41,antigen_recognition,Easy,0.2,True,False,0.8936483376186718,0.9999961719636042,0.568493743424937,0.0,0.24999999999999994,2,2952,
36,42,cell_mediated_immunity,Medium,0.5,,False,0.23310974232108606,0.17142838629735577,0.30666659424432946,0.9,0.0,1,5984,
36,43,humoral_immunity,Medium,0.5,False,True,0.7731198825298446,0.9995667972807027,0.7261874062557169,0.0,0.15,0,6473,
36,44,tolerance_autoimmunity,Hard,0.8,,True,0.05,0.9639020794050088,0.14983983775876436,0.55,0.0,0,1988,
36,45,innate_immunity,Easy,0.2,True,True,0.9094236430306235,0.9999999934996118,0.6055315709971923,0.0,0.44999999999999996,0,2256,
36,46,antigen_recognition,Easy,0.2,True,True,0.9012296331277482,0.9999998393164061,0.6022122422318571,0.0,0.04999999999999993,0,4362,
36,47,cell_mediated_immunity,Medium,0.5,False,True,0.2386672062000017,0.23860993515834572,0.3168689532854391,1.0,0.0,0,4777,
36,48,humoral_immunity,Medium,0.5,,True,0.7952919459829569,0.9999181452399181,0.7428531474885415,0.0,0.3,0,3539,
36,49,tolerance_autoimmunity,Hard,0.8,False,False,0.05,0.40023655410693276,0.14983983775876436,0.35000000000000003,0.0,2,5985,
36,50,innate_immunity,Easy,0.2,True,False,0.9193234023504379,0.9999999901771911,0.6191845764689528,0.0,0.24999999999999994,3,3865,
36,51,antigen_recognition,Easy,0.2,True,True,0.9178338867420711,0.9999999932552555,0.6349319142652355,0.0,0.0,0,3299,
36,52,cell_mediated_immunity,Medium,0.5,,False,0.24996737799046093,0.18204219300679686,0.3218950692585436,1.0,0.0,3,3389,
36,53,humoral_immunity,Medium,0.5,True,True,0.8110916201802723,0.9999965638538064,0.7551506544611727,0.0,0.44999999999999996,0,3474,
36,54,tolerance_autoimmunity,Hard,0.8,,False,0.05,0.21544412279289266,0.14983983775876436,0.15000000000000002,0.0,2,3725,
36,55,innate_immunity,Easy,0.2,True,True,0.9251941459797381,0.9999999995876847,0.6525750732826109,0.0,0.04999999999999993,0,4195,
36,56,antigen_recognition,Easy,0.2,True,True,0.9314763261400747,0.9999999997168872,0.664960259285489,0.0,0.0,0,4754,
36,57,cell_mediated_immunity,Medium,0.5,False,False,0.25566378666321743,0.15294559131052443,0.3268842057356984,1.0,0.0,3,4146,
36,58,humoral_immunity,Medium,0.5,True,True,0.8221385309935196,0.9999998557662318,0.7636665850689882,0.0,0.6,0,3755,
36,59,tolerance_autoimmunity,Hard,0.8,,False,0.05,0.17820865298139793,0.14983983775876436,0.30000000000000004,0.0,2,2536,
37,0,innate_immunity,Easy,0.2,False,False,0.41737613539334845,0.151473136915078,0.17138223482944545,0.0,0.0,3,3995,
37,1,antigen_recognition,Easy,0.2,True,False,0.9195214461035508,0.2,0.6207434555459371,0.0,0.0,2,4099,
37,2,cell_mediated_immunity,Medium,0.5,False,False,0.08032054786801629,0.151473136915078,0.1030948298289468,0.0,0.0,1,4324,
37,3,humoral_immunity,Medium,0.5,False,False,0.31046594053384324,0.151473136915078,0.411491706839284,0.0,0.0,2,2486,
37,4,tolerance_autoimmunity,Hard,0.8,,False,0.05,0.16164383561643833,0.19659052583416123,0.0,0.0,1,4987,
37,5,innate_immunity,Easy,0.2,True,False,0.4571785099619981,0.22756316558780537,0.19750636407373282,0.0,0.0,2,3989,
37,6,antigen_recognition,Easy,0.2,True,True,0.9258389166014818,0.8597938144329896,0.6491693930745057,0.0,0.0,0,5315,
37,7,cell_mediated_immunity,Medium,0.5,,True,0.08459967788333993,0.5286442405708461,0.12175490815931721,0.0,0.0,0,4713,
37,8,humoral_immunity,Medium,0.5,False,True,0.3702720817184937,0.2275631655878054,0.4942039953459323,0.0,0.0,0,2123,
37,9,tolerance_autoimmunity,Hard,0.8,False,False,0.05,0.15255307234129206,0.19659052583416123,0.0,0.0,1,1997,
37,10,innate_immunity,Easy,0.2,True,True,0.4962596158859343,0.8779741264725345,0.2481073729920989,0.0,0.0,0,4394,
37,11,antigen_recognition,Easy,0.2,,True,0.9367319293814591,0.9702751349961429,0.675464757153007,0.0,0.0,0,4939,
37,12,cell_mediated_immunity,Medium,0.5,False,False,0.09368315629078158,0.1646389171166504,0.13089083621059883,0.0,0.0,3,2694,
37,13,humoral_immunity,Medium,0.5,False,False,0.4913068691037505,0.15389478410989638,0.5297477128675411,0.0,0.0,3,5304,
37,14,tolerance_autoimmunity,Hard,0.8,,False,0.05,0.16870567050359922,0.19659052583416123,0.0,0.0,2,3078,
37,15,innate_immunity,Easy,0.2,False,True,0.5716641875849591,0.8315890624844318,0.295517749625137,0.0,0.0,0,2870,
37,16,antigen_recognition,Easy,0.2,True,True,0.9454626472441185,0.9987160078900309,0.6997892379665606,0.0,0.0,0,4559,
37,17,cell_mediated_immunity,Medium,0.5,False,False,0.09844216443761745,0.15260952742171363,0.13857559418240928,0.15,0.0,1,3035,
37,18,humoral_immunity,Medium,0.5,True,False,0.5445034850553352,0.22889270828810016,0.5578367787327104,0.15,0.0,3,4025,
37,19,tolerance_autoimmunity,Hard,0.8,False,False,0.05,0.15268682171279055,0.19659052583416123,0.15,0.0,1,4493,
37,20,innate_immunity,Easy,0.2,,False,0.639479673857219,0.47441062299802195,0.317728214006517,0.0,0.0,2,3473,
37,21,antigen_recognition,Easy,0.2,True,True,0.95,0.9999460381698848,0.6997892379665606,0.0,0.15,0,4538,
37,22,cell_mediated_immunity,Medium,0.5,,False,0.10261080307940304,0.16871365970728402,0.14484826000929285,0.3,0.0,2,4611,
37,23,humoral_immunity,Medium,0.5,,True,0.5858949137765446,0.6360933374710543,0.6199809020178202,0.0,0.0,0,3697,
37,24,tolerance_autoimmunity,Hard,0.8,False,False,0.05,0.15238657697132718,0.19659052583416123,0.3,0.0,2,3544,
37,25,innate_immunity,Easy,0.2,False,True,0.6695984085404016,0.43623750322085625,0.3607486682285089,0.0,0.0,0,4610,
37,26,antigen_recognition,Easy,0.2,True,True,0.95,0.999997734819329,0.6997892379665606,0.0,0.3,0,4761,
37,27,cell_mediated_immunity,Medium,0.5,False,False,0.10612859152755999,0.15268697428905423,0.1497408949504231,0.44999999999999996,0.0,3,2605,
37,28,humoral_immunity,Medium,0.5,False,False,0.672581783533425,0.1725978697231782,0.6426801674234917,0.15,0.0,3,4586,
37,29,tolerance_autoimmunity,Hard,0.8,False,False,0.05,0.1523810557748313,0.19659052583416123,0.44999999999999996,0.0,1,4676,
37,30,innate_immunity,Easy,0.2,,True,0.7240202782185573,0.8103561050527545,0.40105647989446785,0.0,0.0,0,6237,
37,31,antigen_recognition,Easy,0.2,,True,0.95,0.9999995721317861,0.6997892379665606,0.0,0.44999999999999996,0,3490,
37,32,cell_mediated_immunity,Medium,0.5,False,False,0.10894581116348674,0.15238657977802644,0.15327881669042373,0.6,0.0,1,2849,
37,33,humoral_immunity,Medium,0.5,,True,0.7018412141060261,0.5615640672651535,0.6928999203559185,0.0,0.0,0,3742,
37,34,tolerance_autoimmunity,Hard,0.8,True,False,0.05,0.22806128123938862,0.19659052583416123,0.6,0.0,1,2515,
37,35,innate_immunity,Easy,0.2,True,True,0.769650514969296,0.9902889413179646,0.43882269391244694,0.0,0.0,0,4189,
37,36,antigen_recognition,Easy,0.2,True,True,0.95,0.9999999820400923,0.6997892379665606,0.0,0.6,0,4683,
37,37,cell_mediated_immunity,Medium,0.5,False,False,0.11102367869106697,0.1523810558264257,0.1554808169868329,0.75,0.0,2,4765,
37,38,humoral_immunity,Medium,0.5,True,True,0.7608598733890146,0.9684447819172838,0.7360615047942863,0.0,0.0,0,4075,
37,39,tolerance_autoimmunity,Hard,0.8,,False,0.05,0.180272497658762,0.19659052583416123,0.75,0.0,1,4467,
37,40,innate_immunity,Easy,0.2,,True,0.8073583918385973,0.9981517288391798,0.4688998385887948,0.0,0.15,0,2844,
37,41,antigen_recognition,Easy,0.2,,True,0.95,0.999999996607573,0.6997892379665606,0.0,0.75,0,4064,
37,42,cell_mediated_immunity,Medium,0.5,False,False,0.11233438606235246,0.1523809542825238,0.15723783597062588,0.9,0.0,3,4563,
37,43,humoral_immunity,Medium,0.5,True,True,0.8047685635151247,0.9986344991402125,0.7731569157123169,0.0,0.0,0,3991,
37,44,tolerance_autoimmunity,Hard,0.8,,False,0.05,0.17274109811304184,0.19659052583416123,0.9,0.0,2,5344,
37,45,innate_immunity,Easy,0.2,,True,0.8338827625937251,0.9996503795191601,0.49234169776462045,0.0,0.3,0,2632,
37,46,antigen_recognition,Easy,0.2,,True,0.95,0.9999999993592082,0.6997892379665606,0.0,0.9,0,4814,
37,47,cell_mediated_immunity,Medium,0.5,False,False,0.11338990078741382,0.15238095241590774,0.1589911994830317,1.0,0.0,1,2601,
37,48,humoral_immunity,Medium,0.5,,True,0.8373908549046875,0.999741797834601,0.8002564557250595,0.0,0.15,0,5136,
37,49,tolerance_autoimmunity,Hard,0.8,True,False,0.05,0.23934393680221688,0.19659052583416123,1.0,0.0,3,2915,
37,50,innate_immunity,Easy,0.2,True,True,0.8524629210054596,0.9999853196933319,0.5099473355178529,0.0,0.44999999999999996,0,5358,
37,51,antigen_recognition,Easy,0.2,True,True,0.95,0.9999999999731026,0.6997892379665606,0.0,1.0,0,4291,
37,52,cell_mediated_immunity,Medium,0.5,False,False,0.11445183157102039,0.15238095238159494,0.16074091512924482,1.0,0.0,2,2111,
37,53,humoral_immunity,Medium,0.5,False,True,0.8583361410114787,0.9996099061791176,0.8199076179896978,0.0,0.3,0,4309,
37,54,tolerance_autoimmunity,Hard,0.8,,False,0.05,0.1821668705351681,0.19659052583416123,1.0,0.0,2,4458,
37,55,innate_immunity,Easy,0.2,True,True,0.8652601129520197,0.9999993837809971,0.522307388301229,0.0,0.6,0,4539,
37,56,antigen_recognition,Easy,0.2,,True,0.95,0.9999999999949194,0.6997892379665606,0.0,1.0,0,4165,
37,57,cell_mediated_immunity,Medium,0.5,False,False,0.11552017546854632,0.1523809523809642,0.16248699049863716,1.0,0.0,2,5083,
37,58,humoral_immunity,Medium,0.5,,True,0.8720766101669292,0.999926293248518,0.8338287798110143,0.0,0.44999999999999996,0,3714,
37,59,tolerance_autoimmunity,Hard,0.8,False,False,0.05,0.1529480494982018,0.19659052583416123,1.0,0.0,3,4256,
38,0,innate_immunity,Easy,0.2,True,False,0.4999796434149698,0.2,0.21951906951618014,0.0,0.0,1,4018,
38,1,antigen_recognition,Easy,0.2,True,False,0.3094272308201205,0.2,0.09596207036326346,0.0,0.0,3,2604,
38,2,cell_mediated_immunity,Medium,0.5,False,False,0.669636454259174,0.151473136915078,0.6353444902851416,0.0,0.0,3,5076,
38,3,humoral_immunity,Medium,0.5,True,False,0.29095843913097946,0.2,0.3857163600489584,0.0,0.0,1,5398,
38,4,tolerance_autoimmunity,Hard,0.8,,False,0.05,0.16164383561643833,0.04311235952094383,0.0,0.0,3,4183,
38,5,innate_immunity,Easy,0.2,False,False,0.5292451851861915,0.15330739299610896,0.23857481311936293,0.0,0.0,2,3897,
38,6,antigen_recognition,Easy,0.2,False,False,0.34882056650455195,0.15330739299610896,0.1247753153621057,0.0,0.0,3,3774,
38,7,cell_mediated_immunity,Medium,0.5,True,True,0.6925497820694387,0.8158135829516033,0.6689012501115413,0.0,0.0,0,6074,
38,8,humoral_immunity,Medium,0.5,,False,0.3349899014897534,0.17575757575757575,0.41808756086520626,0.0,0.0,2,4850,
38,9,tolerance_autoimmunity,Hard,0.8,False,False,0.05,0.15255307234129206,0.04311235952094383,0.0,0.0,3,3430,
38,10,innate_immunity,Easy,0.2,False,True,0.5576052961323722,0.22856993900213754,0.2757557936340528,0.0,0.0,0,2888,
38,11,antigen_recognition,Easy,0.2,False,False,0.3890402891847154,0.15239800083060046,0.15267023264465743,0.0,0.0,2,3710,
38,12,cell_mediated_immunity,Medium,0.5,True,True,0.7336864728894952,0.9906277180279435,0.699370010168166,0.0,0.0,0,3994,
38,13,humoral_immunity,Medium,0.5,,False,0.37954624295909345,0.1720680393912265,0.4487528809219252,0.0,0.0,3,4103,
38,14,tolerance_autoimmunity,Hard,0.8,False,False,0.05,0.15238411698161172,0.04311235952094383,0.0,0.0,1,3015,
38,15,innate_immunity,Easy,0.2,True,True,0.6117168716773711,0.8785705493071088,0.31112119812649786,0.0,0.0,0,2293,
38,16,antigen_recognition,Easy,0.2,True,False,0.4294786393555132,0.2280705819127759,0.1756252121583123,0.15,0.0,3,4393,
38,17,cell_mediated_immunity,Medium,0.5,True,False,0.7678516709538366,0.9859399321801233,0.7132024740918406,0.0,0.0,3,3783,
38,18,humoral_immunity,Medium,0.5,,False,0.4237292983303191,0.1715226727794904,0.4734448156014898,0.15,0.0,1,2208,
38,19,tolerance_autoimmunity,Hard,0.8,False,False,0.05,0.1523810105539718,0.04311235952094383,0.15,0.0,3,3021,
38,20,innate_immunity,Easy,0.2,,True,0.6607699351080678,0.9746711383959183,0.34475968257744205,0.0,0.0,0,3643,
38,21,antigen_recognition,Easy,0.2,False,False,0.4635028472505871,0.1539059828190304,0.19401718263652767,0.3,0.0,2,4859,
38,22,cell_mediated_immunity,Medium,0.5,True,True,0.7823160959560329,0.9994018293178366,0.7395944946134315,0.0,0.0,0,4596,
38,23,humoral_immunity,Medium,0.5,,False,0.46025127759683965,0.17144241120317574,0.49286850810199556,0.3,0.0,3,3079,
38,24,tolerance_autoimmunity,Hard,0.8,False,False,0.05,0.15238095345030941,0.04311235952094383,0.3,0.0,3,3095,
38,25,innate_immunity,Easy,0.2,True,True,0.7044455791068964,0.9989105821553365,0.3719561901400353,0.0,0.15,0,4161,
38,26,antigen_recognition,Easy,0.2,False,False,0.49102673750376047,0.15240903562708846,0.20814561551653452,0.44999999999999996,0.0,3,3585,
38,27,cell_mediated_immunity,Medium,0.5,,True,0.8080775996635818,0.9998869596131339,0.7635578374642286,0.0,0.0,0,3104,
38,28,humoral_immunity,Medium,0.5,True,True,0.48930439398026127,0.8362255073517291,0.5222655158138733,0.44999999999999996,0.0,0,4371,
38,29,tolerance_autoimmunity,Hard,0.8,,False,0.05,0.1686813188325868,0.04311235952094383,0.44999999999999996,0.0,1,3830,
38,30,innate_immunity,Easy,0.2,,True,0.7372525381871723,0.9997940465642928,0.3934236954726437,0.0,0.3,0,3887,
38,31,antigen_recognition,Easy,0.2,True,False,0.5122159917398863,0.22807663868741906,0.21824072043882356,0.6,0.0,1,4030,
38,32,cell_mediated_immunity,Medium,0.5,True,True,0.8293952049465659,0.9999952545849388,0.7853159972881445,0.0,0.0,0,2907,
38,33,humoral_immunity,Medium,0.5,False,False,0.5333486903083571,0.21280302872965062,0.5323356774907613,0.6,0.0,2,4641,
38,34,tolerance_autoimmunity,Hard,0.8,,False,0.05,0.17102570302751846,0.04311235952094383,0.6,0.0,3,4243,
38,35,innate_immunity,Easy,0.2,,True,0.7614312165142059,0.9999610914517615,0.4097144699063529,0.0,0.44999999999999996,0,2719,
38,36,antigen_recognition,Easy,0.2,,True,0.5273338022770501,0.6351295962431497,0.2306987274060565,0.75,0.0,0,5985,
38,37,cell_mediated_immunity,Medium,0.5,True,False,0.8470820403489429,0.9999928291770408,0.7951939496646286,0.0,0.0,3,5217,
38,38,humoral_immunity,Medium,0.5,,True,0.5483519415066267,0.6165099952009525,0.5619093559297592,0.39999999999999997,0.0,0,5226,
38,39,tolerance_autoimmunity,Hard,0.8,False,False,0.05,0.15273125049809333,0.04311235952094383,0.75,0.0,3,4459,
38,40,innate_immunity,Easy,0.2,True,True,0.7787310523156146,0.9999983667412694,0.42124410941430146,0.0,0.6,0,3321,
38,41,antigen_recognition,Easy,0.2,True,True,0.5459183424850501,0.97655117914579,0.2527657876329095,0.55,0.0,0,4016,
38,42,cell_mediated_immunity,Medium,0.5,,True,0.8546023285799369,0.9999986455036644,0.8140408538221213,0.0,0.0,0,5147,
38,43,humoral_immunity,Medium,0.5,False,True,0.5918107852103851,0.5536398394896183,0.5988473937809314,0.19999999999999996,0.0,0,3989,
38,44,tolerance_autoimmunity,Hard,0.8,,False,0.05,0.16873088836844338,0.04311235952094383,0.9,0.0,1,5891,
38,45,innate_immunity,Easy,0.2,True,True,0.790420949999646,0.9999999314433543,0.428309383804155,0.0,0.75,0,4761,
38,46,antigen_recognition,Easy,0.2,True,True,0.5784941373017509,0.998993288037585,0.2837261204293793,0.35000000000000003,0.0,0,2025,
38,47,cell_mediated_immunity,Medium,0.5,True,False,0.8680979695454331,0.9999979532076936,0.8225971298683724,0.0,0.0,2,3526,
38,48,humoral_immunity,Medium,0.5,True,False,0.6440725283584473,0.4993205817309485,0.6199871258677466,0.0,0.0,1,4923,
38,49,tolerance_autoimmunity,Hard,0.8,,True,0.05,0.5557667835207681,0.04311235952094383,1.0,0.0,0,4638,
38,50,innate_immunity,Easy,0.2,False,True,0.7973569361363155,0.9999998964032965,0.43389260275394814,0.0,0.9,0,4148,
38,51,antigen_recognition,Easy,0.2,True,False,0.6230130097065463,0.9984799365748214,0.3031306697148695,0.15000000000000002,0.0,3,2509,
38,52,cell_mediated_immunity,Medium,0.5,True,True,0.8738660625296133,0.999999914085094,0.8389223062250275,0.0,0.0,0,3818,
38,53,humoral_immunity,Medium,0.5,True,False,0.6725900070108122,0.45546797332719485,0.6400128473117934,0.0,0.0,3,2708,
38,54,tolerance_autoimmunity,Hard,0.8,False,False,0.05,0.16629719443639585,0.04311235952094383,1.0,0.0,2,5299,
38,55,innate_immunity,Easy,0.2,True,True,0.8027158343234747,0.999999995651496,0.4394212951242274,0.0,1.0,0,4007,
38,56,antigen_recognition,Easy,0.2,True,False,0.6499419420263229,0.9977057277214686,0.325341094839126,0.0,0.0,2,5693,
38,57,cell_mediated_immunity,Medium,0.5,,True,0.8842732013913899,0.9999999837716278,0.8537451879295265,0.0,0.0,0,4125,
38,58,humoral_immunity,Medium,0.5,True,True,0.698481450508288,0.9526142847093022,0.6779536800250592,0.0,0.0,0,5601,
38,59,tolerance_autoimmunity,Hard,0.8,False,False,0.05,0.15264095593268395,0.04311235952094383,1.0,0.0,2,4330,
39,0,innate_immunity,Easy,0.2,True,True,0.8970536977923415,0.7384615384615385,0.6156170278465718,0.0,0.0,0,4572,
39,1,antigen_recognition,Easy,0.2,True,True,0.8979292394943447,0.7384615384615385,0.6088801294949566,0.0,0.0,0,3155,
39,2,cell_mediated_immunity,Medium,0.5,False,False,0.19070450810982043,0.151473136915078,0.3036938000368139,0.0,0.0,3,4597,
39,3,humoral_immunity,Medium,0.5,,False,0.12250785997646636,0.16164383561643833,0.2235366593247481,0.0,0.0,2,2812,
39,4,tolerance_autoimmunity,Hard,0.8,,False,0.06457059916618361,0.16164383561643833,0.389979095164241,0.0,0.0,1,4935,
39,5,innate_immunity,Easy,0.2,True,True,0.9236991374658496,0.9853892821031346,0.6635784685393951,0.0,0.0,0,6359,
39,6,antigen_recognition,Easy,0.2,,True,0.9208010369028913,0.9379828326180258,0.6504200009249124,0.0,0.0,0,4222,
39,7,cell_mediated_immunity,Medium,0.5,True,False,0.23544129628577198,0.22756316558780537,0.34560929195979656,0.0,0.0,2,4054,
39,8,humoral_immunity,Medium,0.5,False,False,0.15992582949637396,0.15255307234129206,0.27199638693469863,0.0,0.0,1,4296,
39,9,tolerance_autoimmunity,Hard,0.8,False,False,0.07870124216364692,0.15255307234129206,0.42354481397294286,0.0,0.0,1,2255,
39,10,innate_immunity,Easy,0.2,,False,0.9416662899286685,0.9098656148236488,0.6845669910519065,0.0,0.0,2,3154,
39,11,antigen_recognition,Easy,0.2,,False,0.937175180043091,0.7059404459075269,0.6689840132791197,0.0,0.0,1,2833,
39,12,cell_mediated_immunity,Medium,0.5,,False,0.2836669754956318,0.1801899398371758,0.3850016001695816,0.0,0.0,2,3676,
39,13,humoral_immunity,Medium,0.5,,False,0.20293966209691885,0.16870567050359922,0.3174317023451133,0.0,0.0,1,3882,
39,14,tolerance_autoimmunity,Hard,0.8,,False,0.09459899298917487,0.16870567050359922,0.4552636166018653,0.0,0.0,1,2546,
39,15,innate_immunity,Easy,0.2,True,True,0.9482111309426622,0.9958620260842327,0.7239251901585624,0.0,0.0,0,3242,
39,16,antigen_recognition,Easy,0.2,,True,0.9434225661268717,0.9279845485938963,0.7041404002760008,0.0,0.0,0,3667,
39,17,cell_mediated_immunity,Medium,0.5,True,True,0.33403520904572925,0.8440608321991762,0.4479373212439789,0.15,0.0,0,4325,
39,18,humoral_immunity,Medium,0.5,False,True,0.25060094988582393,0.23709043304106403,0.38985112317227366,0.15,0.0,0,4488,
39,19,tolerance_autoimmunity,Hard,0.8,False,False,0.11220450239602188,0.15268682171279055,0.48074110090823313,0.15,0.0,2,4893,
39,20,innate_immunity,Easy,0.2,True,True,0.95,0.9998256213266352,0.7239251901585624,0.0,0.0,0,3778,
39,21,antigen_recognition,Easy,0.2,,True,0.95,0.9855899451530552,0.7041404002760008,0.0,0.0,0,5246,
39,22,cell_mediated_immunity,Medium,0.5,True,True,0.4225348727202133,0.9923152262069829,0.5144022723060305,0.0,0.0,0,3977,
39,23,humoral_immunity,Medium,0.5,,False,0.3405389814184408,0.1817847325051322,0.41650705498073837,0.3,0.0,2,5153,
39,24,tolerance_autoimmunity,Hard,0.8,False,False,0.12835824162758047,0.15238657697132718,0.5007412494939051,0.3,0.0,2,5528,
39,25,innate_immunity,Easy,0.2,False,True,0.95,0.999736530182984,0.7239251901585624,0.0,0.0,0,5657,
39,26,antigen_recognition,Easy,0.2,,True,0.95,0.9972472484055558,0.7041404002760008,0.0,0.0,0,3961,
39,27,cell_mediated_immunity,Medium,0.5,True,False,0.5215899751999894,0.9884564492719732,0.5436337621793814,0.0,0.0,3,1223,
39,28,humoral_immunity,Medium,0.5,,False,0.3773156391736142,0.17296794719925235,0.43653601093164535,0.44999999999999996,0.0,2,4782,
39,29,tolerance_autoimmunity,Hard,0.8,False,False,0.14239331861561963,0.1523810557748313,0.515850384745968,0.44999999999999996,0.0,1,4838,
39,30,innate_immunity,Easy,0.2,,True,0.95,0.9999502232787141,0.7239251901585624,0.0,0.15,0,4179,
39,31,antigen_recognition,Easy,0.2,True,True,0.95,0.9998841492424118,0.7041404002760008,0.0,0.15,0,4849,
39,32,cell_mediated_immunity,Medium,0.5,True,True,0.5650793524500906,0.9995100797561389,0.5985774503335396,0.0,0.0,0,3151,
39,33,humoral_immunity,Medium,0.5,,False,0.4059378355411364,0.17165530951923944,0.4506025147820512,0.6,0.0,2,4238,
39,34,tolerance_autoimmunity,Hard,0.8,False,True,0.1538266803913748,0.2280612812393886,0.5371622181184107,0.6,0.0,0,5135,
39,35,innate_immunity,Easy,0.2,True,True,0.95,0.999997910507889,0.7239251901585624,0.0,0.3,0,4188,
39,36,antigen_recognition,Easy,0.2,True,True,0.95,0.9999951365930881,0.7041404002760008,0.0,0.3,0,3703,
39,37,cell_mediated_immunity,Medium,0.5,False,True,0.6437011457311411,0.999259958068239,0.6469062563649586,0.0,0.0,0,3811,
39,38,humoral_immunity,Medium,0.5,False,False,0.4264414585961536,0.15274334963286457,0.45917460411601135,0.75,0.0,1,3599,
39,39,tolerance_autoimmunity,Hard,0.8,False,True,0.17121698731101476,0.2711275174529351,0.5677227763895016,0.39999999999999997,0.0,0,5418,
39,40,innate_immunity,Easy,0.2,True,True,0.95,0.9999999122927495,0.7239251901585624,0.0,0.44999999999999996,0,2485,
39,41,antigen_recognition,Easy,0.2,True,True,0.95,0.99999979585605,0.7041404002760008,0.0,0.44999999999999996,0,5233,
39,42,cell_mediated_immunity,Medium,0.5,True,False,0.7071200257321377,0.9988823577159038,0.6681614138806791,0.0,0.0,2,3508,
39,43,humoral_immunity,Medium,0.5,True,False,0.4390662789886525,0.22826016653413506,0.4659252773277794,0.9,0.0,2,4629,
39,44,tolerance_autoimmunity,Hard,0.8,,False,0.19882356916541158,0.18776701646914806,0.5867512334408519,0.19999999999999996,0.0,2,2597,
39,45,innate_immunity,Easy,0.2,True,True,0.95,0.9999999963184608,0.7239251901585624,0.0,0.6,0,4551,
39,46,antigen_recognition,Easy,0.2,,True,0.95,0.9999999614394699,0.7041404002760008,0.0,0.6,0,3849,
39,47,cell_mediated_immunity,Medium,0.5,True,True,0.7328182312408088,0.9999530367240378,0.7081127386770223,0.0,0.0,0,1463,
39,48,humoral_immunity,Medium,0.5,True,False,0.44906521163502056,0.2712448681606533,0.47259168750537983,1.0,0.0,1,6366,
39,49,tolerance_autoimmunity,Hard,0.8,False,False,0.2176366067704863,0.15305922733290275,0.609489785163275,0.0,0.0,2,4174,
39,50,innate_immunity,Easy,0.2,True,True,0.95,0.9999999998454662,0.7239251901585624,0.0,0.75,0,4035,
39,51,antigen_recognition,Easy,0.2,True,False,0.95,0.9999999417307562,0.7041404002760008,0.0,0.39999999999999997,2,3761,
39,52,cell_mediated_immunity,Medium,0.5,True,True,0.7770706611400069,0.9999980286139859,0.7432541696884125,0.0,0.0,0,6354,
39,53,humoral_immunity,Medium,0.5,,False,0.45897993435623485,0.18778844998431043,0.4791748864341242,1.0,0.0,1,4507,
39,54,tolerance_autoimmunity,Hard,0.8,False,False,0.2417587481041922,0.15239343047207884,0.627754065231947,0.15,0.0,2,3841,
39,55,innate_immunity,Easy,0.2,True,True,0.95,0.9999999999935134,0.7239251901585624,0.0,0.9,0,4785,
39,56,antigen_recognition,Easy,0.2,True,True,0.95,0.9999999975541304,0.7041404002760008,0.0,0.19999999999999996,0,6716,
39,57,cell_mediated_immunity,Medium,0.5,,False,0.8114600167977237,0.9999865947600923,0.7587094791158653,0.0,0.0,3,5182,
39,58,humoral_immunity,Medium,0.5,True,True,0.46880290825877813,0.8504028951161229,0.4921769391074029,1.0,0.0,0,4290,
39,59,tolerance_autoimmunity,Hard,0.8,True,False,0.2624108400041499,0.22806807335458507,0.6420917569283153,0.3,0.0,1,4935,
40,0,innate_immunity,Easy,0.2,,True,0.5484939998959734,0.43333333333333335,0.2976488287528551,0.0,0.0,0,2705,
40,1,antigen_recognition,Easy,0.2,False,False,0.7463898048741451,0.151473136915078,0.40380808023157977,0.0,0.0,1,3902,
40,2,cell_mediated_immunity,Medium,0.5,False,False,0.34457827449847284,0.151473136915078,0.43830397338764926,0.0,0.0,2,3422,
40,3,humoral_immunity,Medium,0.5,False,False,0.38803814514708207,0.151473136915078,0.45825756272622686,0.0,0.0,1,2898,
40,4,tolerance_autoimmunity,Hard,0.8,,False,0.05,0.16164383561643833,0.16055784901387551,0.0,0.0,3,3475,
40,5,innate_immunity,Easy,0.2,True,True,0.6424222490234918,0.9484388938447815,0.35732507756154297,0.0,0.0,0,5032,
40,6,antigen_recognition,Easy,0.2,False,False,0.7725644407276111,0.15236428212260275,0.4267867430909557,0.0,0.0,1,4796,
40,7,cell_mediated_immunity,Medium,0.5,True,False,0.4084984558653029,0.22756316558780537,0.48036327573361554,0.0,0.0,2,3206,
40,8,humoral_immunity,Medium,0.5,,True,0.4377116039057889,0.5286442405708461,0.5225698590616005,0.0,0.0,0,4600,
40,9,tolerance_autoimmunity,Hard,0.8,False,False,0.05,0.15255307234129206,0.16055784901387551,0.0,0.0,3,2816,
40,10,innate_immunity,Easy,0.2,True,True,0.7198969418893248,0.9977241564601902,0.4119308504919707,0.0,0.0,0,5049,
40,11,antigen_recognition,Easy,0.2,,True,0.795876766156162,0.530097101887864,0.4709727635326754,0.0,0.0,0,3642,
40,12,cell_mediated_immunity,Medium,0.5,,True,0.4705789400938743,0.6345216370462498,0.5581831536052844,0.0,0.0,0,4057,
40,13,humoral_immunity,Medium,0.5,True,True,0.5338031465538519,0.9641519329080039,0.5792473991450123,0.0,0.0,0,5140,
40,14,tolerance_autoimmunity,Hard,0.8,False,False,0.05,0.15238411698161172,0.16055784901387551,0.0,0.0,3,2989,
40,15,innate_immunity,Easy,0.2,True,False,0.7810139706457568,0.9965670242520372,0.43691390905257627,0.0,0.0,3,4170,
40,16,antigen_recognition,Easy,0.2,True,True,0.8355984935847303,0.9643516332011789,0.511752714106081,0.0,0.0,0,1669,
40,17,cell_mediated_immunity,Medium,0.5,,True,0.5863990527192928,0.9035475264464866,0.6243488640381312,0.0,0.0,0,4328,
40,18,humoral_immunity,Medium,0.5,,True,0.6166810149344736,0.9930344871945498,0.6291965338043494,0.0,0.0,0,2167,
40,19,tolerance_autoimmunity,Hard,0.8,,False,0.05,0.16868176633798276,0.16055784901387551,0.15,0.0,1,3868,
40,20,innate_immunity,Easy,0.2,,False,0.8055708699105333,0.9772035817703137,0.460835607370828,0.0,0.0,1,4360,
40,21,antigen_recognition,Easy,0.2,True,True,0.8665180045988248,0.9984511618454864,0.5493891509733221,0.0,0.0,0,3767,
40,22,cell_mediated_immunity,Medium,0.5,False,True,0.6783268283357549,0.8644205730363865,0.6806057145603439,0.0,0.0,0,3797,
40,23,humoral_immunity,Medium,0.5,False,True,0.6846401929272152,0.9895310529929926,0.6666130949697264,0.0,0.15,0,4253,
40,24,tolerance_autoimmunity,Hard,0.8,,False,0.05,0.17102576846651232,0.16055784901387551,0.3,0.0,3,2592,
40,25,innate_immunity,Easy,0.2,True,True,0.8270716015664864,0.9990219176089489,0.5066464634788783,0.0,0.0,0,3387,
40,26,antigen_recognition,Easy,0.2,True,False,0.8905464403606861,0.9976623495105006,0.566756771092332,0.0,0.0,3,3812,
40,27,cell_mediated_immunity,Medium,0.5,True,True,0.7471811221649897,0.9934670132908079,0.7212628499327066,0.0,0.15,0,4653,
40,28,humoral_immunity,Medium,0.5,True,True,0.7309953769271943,0.9995561454950713,0.6943174304044328,0.0,0.3,0,4440,
40,29,tolerance_autoimmunity,Hard,0.8,False,False,0.05,0.15273125175469604,0.16055784901387551,0.44999999999999996,0.0,1,3141,
40,30,innate_immunity,Easy,0.2,True,True,0.8629343704215213,0.9999589064817437,0.5485649361765207,0.0,0.0,0,3196,
40,31,antigen_recognition,Easy,0.2,True,True,0.9002980488186623,0.9999016578622298,0.6001532320743719,0.0,0.0,0,3146,
40,32,cell_mediated_immunity,Medium,0.5,,True,0.7904395762303691,0.998759689116975,0.7504830781700585,0.0,0.3,0,3365,
40,33,humoral_immunity,Medium,0.5,,True,0.7624039521490684,0.9999161318627631,0.71427623491424,0.0,0.44999999999999996,0,4498,
40,34,tolerance_autoimmunity,Hard,0.8,False,False,0.05,0.1523873943210263,0.16055784901387551,0.6,0.0,1,4472,
40,35,innate_immunity,Easy,0.2,True,True,0.8900634740640065,0.999998275019503,0.58692174725987,0.0,0.0,0,3798,
40,36,antigen_recognition,Easy,0.2,True,True,0.9168973849141077,0.9999958716724748,0.6309753340550328,0.0,0.0,0,4696,
40,37,cell_mediated_immunity,Medium,0.5,,True,0.8180063747082453,0.9997654928295876,0.7710350455586678,0.0,0.44999999999999996,0,5545,
40,38,humoral_immunity,Medium,0.5,True,True,0.7834112537391444,0.9999964793283634,0.7278439749958373,0.0,0.6,0,3471,
40,39,tolerance_autoimmunity,Hard,0.8,False,False,0.05,0.1523810707998519,0.16055784901387551,0.75,0.0,1,3629,
40,40,innate_immunity,Easy,0.2,False,True,0.9106445560130624,0.999997393366302,0.6167548526316105,0.0,0.15,0,4261,
40,41,antigen_recognition,Easy,0.2,,True,0.9299454695502848,0.9999992202022969,0.6594215209434328,0.0,0.0,0,5148,
40,42,cell_mediated_immunity,Medium,0.5,,True,0.8356498226027861,0.9999556961203618,0.7847508004000308,0.0,0.6,0,5414,
40,43,humoral_immunity,Medium,0.5,,True,0.7969053601340279,0.9999993349824254,0.7359211430951309,0.0,0.75,0,5042,
40,44,tolerance_autoimmunity,Hard,0.8,False,False,0.05,0.15238095455777068,0.16055784901387551,0.9,0.0,3,3998,
40,45,innate_immunity,Easy,0.2,True,True,0.9241789046386849,0.9999998905854749,0.6395489243065068,0.0,0.3,0,3064,
40,46,antigen_recognition,Easy,0.2,True,True,0.9402810329402836,0.9999999672677264,0.6817369268378092,0.0,0.15,0,5568,
40,47,cell_mediated_immunity,Medium,0.5,False,True,0.8466422496523544,0.9999330542220696,0.792809635371949,0.0,0.75,0,3907,
40,48,humoral_immunity,Medium,0.5,False,True,0.8046362110367583,0.9999989950850743,0.7421911033318217,0.0,0.9,0,4835,
40,49,tolerance_autoimmunity,Hard,0.8,False,False,0.05,0.1523809524209674,0.16055784901387551,1.0,0.0,1,4030,
40,50,innate_immunity,Easy,0.2,True,True,0.9332235028716164,0.999999995407291,0.656393350465912,0.0,0.44999999999999996,0,4866,
40,51,antigen_recognition,Easy,0.2,True,False,0.9473709042558984,0.999999950537899,0.6940035470590687,0.0,0.0,3,3738,
40,52,cell_mediated_immunity,Medium,0.5,,False,0.852815686449197,0.9995449819408386,0.799791039546603,0.0,0.55,3,4613,
40,53,humoral_immunity,Medium,0.5,,True,0.8104822295401957,0.9999998101825879,0.7483121974236403,0.0,1.0,0,4383,
40,54,tolerance_autoimmunity,Hard,0.8,,False,0.05,0.1686813186869791,0.16055784901387551,1.0,0.0,3,4342,
40,55,innate_immunity,Easy,0.2,True,True,0.9392525961845883,0.9999999998072197,0.6680713581346429,0.0,0.6,0,2929,
40,56,antigen_recognition,Easy,0.2,True,True,0.95,0.999999997923813,0.6940035470590687,0.0,0.0,0,4831,
40,57,cell_mediated_immunity,Medium,0.5,False,True,0.8579962468485018,0.9993126604065449,0.81927995070399,0.0,0.35000000000000003,0,2551,
40,58,humoral_immunity,Medium,0.5,,True,0.8160592375114957,0.9999999641455947,0.7542879598633511,0.0,1.0,0,4154,
40,59,tolerance_autoimmunity,Hard,0.8,,False,0.05,0.17102570300622613,0.16055784901387551,1.0,0.0,1,3214,
41,0,innate_immunity,Easy,0.2,,True,0.5729231657813358,0.43333333333333335,0.29026701321152176,0.0,0.0,0,4684,
41,1,antigen_recognition,Easy,0.2,True,True,0.6929901884732069,0.7384615384615385,0.397380089046402,0.0,0.0,0,2702,
41,2,cell_mediated_immunity,Medium,0.5,,False,0.3262160418145751,0.16164383561643833,0.41611138514336454,0.0,0.0,1,4907,
41,3,humoral_immunity,Medium,0.5,,False,0.29761124955622664,0.16164383561643833,0.3980189426699985,0.0,0.0,1,3713,
41,4,tolerance_autoimmunity,Hard,0.8,False,False,0.05,0.151473136915078,0.23726108575640717,0.0,0.0,2,6604,
41,5,innate_immunity,Easy,0.2,,True,0.6321850234412322,0.8086092715231787,0.32929803113096,0.0,0.0,0,3455,
41,6,antigen_recognition,Easy,0.2,True,True,0.7657165821593318,0.9853892821031346,0.45334195646317166,0.0,0.0,0,3952,
41,7,cell_mediated_immunity,Medium,0.5,False,True,0.3767580295203653,0.23316749585406296,0.48570687284283465,0.0,0.0,0,1409,
41,8,humoral_immunity,Medium,0.5,False,False,0.3516290175326879,0.15255307234129206,0.436523241741474,0.0,0.0,3,3222,
41,9,tolerance_autoimmunity,Hard,0.8,False,False,0.05,0.15236428212260275,0.23726108575640717,0.0,0.0,2,2831,
41,10,innate_immunity,Easy,0.2,,True,0.6847716626485624,0.9575257197198928,0.36618257933828735,0.0,0.0,0,4277,
41,11,antigen_recognition,Easy,0.2,True,True,0.8205460992644938,0.9993780725311993,0.5041069650509385,0.0,0.0,0,4749,
41,12,cell_mediated_immunity,Medium,0.5,False,False,0.47857343957490805,0.1540192774650066,0.5163569661091477,0.0,0.0,1,2172,
41,13,humoral_immunity,Medium,0.5,False,True,0.4059193597561129,0.2281557032482157,0.5086061664635324,0.0,0.0,0,2340,
41,14,tolerance_autoimmunity,Hard,0.8,True,False,0.05,0.22805207479018869,0.23726108575640717,0.0,0.0,2,3322,
41,15,innate_immunity,Easy,0.2,False,False,0.7304871314519265,0.3714155352090481,0.3836106400061736,0.0,0.0,3,3785,
41,16,antigen_recognition,Easy,0.2,True,True,0.8611221734186515,0.9999738789593932,0.5432501045402798,0.0,0.15,0,4113,
41,17,cell_mediated_immunity,Medium,0.5,,False,0.5245157747102493,0.16891345536977373,0.5408569016839296,0.15,0.0,2,4814,
41,18,humoral_immunity,Medium,0.5,False,True,0.5129063820465373,0.2711832275898365,0.5714678625185123,0.0,0.0,0,4411,
41,19,tolerance_autoimmunity,Hard,0.8,False,False,0.05,0.15390557411223033,0.23726108575640717,0.15,0.0,2,4129,
41,20,innate_immunity,Easy,0.2,True,True,0.7505717292727033,0.9344400923743247,0.4175083235056165,0.0,0.0,0,6728,
41,21,antigen_recognition,Easy,0.2,True,True,0.886904089907902,0.9999989035340321,0.5729411314038377,0.0,0.3,0,4496,
41,22,cell_mediated_immunity,Medium,0.5,True,True,0.5609802773040797,0.8338446187822904,0.5955835859146172,0.0,0.0,0,4775,
41,23,humoral_immunity,Medium,0.5,,True,0.6055887969201439,0.6821706781131954,0.6262879582089338,0.0,0.0,0,3864,
41,24,tolerance_autoimmunity,Hard,0.8,False,False,0.05,0.15240902808749124,0.23726108575640717,0.3,0.0,2,3687,
41,25,innate_immunity,Easy,0.2,True,True,0.7866836530330016,0.997065198846262,0.44954183961151467,0.0,0.0,0,4276,
41,26,antigen_recognition,Easy,0.2,True,True,0.9035796329266711,0.9999999539754547,0.5947533155717052,0.0,0.44999999999999996,0,2857,
41,27,cell_mediated_immunity,Medium,0.5,,True,0.6395707383689447,0.9639572147648479,0.6437872275952377,0.0,0.0,0,2508,
41,28,humoral_immunity,Medium,0.5,False,False,0.6808602003954017,0.17758113761897487,0.6501915678799052,0.0,0.0,1,5990,
41,29,tolerance_autoimmunity,Hard,0.8,False,False,0.05,0.15238146849528006,0.23726108575640717,0.44999999999999996,0.0,2,4767,
41,30,innate_immunity,Easy,0.2,True,False,0.8171641202326619,0.9955752893145927,0.4646777729286645,0.0,0.0,1,5184,
41,31,antigen_recognition,Easy,0.2,True,True,0.9143950737122679,0.9999999980681055,0.609806493080676,0.0,0.6,0,4554,
41,32,cell_mediated_immunity,Medium,0.5,True,True,0.7032293292480413,0.9984334173077619,0.6862453283177132,0.0,0.0,0,5689,
41,33,humoral_immunity,Medium,0.5,False,True,0.7111856488905385,0.24205813914502322,0.694940911149331,0.0,0.0,0,3665,
41,34,tolerance_autoimmunity,Hard,0.8,False,False,0.05,0.1523809618683538,0.23726108575640717,0.6,0.0,3,5499,
41,35,innate_immunity,Easy,0.2,True,True,0.8303439186248867,0.9998134868906845,0.49411725485557967,0.0,0.0,0,4237,
41,36,antigen_recognition,Easy,0.2,True,True,0.9212054286883369,0.9999999999189081,0.6188652533805763,0.0,0.75,0,3337,
41,37,cell_mediated_immunity,Medium,0.5,True,True,0.753519491789499,0.999934144134069,0.7180331085764801,0.0,0.15,0,4135,
41,38,humoral_immunity,Medium,0.5,True,True,0.7630809262232813,0.8861671498730179,0.7339656819408772,0.0,0.0,0,5176,
41,39,tolerance_autoimmunity,Hard,0.8,,True,0.05,0.530124239037446,0.23726108575640717,0.75,0.0,0,4851,
41,40,innate_immunity,Easy,0.2,True,True,0.85379776587362,0.9999921696663323,0.5219377434878082,0.0,0.0,0,2567,
41,41,antigen_recognition,Easy,0.2,True,True,0.9250614359213152,0.9999999999965961,0.6259440145600697,0.0,0.9,0,4146,
41,42,cell_mediated_immunity,Medium,0.5,,True,0.7872115689706313,0.9999875599214614,0.7415590619468487,0.0,0.3,0,3114,
41,43,humoral_immunity,Medium,0.5,True,True,0.8027852633967033,0.9946420380138117,0.7679981978185624,0.0,0.0,0,6454,
41,44,tolerance_autoimmunity,Hard,0.8,False,False,0.05,0.16472462769411406,0.23726108575640717,0.9,0.0,1,4370,
41,45,innate_immunity,Easy,0.2,False,True,0.873429335233136,0.9999881675678535,0.5482282736560156,0.0,0.0,0,2666,
41,46,antigen_recognition,Easy,0.2,True,True,0.9279531127352744,0.9999999999998571,0.6328913029198299,0.0,1.0,0,3914,
41,47,cell_mediated_immunity,Medium,0.5,True,True,0.8098990512721708,0.9999994778176886,0.7585014675139681,0.0,0.44999999999999996,0,3102,
41,48,humoral_immunity,Medium,0.5,,False,0.8331320242765298,0.9648829492546441,0.7828376461160498,0.0,0.0,1,5877,
41,49,tolerance_autoimmunity,Hard,0.8,True,False,0.05,0.23487570191550833,0.23726108575640717,1.0,0.0,1,3596,
41,50,innate_immunity,Easy,0.2,,True,0.8898656627241476,0.99999776496447,0.5693462772904309,0.0,0.15,0,5096,
41,51,antigen_recognition,Easy,0.2,True,True,0.930690694528782,0.999999999999994,0.6397095602857487,0.0,1.0,0,3532,
41,52,cell_mediated_immunity,Medium,0.5,True,True,0.8250593868760943,0.9999999780812254,0.7700154499547447,0.0,0.6,0,4065,
41,53,humoral_immunity,Medium,0.5,True,True,0.8451458980141726,0.9984750435243509,0.8106182020627776,0.0,0.0,0,3171,
41,54,tolerance_autoimmunity,Hard,0.8,,False,0.05,0.1814110175173905,0.23726108575640717,1.0,0.0,2,3352,
41,55,innate_immunity,Easy,0.2,True,True,0.901684028244112,0.9999999061834944,0.5859246207473789,0.0,0.3,0,3463,
41,56,antigen_recognition,Easy,0.2,True,True,0.9332835402946025,0.9999999999999998,0.6464011831320343,0.0,1.0,0,2975,
41,57,cell_mediated_immunity,Medium,0.5,,True,0.8348079138380629,0.9999999958597869,0.7768685921964686,0.0,0.75,0,2834,
41,58,humoral_immunity,Medium,0.5,,True,0.8657287014372252,0.9997116106136179,0.8348449224808957,0.0,0.0,0,2779,
41,59,tolerance_autoimmunity,Hard,0.8,False,False,0.05,0.15293315809626762,0.23726108575640717,1.0,0.0,1,4363,
42,0,innate_immunity,Easy,0.2,False,False,0.6454888081670073,0.151473136915078,0.3229292041056891,0.0,0.0,2,2548,
42,1,antigen_recognition,Easy,0.2,True,True,0.9205668195427991,0.7384615384615385,0.6774699610381241,0.0,0.0,0,2801,
42,2,cell_mediated_immunity,Medium,0.5,False,False,0.09099027956760644,0.151473136915078,0.1668769615443893,0.0,0.0,2,3660,
42,3,humoral_immunity,Medium,0.5,True,True,0.32062521798426113,0.7384615384615385,0.4344267481994338,0.0,0.0,0,5278,
42,4,tolerance_autoimmunity,Hard,0.8,False,False,0.05,0.151473136915078,0.061293358599067906,0.0,0.0,3,2354,
42,5,innate_immunity,Easy,0.2,,True,0.6764653972277095,0.5286442405708461,0.3675137249409145,0.0,0.0,0,4384,
42,6,antigen_recognition,Easy,0.2,,True,0.9460796990634536,0.9379828326180258,0.7343943590021388,0.0,0.0,0,2824,
42,7,cell_mediated_immunity,Medium,0.5,False,False,0.11933546336696449,0.15236428212260275,0.21447081176850394,0.0,0.0,2,4891,
42,8,humoral_immunity,Medium,0.5,False,False,0.402889583426805,0.18591549295774645,0.46137629528882124,0.0,0.0,2,5810,
42,9,tolerance_autoimmunity,Hard,0.8,False,False,0.05,0.15236428212260275,0.061293358599067906,0.0,0.0,3,4043,
42,10,innate_immunity,Easy,0.2,True,True,0.7320566550092937,0.9641519329080039,0.4091623940008745,0.0,0.0,0,4182,
42,11,antigen_recognition,Easy,0.2,,True,0.95,0.9876919608186988,0.7343943590021388,0.0,0.0,0,2897,
42,12,cell_mediated_immunity,Medium,0.5,True,False,0.1527523402762329,0.22805207479018869,0.259345766373846,0.0,0.0,1,3220,
42,13,humoral_immunity,Medium,0.5,False,False,0.44232234114563457,0.15302230363107422,0.48704169733420083,0.0,0.0,1,5192,
42,14,tolerance_autoimmunity,Hard,0.8,,False,0.05,0.1686789605945943,0.061293358599067906,0.0,0.0,3,3601,
42,15,innate_immunity,Easy,0.2,True,True,0.7781597594875925,0.9984421792270505,0.4480685345620082,0.0,0.0,0,3532,
42,16,antigen_recognition,Easy,0.2,,True,0.95,0.9976526774249124,0.7343943590021388,0.0,0.15,0,3381,
42,17,cell_mediated_immunity,Medium,0.5,,False,0.1909382135185124,0.18027097096391204,0.2953104405942878,0.15,0.0,2,2811,
42,18,humoral_immunity,Medium,0.5,,False,0.48057233175816255,0.16877210115291433,0.5078177768345801,0.15,0.0,3,2985,
42,19,tolerance_autoimmunity,Hard,0.8,False,False,0.05,0.1526863116330173,0.061293358599067906,0.15,0.0,1,5848,
42,20,innate_immunity,Easy,0.2,True,False,0.8158396837396918,0.9976488085147162,0.466240637146889,0.0,0.0,1,3394,
42,21,antigen_recognition,Easy,0.2,True,True,0.95,0.9999012500592763,0.7343943590021388,0.0,0.3,0,4107,
42,22,cell_mediated_immunity,Medium,0.5,False,False,0.2265075981810328,0.1529107484846876,0.3234902189196088,0.3,0.0,3,4334,
42,23,humoral_immunity,Medium,0.5,False,True,0.5117245156067143,0.23712746035536503,0.5406512305747267,0.3,0.0,0,4500,
42,24,tolerance_autoimmunity,Hard,0.8,False,False,0.05,0.15238656758822003,0.061293358599067906,0.3,0.0,3,3642,
42,25,innate_immunity,Easy,0.2,True,True,0.8316608208576478,0.9999010869327878,0.5013882252254566,0.0,0.0,0,6108,
42,26,antigen_recognition,Easy,0.2,True,True,0.95,0.9999958545516124,0.7343943590021388,0.0,0.44999999999999996,0,2859,
42,27,cell_mediated_immunity,Medium,0.5,True,False,0.2574893820242444,0.2283520848423712,0.34474606834440213,0.44999999999999996,0.0,1,5192,
42,28,humoral_immunity,Medium,0.5,True,True,0.5606763366513081,0.8834723816524276,0.5800495476889151,0.09999999999999998,0.0,0,4573,
42,29,tolerance_autoimmunity,Hard,0.8,True,False,0.05,0.22806430650540482,0.061293358599067906,0.44999999999999996,0.0,3,3701,
42,30,innate_immunity,Easy,0.2,,False,0.8591598400208378,0.999327856529363,0.5178048002689579,0.0,0.0,1,4126,
42,31,antigen_recognition,Easy,0.2,True,True,0.95,0.9999998259928388,0.7343943590021388,0.0,0.6,0,3628,
42,32,cell_mediated_immunity,Medium,0.5,False,False,0.2826157133971409,0.15391220182961518,0.3597191544517264,0.6,0.0,2,4346,
42,33,humoral_immunity,Medium,0.5,False,False,0.617818072102827,0.24002876411362056,0.6000601731096483,0.0,0.0,3,3150,
42,34,tolerance_autoimmunity,Hard,0.8,False,False,0.05,0.15390584423230655,0.061293358599067906,0.6,0.0,2,5122,
42,35,innate_immunity,Easy,0.2,,True,0.8706624608607095,0.9998729731597876,0.5495569332208128,0.0,0.0,0,3586,
42,36,antigen_recognition,Easy,0.2,True,True,0.95,0.9999999926959945,0.7343943590021388,0.0,0.75,0,4492,
42,37,cell_mediated_immunity,Medium,0.5,True,False,0.3011800068180482,0.22890228197725362,0.36886349125967366,0.75,0.0,2,2817,
42,38,humoral_immunity,Medium,0.5,,True,0.6457389018365177,0.6489455389635826,0.6381744126476371,0.0,0.0,0,4281,
42,39,tolerance_autoimmunity,Hard,0.8,False,False,0.05,0.15240903307051634,0.061293358599067906,0.75,0.0,3,3709,
42,40,innate_immunity,Easy,0.2,True,True,0.8906445277035067,0.9999946673652398,0.5792182159370065,0.0,0.0,0,3781,
42,41,antigen_recognition,Easy,0.2,True,True,0.95,0.9999999996934121,0.7343943590021388,0.0,0.9,0,2775,
42,42,cell_mediated_immunity,Medium,0.5,True,False,0.31285208829437766,0.27162389825644206,0.3760744829335183,0.9,0.0,1,3320,
42,43,humoral_immunity,Medium,0.5,False,True,0.6961532744234731,0.5832956436207228,0.672656367632086,0.0,0.0,0,3505,
42,44,tolerance_autoimmunity,Hard,0.8,,False,0.05,0.1686852910068652,0.061293358599067906,0.9,0.0,1,3302,
42,45,innate_immunity,Easy,0.2,True,True,0.9068114170699573,0.9999997761598753,0.6069263290802712,0.0,0.0,0,3043,
42,46,antigen_recognition,Easy,0.2,,True,0.95,0.9999999999420889,0.7343943590021388,0.0,1.0,0,5119,
42,47,cell_mediated_immunity,Medium,0.5,False,False,0.32222766722572366,0.1549241131692221,0.38320308609045706,1.0,0.0,3,2001,
42,48,humoral_immunity,Medium,0.5,True,True,0.7380655201538694,0.9710348441901969,0.7038521945451345,0.0,0.0,0,5116,
42,49,tolerance_autoimmunity,Hard,0.8,True,False,0.05,0.23707907432192063,0.061293358599067906,1.0,0.0,3,4458,
42,50,innate_immunity,Easy,0.2,True,True,0.9199419058689697,0.9999999906042396,0.6289273534496483,0.0,0.15,0,4012,
42,51,antigen_recognition,Easy,0.2,True,True,0.95,0.9999999999975692,0.7343943590021388,0.0,1.0,0,3287,
42,52,cell_mediated_immunity,Medium,0.5,True,True,0.33163898566816147,0.819622716581479,0.39729739801524777,1.0,0.0,0,2802,
42,53,humoral_immunity,Medium,0.5,False,True,0.7726109449647773,0.9571947669663058,0.72784163118362,0.0,0.15,0,5314,
42,54,tolerance_autoimmunity,Hard,0.8,False,False,0.05,0.15410723010636201,0.061293358599067906,1.0,0.0,1,2886,
42,55,innate_immunity,Easy,0.2,,True,0.9291407105954212,0.9999999982252453,0.6460317203331112,0.0,0.3,0,3784,
42,56,antigen_recognition,Easy,0.2,True,True,0.95,0.999999999999898,0.7343943590021388,0.0,1.0,0,4345,
42,57,cell_mediated_immunity,Medium,0.5,,False,0.3506426399596555,0.4579053698940332,0.4041835207232984,1.0,0.0,3,3953,
42,58,humoral_immunity,Medium,0.5,,True,0.7969030840877563,0.9916361083930663,0.7459973035991251,0.0,0.3,0,2628,
42,59,tolerance_autoimmunity,Hard,0.8,False,False,0.05,0.1524127489945906,0.061293358599067906,1.0,0.0,2,4958,
43,0,innate_immunity,Easy,0.2,True,False,0.8753715534085974,0.2,0.5342870622320147,0.0,0.0,2,4298,
43,1,antigen_recognition,Easy,0.2,False,True,0.7686476608634688,0.2,0.43136052071047304,0.0,0.0,0,4221,
43,2,cell_mediated_immunity,Medium,0.5,True,True,0.5439507603811052,0.7384615384615385,0.5859069981561711,0.0,0.0,0,2784,
43,3,humoral_immunity,Medium,0.5,,True,0.35817472083002255,0.43333333333333335,0.438539081736261,0.0,0.0,0,4202,
43,4,tolerance_autoimmunity,Hard,0.8,,False,0.05,0.16164383561643833,0.06449174148801745,0.0,0.0,2,2367,
43,5,innate_immunity,Easy,0.2,,False,0.8813965824832845,0.17575757575757575,0.5435028194020354,0.0,0.0,3,4023,
43,6,antigen_recognition,Easy,0.2,True,True,0.800298834480645,0.8597938144329896,0.4609784630851096,0.0,0.0,0,4039,
43,7,cell_mediated_immunity,Medium,0.5,False,False,0.626081334687144,0.18591549295774645,0.6107771415263653,0.0,0.0,1,3164,
43,8,humoral_immunity,Medium,0.5,False,False,0.4088393516195263,0.1600363306085377,0.45534624260763346,0.0,0.0,2,3672,
43,9,tolerance_autoimmunity,Hard,0.8,False,True,0.05,0.23316749585406296,0.06449174148801745,0.0,0.0,0,4352,
43,10,innate_immunity,Easy,0.2,True,True,0.887056092431947,0.8401659177324577,0.5615696018511234,0.0,0.0,0,7196,
43,11,antigen_recognition,Easy,0.2,,True,0.827194158118557,0.9702751349961429,0.48905373643577454,0.0,0.0,0,4174,
43,12,cell_mediated_immunity,Medium,0.5,False,False,0.6603070536773593,0.15302230363107422,0.6341536010417251,0.0,0.0,2,5921,
43,13,humoral_immunity,Medium,0.5,False,False,0.4334171782801171,0.1525229350070919,0.4716502862586129,0.0,0.0,3,3283,
43,14,tolerance_autoimmunity,Hard,0.8,,False,0.05,0.18112401687587895,0.06449174148801745,0.0,0.0,3,4031,
43,15,innate_immunity,Easy,0.2,True,True,0.8974693886489914,0.9920888932723188,0.5789213555071855,0.0,0.0,0,5678,
43,16,antigen_recognition,Easy,0.2,True,True,0.84996447034666,0.9987160078900309,0.5116747483610027,0.0,0.15,0,5669,
43,17,cell_mediated_immunity,Medium,0.5,,True,0.6910262748982419,0.5311661064995755,0.6780985716306898,0.0,0.0,0,5572,
43,18,humoral_immunity,Medium,0.5,False,True,0.4575776653863289,0.22813915939457408,0.5032822604400243,0.0,0.0,0,2766,
43,19,tolerance_autoimmunity,Hard,0.8,False,False,0.05,0.1529275108308759,0.06449174148801745,0.15,0.0,3,2711,
43,20,innate_immunity,Easy,0.2,,True,0.9066607917657017,0.9984964282384661,0.5955863790546332,0.0,0.0,0,3321,
43,21,antigen_recognition,Easy,0.2,False,True,0.8664638880832615,0.9980616809787484,0.5294790563327884,0.0,0.3,0,4359,
43,22,cell_mediated_immunity,Medium,0.5,True,True,0.7443289524434843,0.9644979357189769,0.7167649322741586,0.0,0.0,0,3548,
43,23,humoral_immunity,Medium,0.5,,False,0.5049232315436946,0.18028541333289735,0.5159209900152293,0.15,0.0,2,2860,
43,24,tolerance_autoimmunity,Hard,0.8,False,False,0.05,0.15239100577470724,0.06449174148801745,0.3,0.0,2,4712,
43,25,innate_immunity,Easy,0.2,,True,0.9147855210404688,0.9997156594800841,0.6091910303792538,0.0,0.15,0,4305,
43,26,antigen_recognition,Easy,0.2,,False,0.8783475701561337,0.9869958736733844,0.5405073760615787,0.0,0.09999999999999998,2,3911,
43,27,cell_mediated_immunity,Medium,0.5,,True,0.7859341939649837,0.993103626929086,0.7507867424010777,0.0,0.0,0,4983,
43,28,humoral_immunity,Medium,0.5,True,False,0.5238633412915213,0.24358007971599566,0.5260645199946622,0.3,0.0,2,2691,
43,29,tolerance_autoimmunity,Hard,0.8,,False,0.05,0.16868274081968515,0.06449174148801745,0.44999999999999996,0.0,2,4285,
43,30,innate_immunity,Easy,0.2,True,True,0.9209369676191085,0.9999880614919502,0.6200179591169714,0.0,0.3,0,4442,
43,31,antigen_recognition,Easy,0.2,,True,0.8852428904921604,0.9975185670187824,0.5644403363167873,0.0,0.0,0,3896,
43,32,cell_mediated_immunity,Medium,0.5,True,True,0.818277460074955,0.9997086123292132,0.7762316255835733,0.0,0.15,0,4321,
43,33,humoral_immunity,Medium,0.5,False,False,0.5390172921174502,0.15425537739252598,0.5338674324998698,0.44999999999999996,0.0,1,3824,
43,34,tolerance_autoimmunity,Hard,0.8,False,False,0.05,0.1526863838221127,0.06449174148801745,0.6,0.0,3,6001,
43,35,innate_immunity,Easy,0.2,,True,0.9255394812136797,0.99999774492754,0.6282891582337128,0.0,0.44999999999999996,0,3711,
43,36,antigen_recognition,Easy,0.2,True,True,0.8990435298160637,0.9998955948040447,0.5871267333917908,0.0,0.0,0,5704,
43,37,cell_mediated_immunity,Medium,0.5,,True,0.839887297258033,0.9999449476298432,0.7950467519927149,0.0,0.3,0,2967,
43,38,humoral_immunity,Medium,0.5,,False,0.5506270603545161,0.16894697214418436,0.5394488468384404,0.6,0.0,2,3755,
43,39,tolerance_autoimmunity,Hard,0.8,,False,0.05,0.16872453745471366,0.06449174148801745,0.75,0.0,3,4201,
43,40,innate_immunity,Easy,0.2,False,True,0.9288881900096823,0.9999965923409264,0.6341736361210567,0.0,0.6,0,3281,
43,41,antigen_recognition,Easy,0.2,True,True,0.9107445850989372,0.9999956171246782,0.6086314953082663,0.0,0.0,0,5986,
43,42,cell_mediated_immunity,Medium,0.5,False,True,0.8544925519940083,0.9999168133136928,0.8085870395691168,0.0,0.44999999999999996,0,3738,
43,43,humoral_immunity,Medium,0.5,False,False,0.558898550858451,0.15269143131426838,0.5428954613172448,0.75,0.0,1,3978,
43,44,tolerance_autoimmunity,Hard,0.8,False,False,0.05,0.15268718203479317,0.06449174148801745,0.9,0.0,1,2980,
43,45,innate_immunity,Easy,0.2,True,True,0.9311853583674213,0.9999998569619952,0.6377932123261519,0.0,0.75,0,4416,
43,46,antigen_recognition,Easy,0.2,True,True,0.920692176478397,0.9999998160266891,0.6259584673268759,0.0,0.15,0,5768,
43,47,cell_mediated_immunity,Medium,0.5,,False,0.864305732050955,0.9994346597345939,0.8172091384955038,0.0,0.24999999999999994,3,5271,
43,48,humoral_immunity,Medium,0.5,True,True,0.5639903506424249,0.8171729887392292,0.5483687751432067,0.9,0.0,0,4035,
43,49,tolerance_autoimmunity,Hard,0.8,False,False,0.05,0.15238658359959112,0.06449174148801745,1.0,0.0,3,4799,
43,50,innate_immunity,Easy,0.2,True,True,0.9325640309435845,0.9999999939959348,0.6406602229069904,0.0,0.9,0,4016,
43,51,antigen_recognition,Easy,0.2,True,True,0.9279589100567535,0.9999999922776621,0.6395959980906428,0.0,0.3,0,2411,
43,52,cell_mediated_immunity,Medium,0.5,True,True,0.870259464950761,0.9999762569078063,0.8380678980810522,0.0,0.04999999999999993,0,3782,
43,53,humoral_immunity,Medium,0.5,False,False,0.5720481925854559,0.20548740987662517,0.5510726636611026,1.0,0.0,1,1064,
43,54,tolerance_autoimmunity,Hard,0.8,False,False,0.05,0.15238105589667594,0.06449174148801745,1.0,0.0,1,3553,
43,55,innate_immunity,Easy,0.2,True,True,0.9336378239240357,0.9999999997479775,0.643504539960401,0.0,1.0,0,3959,
43,56,antigen_recognition,Easy,0.2,True,True,0.93324110181212,0.9999999996758524,0.6499205252153021,0.0,0.44999999999999996,0,2946,
43,57,cell_mediated_immunity,Medium,0.5,True,False,0.8837475564797566,0.9999641222121238,0.8477934297201499,0.0,0.0,2,4397,
43,58,humoral_immunity,Medium,0.5,True,True,0.5760150872337515,0.8637236149958385,0.5564480646665634,0.8,0.0,0,5675,
43,59,tolerance_autoimmunity,Hard,0.8,False,True,0.05,0.22806128130626524,0.06449174148801745,1.0,0.0,0,3142,
44,0,innate_immunity,Easy,0.2,True,False,0.5482895764490953,0.2,0.2403868347949387,0.0,0.0,2,3122,
44,1,antigen_recognition,Easy,0.2,,True,0.828878669883488,0.43333333333333335,0.49209944193049193,0.0,0.0,0,3748,
44,2,cell_mediated_immunity,Medium,0.5,True,False,0.43756202212832807,0.2,0.46140732810196977,0.0,0.0,2,6020,
44,3,humoral_immunity,Medium,0.5,False,False,0.1088291149595531,0.151473136915078,0.19892791252188263,0.0,0.0,2,6372,
44,4,tolerance_autoimmunity,Hard,0.8,,False,0.05,0.16164383561643833,0.2968369945937398,0.0,0.0,2,3271,
44,5,innate_immunity,Easy,0.2,False,False,0.5602855458731578,0.15330739299610896,0.24839464339575615,0.0,0.0,3,3805,
44,6,antigen_recognition,Easy,0.2,True,True,0.8522800163958189,0.9484388938447815,0.5196665992023944,0.0,0.0,0,3782,
44,7,cell_mediated_immunity,Medium,0.5,False,False,0.44236827143503543,0.15330739299610896,0.46463888413335797,0.0,0.0,3,3202,
44,8,humoral_immunity,Medium,0.5,,False,0.14106984037216752,0.1685530193297038,0.24544737095416802,0.0,0.0,3,5036,
44,9,tolerance_autoimmunity,Hard,0.8,False,False,0.05,0.15255307234129206,0.2968369945937398,0.0,0.0,2,4555,
44,10,innate_immunity,Easy,0.2,False,True,0.5720861888557078,0.22856993900213754,0.26424142466477524,0.0,0.0,0,4710,
44,11,antigen_recognition,Easy,0.2,True,False,0.8719151964602245,0.9250895784096975,0.532702050918637,0.0,0.0,2,4332,
44,12,cell_mediated_immunity,Medium,0.5,False,True,0.4471564058796914,0.22856993900213754,0.4710632175237577,0.0,0.0,0,3168,
44,13,humoral_immunity,Medium,0.5,False,True,0.1783867595547488,0.23700535667704026,0.3330833782762384,0.0,0.0,0,4558,
44,14,tolerance_autoimmunity,Hard,0.8,,False,0.05,0.16870567050359922,0.2968369945937398,0.0,0.0,1,4124,
44,15,innate_immunity,Easy,0.2,True,False,0.5951865514160478,0.2714276921695571,0.27083430904321865,0.15,0.0,1,4273,
44,16,antigen_recognition,Easy,0.2,True,True,0.8803988204052737,0.9966145286541536,0.5580654332786156,0.0,0.0,0,5151,
44,17,cell_mediated_immunity,Medium,0.5,False,True,0.4567035329338074,0.2714276921695571,0.4774104589134726,0.0,0.0,0,4224,
44,18,humoral_immunity,Medium,0.5,,False,0.26864665868605425,0.18177034292063546,0.3660029000833034,0.15,0.0,2,4136,
44,19,tolerance_autoimmunity,Hard,0.8,,False,0.05,0.17102926407497804,0.2968369945937398,0.15,0.0,2,3742,
44,20,innate_immunity,Easy,0.2,True,True,0.6046804841286993,0.9005159605628166,0.28620797437427814,0.0,0.0,0,4256,
44,21,antigen_recognition,Easy,0.2,False,True,0.8955184758390777,0.9948976119573427,0.5820521753901122,0.0,0.0,0,3795,
44,22,cell_mediated_immunity,Medium,0.5,,False,0.4661674654644209,0.18782185337011228,0.4805459961599918,0.0,0.0,2,4631,
44,23,humoral_immunity,Medium,0.5,False,False,0.3091742474125263,0.1529402339630188,0.3917749142849578,0.3,0.0,3,4754,
44,24,tolerance_autoimmunity,Hard,0.8,False,False,0.05,0.15273131887995797,0.2968369945937398,0.3,0.0,1,3831,
44,25,innate_immunity,Easy,0.2,False,False,0.6265039958498317,0.25532358409166017,0.2937327385355964,0.0,0.0,1,4666,
44,26,antigen_recognition,Easy,0.2,True,True,0.9082384052168033,0.9997847817887561,0.6047369967186479,0.0,0.0,0,4796,
44,27,cell_mediated_immunity,Medium,0.5,False,False,0.4708520805407646,0.15306032342640144,0.4836627201830318,0.0,0.0,1,3615,
44,28,humoral_immunity,Medium,0.5,False,False,0.3431359123684686,0.15239123995562298,0.41120121326487563,0.44999999999999996,0.0,1,3991,
44,29,tolerance_autoimmunity,Hard,0.8,False,False,0.05,0.1523873955559484,0.2968369945937398,0.44999999999999996,0.0,3,5019,
44,30,innate_immunity,Easy,0.2,True,True,0.6370068467004611,0.8929877935003036,0.30862361539211763,0.0,0.0,0,6511,
44,31,antigen_recognition,Easy,0.2,,True,0.9189691033832119,0.9999593408651979,0.6229725265320859,0.0,0.15,0,2080,
44,32,cell_mediated_immunity,Medium,0.5,,False,0.4755136838217791,0.1687774865014744,0.4862960403100983,0.15,0.0,3,4494,
44,33,humoral_immunity,Medium,0.5,True,False,0.3698657662102601,0.22806687103740209,0.42487818496949914,0.6,0.0,3,4483,
44,34,tolerance_autoimmunity,Hard,0.8,False,False,0.05,0.152381070822553,0.2968369945937398,0.6,0.0,3,2145,
44,35,innate_immunity,Easy,0.2,,False,0.6574028416640489,0.5839637188274689,0.31591207485104567,0.0,0.0,1,2699,
44,36,antigen_recognition,Easy,0.2,True,True,0.9267520069820677,0.9999982932542997,0.6372971868307402,0.0,0.3,0,4417,
44,37,cell_mediated_immunity,Medium,0.5,False,False,0.4794556337653175,0.15268819334414171,0.48845359694079593,0.3,0.0,1,3826,
44,38,humoral_immunity,Medium,0.5,True,False,0.3891870044200496,0.27113081535956096,0.43322773171629636,0.75,0.0,1,4307,
44,39,tolerance_autoimmunity,Hard,0.8,,False,0.05,0.1686813354357261,0.2968369945937398,0.75,0.0,1,4737,
44,40,innate_immunity,Easy,0.2,True,False,0.6671831926006448,0.525019073716263,0.322041955964754,0.15,0.0,2,4559,
44,41,antigen_recognition,Easy,0.2,,True,0.9323766244421755,0.9999996776142731,0.6481246547949053,0.0,0.44999999999999996,0,4440,
44,42,cell_mediated_immunity,Medium,0.5,False,True,0.4826873192072401,0.22822988350821422,0.4918298032009867,0.44999999999999996,0.0,0,4387,
44,43,humoral_immunity,Medium,0.5,True,False,0.401160117871436,0.29708114733126645,0.43981039497148466,0.9,0.0,3,4380,
44,44,tolerance_autoimmunity,Hard,0.8,False,False,0.05,0.15268635698411268,0.2968369945937398,0.9,0.0,1,5058,
44,45,innate_immunity,Easy,0.2,True,False,0.6752992058732868,0.47587743803537025,0.3270448586964191,0.3,0.0,1,4823,
44,46,antigen_recognition,Easy,0.2,True,True,0.936359410910418,0.9999999864677555,0.6557641053347855,0.0,0.6,0,3612,
44,47,cell_mediated_immunity,Medium,0.5,False,True,0.4877471584125106,0.2712269984345787,0.4964033349721778,0.24999999999999994,0.0,0,2727,
44,48,humoral_immunity,Medium,0.5,False,True,0.4106842056791685,0.31326151244425127,0.45282281542785674,1.0,0.0,0,3867,
44,49,tolerance_autoimmunity,Hard,0.8,,False,0.05,0.1687245336559456,0.2968369945937398,1.0,0.0,2,3970,
44,50,innate_immunity,Easy,0.2,,False,0.6818461884207093,0.23663699518587994,0.330946703633338,0.44999999999999996,0.0,2,4645,
44,51,antigen_recognition,Easy,0.2,True,True,0.9390368209739829,0.9999999994319798,0.6604351009145794,0.0,0.75,0,5644,
44,52,cell_mediated_immunity,Medium,0.5,True,True,0.4946052118175706,0.900426759293424,0.502144336953495,0.04999999999999993,0.0,0,4691,
44,53,humoral_immunity,Medium,0.5,True,True,0.429702974992991,0.9169695413569217,0.46553297556983975,0.8,0.0,0,4284,
44,54,tolerance_autoimmunity,Hard,0.8,False,False,0.05,0.15268718196224249,0.2968369945937398,1.0,0.0,3,3488,
44,55,innate_immunity,Easy,0.2,True,True,0.6869030386744508,0.8831992918217075,0.3365892079884108,0.6,0.0,0,4186,
44,56,antigen_recognition,Easy,0.2,True,True,0.9406216109497871,0.9999999999761571,0.6641211921497161,0.0,0.9,0,4528,
44,57,cell_mediated_immunity,Medium,0.5,True,True,0.5032164610607548,0.9953833927075407,0.5072224647165694,0.0,0.15,0,3345,
44,58,humoral_immunity,Medium,0.5,True,False,0.44848293569117137,0.8821428755694338,0.47794789648147884,0.6000000000000001,0.0,3,2871,
44,59,tolerance_autoimmunity,Hard,0.8,False,False,0.05,0.15238658359825652,0.2968369945937398,1.0,0.0,3,2827,
45,0,innate_immunity,Easy,0.2,True,False,0.4053797848741739,0.2,0.20554441121329797,0.0,0.0,3,3625,
45,1,antigen_recognition,Easy,0.2,True,False,0.9364434177467047,0.2,0.6630360369612283,0.0,0.0,1,2885,
45,2,cell_mediated_immunity,Medium,0.5,,False,0.24861881148964343,0.16164383561643833,0.3637999130303196,0.0,0.0,2,4019,
45,3,humoral_immunity,Medium,0.5,False,False,0.19468000516012524,0.151473136915078,0.30539368159091296,0.0,0.0,1,4025,
45,4,tolerance_autoimmunity,Hard,0.8,,False,0.05,0.16164383561643833,0.2249546783057993,0.0,0.0,3,4397,
45,5,innate_immunity,Easy,0.2,,False,0.5083158499340441,0.17575757575757575,0.269364055822465,0.0,0.0,2,5540,
45,6,antigen_recognition,Easy,0.2,True,True,0.9414872552439284,0.8597938144329896,0.6911635226135661,0.0,0.0,0,5482,
45,7,cell_mediated_immunity,Medium,0.5,True,False,0.3063582343259015,0.233167495854063,0.40854654487341885,0.0,0.0,3,4055,
45,8,humoral_immunity,Medium,0.5,False,False,0.23728220841392164,0.15236428212260275,0.3450351614526781,0.0,0.0,2,5974,
45,9,tolerance_autoimmunity,Hard,0.8,False,False,0.05,0.15255307234129206,0.2249546783057993,0.0,0.0,3,3751,
45,10,innate_immunity,Easy,0.2,True,True,0.6025698351672684,0.8401659177324577,0.38674991591139823,0.0,0.0,0,3926,
45,11,antigen_recognition,Easy,0.2,True,True,0.95,0.9932097858967958,0.6911635226135661,0.0,0.0,0,4061,
45,12,cell_mediated_immunity,Medium,0.5,False,True,0.36616126012858635,0.274147602668575,0.49174537037166,0.0,0.0,0,2386,
45,13,humoral_immunity,Medium,0.5,,False,0.282967517445855,0.1686789605945943,0.38241428509339714,0.0,0.0,2,4002,
45,14,tolerance_autoimmunity,Hard,0.8,,False,0.05,0.16870567050359922,0.2249546783057993,0.0,0.0,1,4284,
45,15,innate_immunity,Easy,0.2,,True,0.7540813559747213,0.9655231094464084,0.4852762601790426,0.0,0.0,0,6233,
45,16,antigen_recognition,Easy,0.2,,True,0.95,0.9987105942932053,0.6911635226135661,0.0,0.0,0,3385,
45,17,cell_mediated_immunity,Medium,0.5,,True,0.48762058601337593,0.6851394191858801,0.563240748194876,0.0,0.0,0,4610,
45,18,humoral_immunity,Medium,0.5,False,True,0.33059077479069565,0.23707554604696957,0.442332282891023,0.15,0.0,0,3845,
45,19,tolerance_autoimmunity,Hard,0.8,False,False,0.05,0.15268682171279055,0.2249546783057993,0.15,0.0,1,6311,
45,20,innate_immunity,Easy,0.2,True,True,0.8470511539393738,0.9985037844176575,0.5679731072046713,0.0,0.0,0,6203,
45,21,antigen_recognition,Easy,0.2,,True,0.95,0.999756201089834,0.6911635226135661,0.0,0.15,0,4601,
45,22,cell_mediated_immunity,Medium,0.5,False,False,0.5937391134927038,0.1779498201488006,0.5939598660398296,0.0,0.0,2,3113,
45,23,humoral_immunity,Medium,0.5,True,True,0.41435121612779763,0.8834435197502011,0.5059849534511325,0.0,0.0,0,5801,
45,24,tolerance_autoimmunity,Hard,0.8,False,False,0.05,0.15238657697132718,0.2249546783057993,0.3,0.0,2,4866,
45,25,innate_immunity,Easy,0.2,,True,0.9009512184817933,0.999717052228218,0.6269720812860851,0.0,0.15,0,3053,
45,26,antigen_recognition,Easy,0.2,,True,0.95,0.9999539403608544,0.6911635226135661,0.0,0.3,0,3142,
45,27,cell_mediated_immunity,Medium,0.5,False,True,0.6373218987918965,0.24226540023654206,0.651076891830819,0.0,0.0,0,1953,
45,28,humoral_immunity,Medium,0.5,,False,0.5089764655953818,0.5635298804136907,0.5341786035809348,0.0,0.0,3,2561,
45,29,tolerance_autoimmunity,Hard,0.8,False,False,0.05,0.1523810557748313,0.2249546783057993,0.44999999999999996,0.0,2,4323,
45,30,innate_immunity,Easy,0.2,True,True,0.9283644210615535,0.9999881199845223,0.668924222290175,0.0,0.3,0,5530,
45,31,antigen_recognition,Easy,0.2,True,True,0.95,0.9999980665477746,0.6911635226135661,0.0,0.44999999999999996,0,5514,
45,32,cell_mediated_immunity,Medium,0.5,,True,0.7122755002653093,0.6514614769483906,0.7001593556109295,0.0,0.0,0,6173,
45,33,humoral_immunity,Medium,0.5,True,False,0.5510889878054278,0.5076026197473549,0.5607632300318135,0.0,0.0,3,3282,
45,34,tolerance_autoimmunity,Hard,0.8,False,False,0.05,0.15238095428157536,0.2249546783057993,0.6,0.0,2,2856,
45,35,innate_immunity,Easy,0.2,True,False,0.9434034145040681,0.9999820481424868,0.6928603930382112,0.0,0.09999999999999998,2,3972,
45,36,antigen_recognition,Easy,0.2,True,True,0.95,0.9999999188425969,0.6911635226135661,0.0,0.6,0,5025,
45,37,cell_mediated_immunity,Medium,0.5,True,True,0.7686948306908185,0.9781208356242773,0.7423374665570689,0.0,0.0,0,3605,
45,38,humoral_immunity,Medium,0.5,,False,0.5901485191112806,0.2470279765464482,0.5820705459074488,0.15,0.0,3,3622,
45,39,tolerance_autoimmunity,Hard,0.8,False,False,0.05,0.1523809524158903,0.2249546783057993,0.75,0.0,2,2743,
45,40,innate_immunity,Easy,0.2,True,True,0.95,0.9999992464523806,0.6928603930382112,0.0,0.0,0,3565,
45,41,antigen_recognition,Easy,0.2,,True,0.95,0.9999999846702673,0.6911635226135661,0.0,0.75,0,4799,
45,42,cell_mediated_immunity,Medium,0.5,,False,0.8106170818007168,0.8709814141729231,0.7604599578296621,0.0,0.0,3,3999,
45,43,humoral_immunity,Medium,0.5,,False,0.6206771277301195,0.18348434659529989,0.5987665348716663,0.3,0.0,2,5342,
45,44,tolerance_autoimmunity,Hard,0.8,False,False,0.05,0.1523809523815946,0.2249546783057993,0.9,0.0,2,4293,
45,45,innate_immunity,Easy,0.2,True,True,0.95,0.9999999683695834,0.6928603930382112,0.0,0.0,0,4137,
45,46,antigen_recognition,Easy,0.2,True,True,0.95,0.9999999993565298,0.6911635226135661,0.0,0.9,0,2714,
45,47,cell_mediated_immunity,Medium,0.5,True,True,0.8267490021100559,0.9938273456660435,0.7941556780856306,0.0,0.0,0,3592,
45,48,humoral_immunity,Medium,0.5,True,True,0.6439613025009194,0.8468607627258815,0.6239549569991799,0.44999999999999996,0.0,0,3162,
45,49,tolerance_autoimmunity,Hard,0.8,False,False,0.05,0.1523809523809642,0.2249546783057993,1.0,0.0,3,3235,
45,50,innate_immunity,Easy,0.2,,False,0.95,0.9999997849132146,0.6928603930382112,0.0,0.0,1,5197,
45,51,antigen_recognition,Easy,0.2,True,True,0.95,0.99999999997299,0.6911635226135661,0.0,1.0,0,5157,
45,52,cell_mediated_immunity,Medium,0.5,True,True,0.8538265410981608,0.9997393716055857,0.8231114744721647,0.0,0.0,0,4102,
45,53,humoral_immunity,Medium,0.5,True,False,0.6778109091202985,0.7932189369966093,0.6325393776150916,0.6,0.0,2,2248,
45,54,tolerance_autoimmunity,Hard,0.8,False,False,0.05,0.15238095238095262,0.2249546783057993,1.0,0.0,3,3125,
45,55,innate_immunity,Easy,0.2,,True,0.95,0.9999999593724893,0.6928603930382112,0.0,0.0,0,4832,
45,56,antigen_recognition,Easy,0.2,True,True,0.95,0.9999999999988662,0.6911635226135661,0.0,1.0,0,4517,
45,57,cell_mediated_immunity,Medium,0.5,,True,0.8742058294789362,0.9999507602107206,0.8479941046106291,0.0,0.0,0,3868,
45,58,humoral_immunity,Medium,0.5,True,False,0.6889545510715464,0.7308225679839451,0.6377821613604318,0.75,0.0,1,4748,
45,59,tolerance_autoimmunity,Hard,0.8,False,False,0.05,0.1523809523809524,0.2249546783057993,1.0,0.0,1,3099,
46,0,innate_immunity,Easy,0.2,False,False,0.5303185031959499,0.151473136915078,0.26161007788389556,0.0,0.0,1,3536,
46,1,antigen_recognition,Easy,0.2,False,False,0.37454730335068587,0.151473136915078,0.12340507477609029,0.0,0.0,2,4807,
46,2,cell_mediated_immunity,Medium,0.5,False,True,0.23304375895148158,0.2,0.3985972107675583,0.0,0.0,0,3116,
46,3,humoral_immunity,Medium,0.5,True,False,0.4917439215956391,0.2,0.5138534620318874,0.0,0.0,3,4077,
46,4,tolerance_autoimmunity,Hard,0.8,,False,0.12348039608011765,0.16164383561643833,0.5010844848147518,0.0,0.0,3,3880,
46,5,innate_immunity,Easy,0.2,True,True,0.5913769328159602,0.8158135829516033,0.3399655523476031,0.0,0.0,0,3195,
46,6,antigen_recognition,Easy,0.2,False,False,0.38708794321294643,0.15236428212260275,0.13218100133391042,0.0,0.0,3,4362,
46,7,cell_mediated_immunity,Medium,0.5,True,False,0.3524204465197036,0.25479452054794516,0.4404097341133908,0.0,0.0,1,4256,
46,8,humoral_immunity,Medium,0.5,True,False,0.5207682370034249,0.25479452054794516,0.532470172282452,0.0,0.0,2,4612,
46,9,tolerance_autoimmunity,Hard,0.8,,False,0.1426449940317396,0.17000398883127243,0.5273549232932544,0.0,0.0,3,3886,
46,10,innate_immunity,Easy,0.2,True,True,0.6984216837745512,0.9906277180279435,0.4100062053402406,0.0,0.0,0,2328,
46,11,antigen_recognition,Easy,0.2,,True,0.39965231830265435,0.530097101887864,0.14955713614516153,0.0,0.0,0,4067,
46,12,cell_mediated_immunity,Medium,0.5,False,False,0.41155480638695235,0.1545168847494429,0.47931524216124455,0.0,0.0,2,4509,
46,13,humoral_immunity,Medium,0.5,True,False,0.5485517892650464,0.28710734245519365,0.5503739660078839,0.0,0.0,1,4661,
46,14,tolerance_autoimmunity,Hard,0.8,False,False,0.16302775325597585,0.1527116545681278,0.5522420896207666,0.0,0.0,3,4308,
46,15,innate_immunity,Easy,0.2,,True,0.7790325170018239,0.9982166804703508,0.47261437796903716,0.0,0.0,0,5070,
46,16,antigen_recognition,Easy,0.2,,True,0.4249080415332519,0.8601156137434828,0.16658535271373429,0.0,0.0,0,5587,
46,17,cell_mediated_immunity,Medium,0.5,False,True,0.4690126277323899,0.22923474433387236,0.5517164480842772,0.0,0.0,0,4056,
46,18,humoral_immunity,Medium,0.5,False,False,0.5749909395699184,0.15531538550008267,0.5650094172573941,0.15,0.0,3,3863,
46,19,tolerance_autoimmunity,Hard,0.8,,False,0.18444050003820422,0.16872811447815084,0.5722823105356964,0.15,0.0,1,5435,
46,20,innate_immunity,Easy,0.2,True,False,0.8369471121818386,0.9973089386170011,0.5005965791082043,0.0,0.0,2,2637,
46,21,antigen_recognition,Easy,0.2,True,False,0.45004524632022974,0.8093605273657073,0.1749289850190749,0.0,0.0,1,4142,
46,22,cell_mediated_immunity,Medium,0.5,True,True,0.5769581659333596,0.8789620454737588,0.6140502676661628,0.0,0.0,0,4537,
46,23,humoral_immunity,Medium,0.5,,False,0.5962963013007813,0.16909764852134135,0.5766698223116868,0.3,0.0,2,6299,
46,24,tolerance_autoimmunity,Hard,0.8,False,False,0.20321730121859163,0.15268725035078062,0.5880473682131412,0.3,0.0,2,2010,
46,25,innate_immunity,Easy,0.2,True,True,0.8585841038426826,0.9998867521607099,0.5535916035806839,0.0,0.0,0,4442,
46,26,antigen_recognition,Easy,0.2,True,True,0.4624642308248737,0.9902266771215735,0.19144918705106634,0.0,0.0,0,4238,
46,27,cell_mediated_immunity,Medium,0.5,True,True,0.6646980940736062,0.9942588085876342,0.66771657079097,0.0,0.0,0,3522,
46,28,humoral_immunity,Medium,0.5,,False,0.6130186677700026,0.17108660917949034,0.5855859783542773,0.44999999999999996,0.0,2,3297,
46,29,tolerance_autoimmunity,Hard,0.8,False,True,0.2189636784958549,0.22822936578046266,0.6119079087937146,0.44999999999999996,0.0,0,4309,
46,30,innate_immunity,Easy,0.2,True,True,0.8929801118281234,0.9999952458751857,0.60096297290514,0.0,0.0,0,2736,
46,31,antigen_recognition,Easy,0.2,True,True,0.48717659325730056,0.9995859146169379,0.20763860898022735,0.0,0.0,0,1964,
46,32,cell_mediated_immunity,Medium,0.5,False,False,0.7322953165011766,0.7706382124446649,0.690818573126157,0.0,0.0,3,3830,
46,33,humoral_immunity,Medium,0.5,False,True,0.6256303141478514,0.23841898030740064,0.5982817812239143,0.6,0.0,0,3219,
46,34,tolerance_autoimmunity,Hard,0.8,,True,0.2444283220944707,0.6353101928149468,0.6425604414241417,0.24999999999999994,0.0,0,4581,
46,35,innate_immunity,Easy,0.2,False,True,0.917266832726373,0.9999928160157329,0.6433074505992555,0.0,0.0,0,5639,
46,36,antigen_recognition,Easy,0.2,,True,0.5114559082406082,0.9999217586731851,0.22350387393841892,0.0,0.0,0,3426,
46,37,cell_mediated_immunity,Medium,0.5,,False,0.7585802434757206,0.40140445468940766,0.7123144089631668,0.0,0.0,1,3807,
46,38,humoral_immunity,Medium,0.5,False,False,0.6432941718613199,0.15413756167292925,0.6021276749500041,0.75,0.0,1,4968,
46,39,tolerance_autoimmunity,Hard,0.8,False,False,0.2799645716588278,0.17252360172687292,0.6604404009867751,0.04999999999999993,0.0,1,4143,
46,40,innate_immunity,Easy,0.2,True,True,0.9346151771063442,0.9999996984479838,0.6754808201734066,0.0,0.15,0,2577,
46,41,antigen_recognition,Easy,0.2,True,True,0.5351974975519664,0.9999967155518691,0.2367193326682456,0.0,0.15,0,3336,
46,42,cell_mediated_immunity,Medium,0.5,True,True,0.7814073187639263,0.9416977049334945,0.7523170850626222,0.0,0.0,0,4716,
46,43,humoral_immunity,Medium,0.5,True,True,0.6485715169137044,0.8187657578430309,0.6158403436461947,0.55,0.0,0,3249,
46,44,tolerance_autoimmunity,Hard,0.8,False,False,0.3020915969083685,0.15276006522247385,0.6783199402758064,0.0,0.0,2,4533,
46,45,innate_immunity,Easy,0.2,True,True,0.9454676165787749,0.9999999873422575,0.699586644863578,0.0,0.3,0,2325,
46,46,antigen_recognition,Easy,0.2,False,True,0.554857284528258,0.9999950368466143,0.24741742461637659,0.0,0.3,0,5636,
46,47,cell_mediated_immunity,Medium,0.5,,True,0.8196388387104795,0.9884642410944731,0.786757389792171,0.0,0.0,0,3374,
46,48,humoral_immunity,Medium,0.5,True,False,0.6670876183356302,0.759969600013211,0.6254026103598924,0.35000000000000003,0.0,3,4225,
46,49,tolerance_autoimmunity,Hard,0.8,,False,0.3251770935796863,0.16873496741916943,0.6927173173212298,0.15,0.0,2,5349,
46,50,innate_immunity,Easy,0.2,True,True,0.95,0.9999999994686873,0.699586644863578,0.0,0.44999999999999996,0,4737,
46,51,antigen_recognition,Easy,0.2,False,False,0.570650226098101,0.9997300888512737,0.25419837702460246,0.0,0.09999999999999998,2,3447,
46,52,cell_mediated_immunity,Medium,0.5,,True,0.8481989373254395,0.9978012959804763,0.8164087707876623,0.0,0.0,0,3144,
46,53,humoral_immunity,Medium,0.5,False,True,0.6797048318819285,0.6943494009924036,0.6497891067804609,0.15000000000000002,0.0,0,3372,
46,54,tolerance_autoimmunity,Hard,0.8,True,False,0.3444115103995648,0.2371067623571842,0.7040433141996335,0.3,0.0,2,4930,
46,55,innate_immunity,Easy,0.2,,True,0.95,0.9999999998996408,0.699586644863578,0.0,0.6,0,2103,
46,56,antigen_recognition,Easy,0.2,False,False,0.5805886354049341,0.9855623373345307,0.2616648818851723,0.0,0.0,3,3722,
46,57,cell_mediated_immunity,Medium,0.5,True,True,0.8697162930409726,0.99990751541573,0.8381078742528424,0.0,0.15,0,4015,
46,58,humoral_immunity,Medium,0.5,,True,0.7106894015031275,0.9242606044950074,0.6766113680390085,0.0,0.0,0,2806,
46,59,tolerance_autoimmunity,Hard,0.8,False,False,0.3599133810956283,0.15410785582667227,0.7126143075211245,0.44999999999999996,0.0,3,4684,
47,0,innate_immunity,Easy,0.2,False,False,0.35339465014125926,0.151473136915078,0.14615724594990923,0.0,0.0,3,3646,
47,1,antigen_recognition,Easy,0.2,True,False,0.6007445588523265,0.2,0.28986802360239433,0.0,0.0,2,4280,
47,2,cell_mediated_immunity,Medium,0.5,False,True,0.5079996483116337,0.2,0.5678009940006764,0.0,0.0,0,4536,
47,3,humoral_immunity,Medium,0.5,False,False,0.0901228702764301,0.151473136915078,0.13081588187254617,0.0,0.0,2,4898,
47,4,tolerance_autoimmunity,Hard,0.8,False,False,0.05,0.151473136915078,0.14920465403348035,0.0,0.0,3,3931,
47,5,innate_immunity,Easy,0.2,False,False,0.41993103059832304,0.15236428212260275,0.19056944921216318,0.0,0.0,1,3647,
47,6,antigen_recognition,Easy,0.2,True,True,0.6316281920746275,0.8597938144329896,0.3321191458124865,0.0,0.0,0,5035,
47,7,cell_mediated_immunity,Medium,0.5,,False,0.6003217622231293,0.17575757575757575,0.5950904591500321,0.0,0.0,1,4973,
47,8,humoral_immunity,Medium,0.5,False,False,0.09840225787328696,0.15236428212260275,0.14669230503248468,0.0,0.0,3,5291,
47,9,tolerance_autoimmunity,Hard,0.8,False,False,0.05,0.15236428212260275,0.14920465403348035,0.0,0.0,1,4121,
47,10,innate_immunity,Easy,0.2,True,False,0.4858579467996484,0.22805207479018869,0.23267157396259308,0.0,0.0,3,3360,
47,11,antigen_recognition,Easy,0.2,False,False,0.688413969395446,0.2243237576011742,0.35198778750864473,0.0,0.0,2,4042,
47,12,cell_mediated_immunity,Medium,0.5,,False,0.6388884035749672,0.1720680393912265,0.6206568409562969,0.0,0.0,1,3670,
47,13,humoral_immunity,Medium,0.5,False,False,0.1071827903221106,0.15238064594829565,0.1622787311629141,0.0,0.0,2,3950,
47,14,tolerance_autoimmunity,Hard,0.8,,False,0.05,0.1686789605945943,0.14920465403348035,0.0,0.0,1,5693,
47,15,innate_immunity,Easy,0.2,True,False,0.5488510256361329,0.27112208580917685,0.2665969472058115,0.15,0.0,3,2519,
47,16,antigen_recognition,Easy,0.2,,True,0.7133942684327531,0.6306579117381039,0.39054293513415417,0.0,0.0,0,2497,
47,17,cell_mediated_immunity,Medium,0.5,,True,0.6734742711339795,0.5607755489746885,0.668561032195394,0.0,0.0,0,4944,
47,18,humoral_immunity,Medium,0.5,False,False,0.11646628569493905,0.15238094674800115,0.1752851983949347,0.15,0.0,3,3971,
47,19,tolerance_autoimmunity,Hard,0.8,False,False,0.05,0.1526863116330173,0.14920465403348035,0.15,0.0,1,3554,
47,20,innate_immunity,Easy,0.2,True,False,0.5985871508666778,0.2970757744802359,0.29330026196669257,0.3,0.0,2,5180,
47,21,antigen_recognition,Easy,0.2,True,False,0.7582772381033891,0.5664323429579293,0.40867354027890357,0.0,0.0,2,4817,
47,22,cell_mediated_immunity,Medium,0.5,True,True,0.7332874303116808,0.9683473488213892,0.710415789080496,0.0,0.0,0,3253,
47,23,humoral_immunity,Medium,0.5,False,False,0.12474006598270988,0.1523809522774055,0.18583010439635653,0.3,0.0,2,4694,
47,24,tolerance_autoimmunity,Hard,0.8,,False,0.05,0.16872452723675346,0.14920465403348035,0.3,0.0,3,2662,
47,25,innate_immunity,Easy,0.2,,True,0.6364066265819329,0.7070811931867527,0.3337347582345887,0.44999999999999996,0.0,0,3204,
47,26,antigen_recognition,Easy,0.2,True,True,0.7776530098622658,0.9690408265639229,0.44385602374131344,0.0,0.0,0,4690,
47,27,cell_mediated_immunity,Medium,0.5,True,True,0.7794552634721608,0.9986301520799682,0.7469850459366945,0.0,0.0,0,3835,
47,28,humoral_immunity,Medium,0.5,False,False,0.13181340100666897,0.15238095237904895,0.19400945102085965,0.44999999999999996,0.0,1,5637,
47,29,tolerance_autoimmunity,Hard,0.8,True,False,0.05,0.23710094322727804,0.14920465403348035,0.44999999999999996,0.0,3,4095,
47,30,innate_immunity,Easy,0.2,True,True,0.6904894573174678,0.9829597116753196,0.3857179375790918,0.24999999999999994,0.0,0,3705,
47,31,antigen_recognition,Easy,0.2,False,True,0.8120118710235421,0.9543172600395171,0.47694523516721316,0.0,0.0,0,3820,
47,32,cell_mediated_immunity,Medium,0.5,True,True,0.814860943181954,0.9999424252368436,0.7741435829718728,0.0,0.15,0,2458,
47,33,humoral_immunity,Medium,0.5,False,False,0.13753177884958995,0.1523809523809174,0.19989830552320462,0.6,0.0,1,3422,
47,34,tolerance_autoimmunity,Hard,0.8,False,False,0.05,0.15410772431679864,0.14920465403348035,0.6,0.0,2,5177,
47,35,innate_immunity,Easy,0.2,,True,0.7529313134874778,0.9967380463818847,0.44642592790360486,0.04999999999999993,0.0,0,2975,
47,36,antigen_recognition,Easy,0.2,True,True,0.8404622425237109,0.9979953995012283,0.5080657191420784,0.0,0.0,0,3211,
47,37,cell_mediated_immunity,Medium,0.5,True,True,0.8381953572359779,0.9999975831492685,0.7941086940201845,0.0,0.3,0,4052,
47,38,humoral_immunity,Medium,0.5,,False,0.141776805921225,0.16868131868131372,0.20355194829220272,0.75,0.0,1,5118,
47,39,tolerance_autoimmunity,Hard,0.8,False,False,0.05,0.15241275811577984,0.14920465403348035,0.75,0.0,1,4250,
47,40,innate_immunity,Easy,0.2,True,True,0.8143543085602275,0.9998626525937223,0.4953755207412433,0.0,0.15,0,4270,
47,41,antigen_recognition,Easy,0.2,False,True,0.8639384669149043,0.9969755414482842,0.5329442765005359,0.0,0.15,0,3589,
47,42,cell_mediated_immunity,Medium,0.5,,True,0.853791354009465,0.9999995434828926,0.8084088888267646,0.0,0.44999999999999996,0,4413,
47,43,humoral_immunity,Medium,0.5,False,False,0.14446517677969978,0.15268635666416155,0.20646151509861493,0.9,0.0,3,2959,
47,44,tolerance_autoimmunity,Hard,0.8,False,False,0.05,0.15238153706673174,0.14920465403348035,0.9,0.0,2,3546,
47,45,innate_immunity,Easy,0.2,True,True,0.8547376453609303,0.9999942340473998,0.5321224261552674,0.0,0.3,0,3671,
47,46,antigen_recognition,Easy,0.2,False,True,0.8805517692009879,0.9954404328056241,0.5523963507287988,0.0,0.3,0,5031,
47,47,cell_mediated_immunity,Medium,0.5,,True,0.8641803206868411,0.9999999137689602,0.8180866879493226,0.0,0.6,0,2512,
47,48,humoral_immunity,Medium,0.5,False,False,0.14663624410870754,0.15238656841658424,0.2093604527384634,1.0,0.0,3,2742,
47,49,tolerance_autoimmunity,Hard,0.8,False,True,0.05,0.22806154540518925,0.14920465403348035,1.0,0.0,0,4648,
47,50,innate_immunity,Easy,0.2,True,True,0.8800321401028283,0.9999997579710332,0.5588924856236713,0.0,0.44999999999999996,0,3189,
47,51,antigen_recognition,Easy,0.2,,True,0.892292820069873,0.9991356832664438,0.5670435802770829,0.0,0.44999999999999996,0,3233,
47,52,cell_mediated_immunity,Medium,0.5,,True,0.8708528006032648,0.9999999837119137,0.8238297795813041,0.0,0.75,0,4143,
47,53,humoral_immunity,Medium,0.5,False,False,0.1488261838234639,0.15238105561757292,0.21224880004198965,1.0,0.0,1,2560,
47,54,tolerance_autoimmunity,Hard,0.8,False,False,0.05,0.15390578325659274,0.14920465403348035,1.0,0.0,1,5033,
47,55,innate_immunity,Easy,0.2,True,True,0.8959818649876143,0.9999999898407571,0.577247674792697,0.0,0.6,0,3949,
47,56,antigen_recognition,Easy,0.2,True,True,0.90045240893667,0.999963690204967,0.5773475210708233,0.0,0.6,0,4792,
47,57,cell_mediated_immunity,Medium,0.5,True,True,0.8746790176707055,0.9999999993163026,0.8282792031327112,0.0,0.9,0,4101,
47,58,humoral_immunity,Medium,0.5,False,False,0.1510348926394868,0.1523809542786846,0.2151265956975814,1.0,0.0,3,3889,
47,59,tolerance_autoimmunity,Hard,0.8,False,False,0.05,0.15240903194566996,0.14920465403348035,1.0,0.0,2,4469,
48,0,innate_immunity,Easy,0.2,True,False,0.6853690812291161,0.2,0.3543259130051441,0.0,0.0,2,4671,
48,1,antigen_recognition,Easy,0.2,True,False,0.36160817512486454,0.2,0.15232499867323612,0.0,0.0,3,4075,
48,2,cell_mediated_immunity,Medium,0.5,False,False,0.15144442672831757,0.151473136915078,0.2364455579842808,0.0,0.0,2,4046,
48,3,humoral_immunity,Medium,0.5,False,False,0.28500070898600316,0.151473136915078,0.3863855803532574,0.0,0.0,2,5431,
48,4,tolerance_autoimmunity,Hard,0.8,False,False,0.05,0.151473136915078,0.15066938430753668,0.0,0.0,1,4763,
48,5,innate_immunity,Easy,0.2,True,True,0.7162540197452649,0.8597938144329896,0.4016577951882332,0.0,0.0,0,4382,
48,6,antigen_recognition,Easy,0.2,True,True,0.4289711643454615,0.8597938144329896,0.2414889228247827,0.0,0.0,0,5038,
48,7,cell_mediated_immunity,Medium,0.5,False,False,0.17060767778409497,0.15236428212260275,0.25939918213207475,0.0,0.0,3,4129,
48,8,humoral_immunity,Medium,0.5,False,True,0.3358849932851382,0.2275631655878054,0.4609322589570211,0.0,0.0,0,3776,
48,9,tolerance_autoimmunity,Hard,0.8,False,False,0.05,0.15236428212260275,0.15066938430753668,0.0,0.0,2,3650,
48,10,innate_immunity,Easy,0.2,,True,0.7702895306757378,0.9702751349961429,0.44551995926412546,0.0,0.0,0,3879,
48,11,antigen_recognition,Easy,0.2,False,True,0.5619139905989932,0.8089650898574672,0.3212740103258922,0.0,0.0,0,4283,
48,12,cell_mediated_immunity,Medium,0.5,False,False,0.1909877286809676,0.15238064594829565,0.28166278493688846,0.0,0.0,3,2423,
48,13,humoral_immunity,Medium,0.5,,True,0.4416652510957537,0.6345216370462498,0.52642242403548,0.0,0.0,0,3625,
48,14,tolerance_autoimmunity,Hard,0.8,False,False,0.05,0.15238064594829565,0.15066938430753668,0.0,0.0,1,4991,
48,15,innate_immunity,Easy,0.2,True,True,0.8135311104568393,0.9987160078900309,0.4861667569126641,0.0,0.0,0,3305,
48,16,antigen_recognition,Easy,0.2,False,True,0.6742880654327015,0.7486685344086833,0.3926667877090452,0.0,0.0,0,5505,
48,17,cell_mediated_immunity,Medium,0.5,False,False,0.21248294682551847,0.15238094674800115,0.3000179608193613,0.15,0.0,1,3013,
48,18,humoral_immunity,Medium,0.5,False,True,0.5395508341405975,0.5699640204931744,0.5839563316801225,0.0,0.0,0,4383,
48,19,tolerance_autoimmunity,Hard,0.8,,False,0.05,0.16868127533425692,0.15066938430753668,0.15,0.0,3,3666,
48,20,innate_immunity,Easy,0.2,,True,0.847742083592456,0.9997572257079027,0.5181838236672641,0.0,0.15,0,3910,
48,21,antigen_recognition,Easy,0.2,True,False,0.7606052666420764,0.6823119072844321,0.42460839999598765,0.0,0.0,3,5517,
48,22,cell_mediated_immunity,Medium,0.5,,False,0.23149438783521828,0.16868131788449775,0.31474773858949645,0.3,0.0,2,6209,
48,23,humoral_immunity,Medium,0.5,,False,0.6233373698009103,0.2708077284792415,0.6092284509738868,0.0,0.0,2,3820,
48,24,tolerance_autoimmunity,Hard,0.8,False,False,0.05,0.1526863558363833,0.15066938430753668,0.3,0.0,2,2769,
48,25,innate_immunity,Easy,0.2,True,True,0.8709183345133023,0.999989807121791,0.5429078862647901,0.0,0.3,0,2772,
48,26,antigen_recognition,Easy,0.2,True,True,0.7937452318755024,0.980895341308303,0.4851317997658222,0.0,0.0,0,3452,
48,27,cell_mediated_immunity,Medium,0.5,False,True,0.24758882030799115,0.23707685988735688,0.3374074524072187,0.44999999999999996,0.0,0,4275,
48,28,humoral_immunity,Medium,0.5,False,True,0.6582197163428167,0.296882325310202,0.6567024348635012,0.0,0.0,0,4275,
48,29,tolerance_autoimmunity,Hard,0.8,,False,0.05,0.16872453349349098,0.15066938430753668,0.44999999999999996,0.0,1,3848,
48,30,innate_immunity,Easy,0.2,,True,0.8866979685433517,0.9999980746632968,0.5613371012208312,0.0,0.44999999999999996,0,3133,
48,31,antigen_recognition,Easy,0.2,True,True,0.8469388263136312,0.9991832427477881,0.5392889579713488,0.0,0.0,0,3468,
48,32,cell_mediated_immunity,Medium,0.5,False,False,0.27377460184812696,0.15410718006440463,0.3453748739628703,0.6,0.0,1,2966,
48,33,humoral_immunity,Medium,0.5,,True,0.7191430054324697,0.7069032906538052,0.698408907909585,0.0,0.0,0,3497,
48,34,tolerance_autoimmunity,Hard,0.8,False,False,0.05,0.15268718195913986,0.15066938430753668,0.6,0.0,3,4309,
48,35,innate_immunity,Easy,0.2,True,True,0.8973409518786308,0.9999999191832496,0.5741997767169122,0.0,0.6,0,4015,
48,36,antigen_recognition,Easy,0.2,True,True,0.8844981370211571,0.9999656897229453,0.5877495169626213,0.0,0.0,0,3163,
48,37,cell_mediated_immunity,Medium,0.5,False,False,0.28338126002504727,0.15241274807101263,0.35029463419014734,0.75,0.0,3,5258,
48,38,humoral_immunity,Medium,0.5,True,False,0.7668221531363302,0.6393203258130563,0.7167287301725344,0.0,0.0,1,3523,
48,39,tolerance_autoimmunity,Hard,0.8,False,False,0.05,0.15238658359819943,0.15066938430753668,0.75,0.0,1,2268,
48,40,innate_immunity,Easy,0.2,,True,0.9042355759957027,0.9999999847346128,0.5820032205935939,0.0,0.75,0,4410,
48,41,antigen_recognition,Easy,0.2,True,True,0.9110478715483847,0.9999985597685566,0.6246082070642912,0.0,0.15,0,3812,
48,42,cell_mediated_immunity,Medium,0.5,False,False,0.28941391730581817,0.1523815368820717,0.3542008632559452,0.9,0.0,3,4162,
48,43,humoral_immunity,Medium,0.5,True,True,0.7858976474903001,0.9769610241174909,0.751142739415774,0.0,0.0,0,3033,
48,44,tolerance_autoimmunity,Hard,0.8,False,False,0.05,0.15238105589665038,0.15066938430753668,0.9,0.0,1,2692,
48,45,innate_immunity,Easy,0.2,True,True,0.90821392251223,0.9999999993592307,0.5881315676077532,0.0,0.9,0,5703,
48,46,antigen_recognition,Easy,0.2,,True,0.9274154298290977,0.9999997279559781,0.6522484981074749,0.0,0.3,0,2536,
48,47,cell_mediated_immunity,Medium,0.5,False,False,0.2942575800099753,0.1523809631254655,0.35808360686769347,1.0,0.0,1,3337,
48,48,humoral_immunity,Medium,0.5,True,False,0.8185948635519814,0.9657984127559435,0.766259302544836,0.0,0.0,1,3281,
48,49,tolerance_autoimmunity,Hard,0.8,False,False,0.05,0.15238095428381468,0.15066938430753668,1.0,0.0,1,4815,
48,50,innate_immunity,Easy,0.2,True,True,0.9112334640903523,0.9999999999731035,0.5941700655154689,0.0,1.0,0,1983,
48,51,antigen_recognition,Easy,0.2,,True,0.9378180383197439,0.9999999486138962,0.6723668083907675,0.0,0.44999999999999996,0,5032,
48,52,cell_mediated_immunity,Medium,0.5,False,False,0.2991186370632395,0.15238095257846182,0.3619430062271862,1.0,0.0,1,3684,
48,53,humoral_immunity,Medium,0.5,False,True,0.831676499332735,0.9496567929551186,0.7946559504916705,0.0,0.0,0,4437,
48,54,tolerance_autoimmunity,Hard,0.8,,False,0.05,0.16868131895049207,0.15066938430753668,1.0,0.0,1,3868,
48,55,innate_immunity,Easy,0.2,True,True,0.9141207467517969,0.999999999998871,0.6001200316151757,0.0,1.0,0,4965,
48,56,antigen_recognition,Easy,0.2,True,True,0.9444962353112062,0.9999999978430524,0.6861518373230592,0.0,0.6,0,5039,
48,57,cell_mediated_immunity,Medium,0.5,False,False,0.30399576755189606,0.15238095238458307,0.3657792016872687,1.0,0.0,1,2431,
48,58,humoral_immunity,Medium,0.5,True,True,0.8542007676920291,0.9977806149641838,0.8196027515637597,0.0,0.0,0,4636,
48,59,tolerance_autoimmunity,Hard,0.8,False,False,0.05,0.15268635666930194,0.15066938430753668,1.0,0.0,3,4832,
49,0,innate_immunity,Easy,0.2,,True,0.5667265666968618,0.43333333333333335,0.3147660769676448,0.0,0.0,0,3781,
49,1,antigen_recognition,Easy,0.2,,False,0.6027589689767542,0.16164383561643833,0.3075388591170075,0.0,0.0,3,1948,
49,2,cell_mediated_immunity,Medium,0.5,True,False,0.10062710570138939,0.2,0.19533430845926533,0.0,0.0,3,2039,
49,3,humoral_immunity,Medium,0.5,False,False,0.5772639102462302,0.151473136915078,0.56382874517364,0.0,0.0,1,3909,
49,4,tolerance_autoimmunity,Hard,0.8,False,False,0.05,0.151473136915078,0.07104990875192142,0.0,0.0,3,3810,
49,5,innate_immunity,Easy,0.2,True,True,0.6656546299965769,0.9484388938447815,0.378290167902561,0.0,0.0,0,4351,
49,6,antigen_recognition,Easy,0.2,True,True,0.6559354624371788,0.8266866566716642,0.3796627677554867,0.0,0.0,0,5029,
49,7,cell_mediated_immunity,Medium,0.5,,False,0.13847740051015525,0.17575757575757575,0.2515000753296617,0.0,0.0,3,4449,
49,8,humoral_immunity,Medium,0.5,True,False,0.5945898262871276,0.22756316558780537,0.5754160196005845,0.0,0.0,3,3543,
49,9,tolerance_autoimmunity,Hard,0.8,False,False,0.05,0.15236428212260275,0.07104990875192142,0.0,0.0,1,3744,
49,10,innate_immunity,Easy,0.2,True,True,0.744547659479288,0.9977241564601902,0.4359253061842721,0.0,0.0,0,4697,
49,11,antigen_recognition,Easy,0.2,True,True,0.7461108839670816,0.991290126712435,0.4442745462682832,0.0,0.0,0,5143,
49,12,cell_mediated_immunity,Medium,0.5,,False,0.18377174812957647,0.1720680393912265,0.30374546458075197,0.0,0.0,1,2760,
49,13,humoral_immunity,Medium,0.5,True,True,0.6112325441127897,0.8779741264725345,0.5979749161061831,0.0,0.0,0,667,
49,14,tolerance_autoimmunity,Hard,0.8,False,False,0.05,0.15238064594829565,0.07104990875192142,0.0,0.0,1,3588,
49,15,innate_immunity,Easy,0.2,True,True,0.8046401375521001,0.9999042636435814,0.48037360522301054,0.0,0.15,0,4204,
49,16,antigen_recognition,Easy,0.2,True,False,0.8123948919714619,0.9869269748927004,0.4732155867733968,0.0,0.0,2,3924,
49,17,cell_mediated_immunity,Medium,0.5,True,False,0.2354971012638338,0.23896748272481935,0.34505432089267646,0.15,0.0,3,2186,
49,18,humoral_immunity,Medium,0.5,,True,0.6428715683810944,0.9745336855732394,0.6193352186114345,0.0,0.0,0,3320,
49,19,tolerance_autoimmunity,Hard,0.8,False,False,0.05,0.15238094674800115,0.07104990875192142,0.15,0.0,2,3124,
49,20,innate_immunity,Easy,0.2,False,True,0.8432011319404533,0.9998553424995091,0.5140937046972834,0.0,0.3,0,4772,
49,21,antigen_recognition,Easy,0.2,True,True,0.8374387837305995,0.9994443504325647,0.5280832878595294,0.0,0.0,0,2982,
49,22,cell_mediated_immunity,Medium,0.5,False,False,0.28299084237383326,0.1541500083496597,0.3770550246614132,0.3,0.0,3,3482,
49,23,humoral_immunity,Medium,0.5,True,True,0.6717280767400072,0.9989045235098218,0.6395606105317624,0.0,0.0,0,3317,
49,24,tolerance_autoimmunity,Hard,0.8,False,False,0.05,0.1523809522774055,0.07104990875192142,0.3,0.0,2,3047,
49,25,innate_immunity,Easy,0.2,True,True,0.8681342750904671,0.9999939271216642,0.5388687706391958,0.0,0.44999999999999996,0,2841,
49,26,antigen_recognition,Easy,0.2,,True,0.8774498777873556,0.9998949985919391,0.5772361945309263,0.0,0.0,0,3525,
49,27,cell_mediated_immunity,Medium,0.5,False,False,0.3235138929693821,0.1524135385521772,0.4009699255254317,0.44999999999999996,0.0,2,3149,
49,28,humoral_immunity,Medium,0.5,True,True,0.6979096826545546,0.9999539691006081,0.6558387744995129,0.0,0.15,0,2857,
49,29,tolerance_autoimmunity,Hard,0.8,False,False,0.05,0.15238095237904895,0.07104990875192142,0.44999999999999996,0.0,3,3654,
49,30,innate_immunity,Easy,0.2,False,True,0.8842403262356547,0.9999908232494154,0.5559682989387965,0.0,0.6,0,3864,
49,31,antigen_recognition,Easy,0.2,True,True,0.9058016056289556,0.9999955920935085,0.6212695363043378,0.0,0.0,0,4974,
49,32,cell_mediated_immunity,Medium,0.5,False,False,0.355676241601531,0.15238155141405896,0.417694875459297,0.6,0.0,1,4363,
49,33,humoral_immunity,Medium,0.5,,False,0.718095184108631,0.9996870907086077,0.6649817212729661,0.0,0.0,1,4665,
49,34,tolerance_autoimmunity,Hard,0.8,False,False,0.05,0.1523809523809174,0.07104990875192142,0.6,0.0,1,5217,
49,35,innate_immunity,Easy,0.2,True,True,0.8943352911071394,0.9999996147997016,0.5662592044267264,0.0,0.75,0,4619,
49,36,antigen_recognition,Easy,0.2,,True,0.926055353568184,0.9999991673925861,0.6547994945750053,0.0,0.15,0,6253,
49,37,cell_mediated_immunity,Medium,0.5,True,False,0.3789915576167785,0.22806155327998218,0.4278561182636743,0.75,0.0,3,4539,
49,38,humoral_immunity,Medium,0.5,False,True,0.7290662594600342,0.999527274342091,0.6827818339154104,0.0,0.0,0,4051,
49,39,tolerance_autoimmunity,Hard,0.8,True,False,0.05,0.22806122448977673,0.07104990875192142,0.75,0.0,2,3887,
49,40,innate_immunity,Easy,0.2,True,True,0.9000297544945812,0.9999999838310927,0.5743011266999991,0.0,0.9,0,3978,
49,41,antigen_recognition,Easy,0.2,True,True,0.9387046533418917,0.9999999650510192,0.6799677614591759,0.0,0.3,0,6043,
49,42,cell_mediated_immunity,Medium,0.5,False,True,0.3934428119290545,0.2711276779528593,0.44383040433837734,0.9,0.0,0,3427,
49,43,humoral_immunity,Medium,0.5,,False,0.7496395860259272,0.9967960675936017,0.6912090145307342,0.0,0.0,2,3532,
49,44,tolerance_autoimmunity,Hard,0.8,False,False,0.05,0.15390577616957368,0.07104990875192142,0.9,0.0,3,3603,
49,45,innate_immunity,Easy,0.2,,False,0.9042882206120367,0.9999998900514426,0.5802207403595355,0.0,0.7,2,4690,
49,46,antigen_recognition,Easy,0.2,True,True,0.946839128121644,0.9999999985330057,0.6983010454719789,0.0,0.44999999999999996,0,3599,
49,47,cell_mediated_immunity,Medium,0.5,False,True,0.41653412542104856,0.29707921631937234,0.4671228291394305,0.7,0.0,0,2440,
49,48,humoral_immunity,Medium,0.5,,True,0.7590090074165476,0.9993933009054325,0.707615624776627,0.0,0.0,0,4216,
49,49,tolerance_autoimmunity,Hard,0.8,False,False,0.05,0.15240903181493257,0.07104990875192142,1.0,0.0,1,4617,
49,50,innate_immunity,Easy,0.2,True,True,0.9073184815146127,0.9999999953848748,0.5996783992448309,0.0,0.49999999999999994,0,3575,
49,51,antigen_recognition,Easy,0.2,True,True,0.95,0.9999999999384225,0.6983010454719789,0.0,0.6,0,3824,
49,52,cell_mediated_immunity,Medium,0.5,False,False,0.4508435413081879,0.1555763024823565,0.4857202760442461,0.49999999999999994,0.0,3,3973,
49,53,humoral_immunity,Medium,0.5,,True,0.7765535384058997,0.9998853471801001,0.7231505228533592,0.0,0.0,0,3466,
49,54,tolerance_autoimmunity,Hard,0.8,False,False,0.05,0.15238146856380366,0.07104990875192142,1.0,0.0,2,4080,
49,55,innate_immunity,Easy,0.2,True,True,0.9166800431168101,0.9999999998062786,0.6256564564313944,0.0,0.29999999999999993,0,3385,
49,56,antigen_recognition,Easy,0.2,True,True,0.95,0.9999999999974152,0.6983010454719789,0.0,0.75,0,4642,
49,57,cell_mediated_immunity,Medium,0.5,,True,0.4785935074913368,0.5352850660648657,0.5359757815787104,0.29999999999999993,0.0,0,4729,
49,58,humoral_immunity,Medium,0.5,False,True,0.7923095048712394,0.9998267622982997,0.7378600243675354,0.0,0.0,0,4963,
49,59,tolerance_autoimmunity,Hard,0.8,,False,0.05,0.16868139169908625,0.07104990875192142,1.0,0.0,3,3234,
