learner_id,encounter_idx,kc,tier,difficulty,quiz_outcome,combat_outcome,success_prob_true,model_mastery,true_skill,frustration,boredom,retries,latency_ms,event
0,0,innate_immunity,Easy,0.2,True,True,0.6025866106724274,0.7384615384615385,0.3325799218475947,0.0,0.0,0,3258,
0,1,antigen_recognition,Hard,0.8,False,True,0.05,0.2,0.25912563317704135,0.0,0.0,0,4499,
0,2,cell_mediated_immunity,Easy,0.2,False,True,0.7348905869697027,0.2,0.4525457102276125,0.0,0.0,0,4421,
0,3,humoral_immunity,Easy,0.2,,False,0.6724857486021991,0.16164383561643833,0.33944365116145603,0.0,0.0,3,3391,
0,4,tolerance_autoimmunity,Hard,0.8,,False,0.3013548291678562,0.16164383561643833,0.6753552793852279,0.0,0.0,2,1762,
0,5,humoral_immunity,Medium,0.5,,False,0.27621035106896574,0.17000398883127243,0.35841792828246444,0.0,0.0,2,3412,
0,6,tolerance_autoimmunity,Medium,0.5,True,True,0.7411840294013176,0.8266866566716642,0.704938473479459,0.0,0.0,0,2640,
0,7,humoral_immunity,Hard,0.8,False,False,0.06602030016770617,0.1527116545681278,0.37684717515299104,0.0,0.0,1,4583,
0,8,humoral_immunity,Medium,0.5,,True,0.3232410225629061,0.5306618339800035,0.4072769583106273,0.15,0.0,0,5017,
0,9,antigen_recognition,Medium,0.5,False,False,0.19073425867415073,0.15330739299610896,0.30432237440383064,0.0,0.0,1,3582,
0,10,antigen_recognition,Medium,0.5,False,False,0.236120866633315,0.15239800083060046,0.3467619067042521,0.0,0.0,3,4883,
0,11,antigen_recognition,Hard,0.8,,False,0.061836608836193595,0.168683730347086,0.38063485362568433,0.15,0.0,2,4058,
0,12,antigen_recognition,Medium,0.5,False,False,0.32823232835070554,0.15268640271873615,0.4070837378756954,0.3,0.0,2,3377,
0,13,antigen_recognition,Easy,0.2,True,True,0.7759992975635683,0.8171674109640961,0.44687141642858313,0.44999999999999996,0.0,0,5386,
0,14,cell_mediated_immunity,Hard,0.8,,False,0.1105902866038939,0.17575757575757575,0.48843728077656245,0.0,0.0,1,4903,
0,15,cell_mediated_immunity,Hard,0.8,True,False,0.13361390453931743,0.24103405826836272,0.5219757693229843,0.0,0.0,3,3312,
0,16,cell_mediated_immunity,Easy,0.2,True,True,0.8734545557420016,0.8856149209317216,0.5846551225401633,0.0,0.0,0,3267,
0,17,humoral_immunity,Hard,0.8,False,False,0.08656329139244691,0.16475589068030125,0.4191950087360863,0.3,0.0,3,4845,
0,18,humoral_immunity,Medium,0.5,,False,0.38111225392173936,0.17045398919102267,0.4283709029384294,0.44999999999999996,0.0,2,5778,
0,19,humoral_immunity,Easy,0.2,True,False,0.797416570736962,0.23806569098001062,0.43493885064926374,0.6,0.0,1,4231,
0,20,humoral_immunity,Medium,0.5,True,True,0.40362898105636025,0.883992212691718,0.4430544541529983,0.75,0.0,0,2428,
0,21,innate_immunity,Medium,0.5,,False,0.2609686468163915,0.3430278884462152,0.35564082361544674,0.0,0.0,3,4458,
0,22,innate_immunity,Hard,0.8,,False,0.06500025532145186,0.2020778481463033,0.383511647343547,0.0,0.0,3,2617,
0,23,innate_immunity,Easy,0.2,True,True,0.7504605159639575,0.861301835077995,0.43684227050227004,0.0,0.0,0,3618,
0,24,tolerance_autoimmunity,Hard,0.8,True,True,0.3205814377483827,0.9886803474462543,0.7044487846881105,0.0,0.0,0,3688,
0,25,,,,,,,,,,,,,all_kcs_mastered
1,0,innate_immunity,Hard,0.8,False,False,0.08253469863385227,0.151473136915078,0.42799353033833504,0.0,0.0,3,2656,
1,1,antigen_recognition,Hard,0.8,True,False,0.05,0.2,0.07903573775400756,0.0,0.0,1,1839,
1,2,cell_mediated_immunity,Hard,0.8,,False,0.05,0.16164383561643833,0.29108119635934826,0.0,0.0,3,4642,
1,3,humoral_immunity,Hard,0.8,False,False,0.05,0.151473136915078,0.16636634647597098,0.0,0.0,1,4670,
1,4,tolerance_autoimmunity,Medium,0.5,,False,0.2631082852643557,0.16164383561643833,0.35934702306180566,0.0,0.0,1,4960,
1,5,innate_immunity,Hard,0.8,False,False,0.09691005999462604,0.15236428212260275,0.4559498385318216,0.0,0.0,2,3462,
1,6,humoral_immunity,Hard,0.8,False,True,0.05,0.2275631655878054,0.16636634647597098,0.0,0.0,0,3304,
1,7,innate_immunity,Medium,0.5,False,False,0.4343067302660045,0.15238064594829565,0.482539806990949,0.0,0.0,1,5601,
1,8,innate_immunity,Hard,0.8,False,False,0.12957055361487788,0.15238094674800115,0.5040366532518871,0.15,0.0,3,5268,
1,9,innate_immunity,Medium,0.5,False,False,0.5060546839053216,0.1523809522774055,0.5210044909195188,0.3,0.0,2,2369,
1,10,innate_immunity,Easy,0.2,True,True,0.8728090103349663,0.8168280870518685,0.5467560190296424,0.44999999999999996,0.0,0,3873,
1,11,cell_mediated_immunity,Easy,0.2,False,False,0.6333202061273915,0.15255307234129206,0.3069441162209229,0.0,0.0,1,2373,
1,12,cell_mediated_immunity,Medium,0.5,False,False,0.23896990091783374,0.15238411698161172,0.32245208397057373,0.0,0.0,3,4744,
1,13,cell_mediated_immunity,Medium,0.5,False,False,0.25630030462640085,0.1523810105539718,0.3353388983748222,0.15,0.0,2,3159,
1,14,cell_mediated_immunity,Easy,0.2,True,True,0.6925426380923022,0.8168281518878782,0.356160538357365,0.3,0.0,0,5164,
1,15,tolerance_autoimmunity,Hard,0.8,False,False,0.06636486981148872,0.15255307234129206,0.38890976702602964,0.0,0.0,1,2090,
1,16,tolerance_autoimmunity,Medium,0.5,,True,0.33927171173198933,0.5304041339347053,0.445306926632736,0.0,0.0,0,4478,
1,17,antigen_recognition,Easy,0.2,False,False,0.3261202347642164,0.15330739299610896,0.12714921192864626,0.0,0.0,3,4283,
1,18,antigen_recognition,Medium,0.5,,False,0.0964676035588958,0.16881249297831702,0.17274911799640946,0.0,0.0,1,6296,
1,19,antigen_recognition,Easy,0.2,,True,0.45921449976549705,0.555890142018771,0.2462191281630065,0.15,0.0,0,3327,
1,20,humoral_immunity,Medium,0.5,,False,0.1190138616385967,0.17832828958021013,0.1917023560069404,0.0,0.0,3,5382,
1,21,humoral_immunity,Easy,0.2,False,True,0.4875561042243511,0.24247823863247808,0.24083433796447543,0.0,0.0,0,3898,
1,22,humoral_immunity,Easy,0.2,False,True,0.5609469348815864,0.2796933242027482,0.28697985612489924,0.0,0.0,0,3543,
1,23,humoral_immunity,Easy,0.2,True,True,0.6275870662435717,0.9040959554260947,0.330320441247935,0.0,0.0,0,2496,
1,24,tolerance_autoimmunity,Medium,0.5,True,True,0.4186887703731042,0.9643937081702953,0.49649922541843855,0.0,0.0,0,4748,
1,25,antigen_recognition,Hard,0.8,False,True,0.05,0.5011966893069446,0.2462191281630065,0.0,0.0,0,3634,
1,26,antigen_recognition,Hard,0.8,False,False,0.05,0.1631386994215543,0.2462191281630065,0.0,0.0,1,3244,
1,27,antigen_recognition,Medium,0.5,False,True,0.17906644577687883,0.23399573333954374,0.32497792043583584,0.0,0.0,0,4338,
1,28,antigen_recognition,Easy,0.2,,False,0.6791498323312444,0.18126303672072847,0.3602427604777466,0.0,0.0,2,3398,
1,29,antigen_recognition,Easy,0.2,True,False,0.7234133384794695,0.24413123944351878,0.3886518996605381,0.15,0.0,1,3564,
1,30,antigen_recognition,Hard,0.8,False,False,0.07812578715775054,0.15426805219513604,0.4110087462508332,0.3,0.0,2,4989,
1,31,antigen_recognition,Hard,0.8,,False,0.08835019517706186,0.16894877191349486,0.4279324523607546,0.44999999999999996,0.0,1,4127,
1,32,antigen_recognition,Hard,0.8,,False,0.09687799201406842,0.17106482358108233,0.4398869475818245,0.6,0.0,3,3771,
1,33,antigen_recognition,Easy,0.2,True,True,0.8083495885732184,0.8358734562818136,0.4545178002582782,0.75,0.0,0,3877,
1,34,innate_immunity,Easy,0.2,True,True,0.8856014488134506,0.9880528057181005,0.574739190176891,0.24999999999999994,0.0,0,4202,
1,35,cell_mediated_immunity,Medium,0.5,True,False,0.2665277436507699,0.7117190075670888,0.3395112930704035,0.44999999999999996,0.0,2,4318,
1,36,cell_mediated_immunity,Easy,0.2,,True,0.6978472928789877,0.9298087414628455,0.361680149447946,0.24999999999999994,0.0,0,6684,
1,37,,,,,,,,,,,,,all_kcs_mastered
2,0,innate_immunity,Hard,0.8,False,False,0.05,0.151473136915078,0.22556477329750954,0.0,0.0,1,3963,
2,1,antigen_recognition,Hard,0.8,,False,0.05,0.16164383561643833,0.20667183933960662,0.0,0.0,1,3404,
2,2,cell_mediated_immunity,Medium,0.5,False,False,0.09268015150160472,0.151473136915078,0.16164794769787594,0.0,0.0,3,2917,
2,3,humoral_immunity,Easy,0.2,True,True,0.8245295661699567,0.7384615384615385,0.5360105619898515,0.0,0.0,0,2679,
2,4,tolerance_autoimmunity,Easy,0.2,True,True,0.649976591531009,0.7384615384615385,0.40924777708178894,0.0,0.0,0,3845,
2,5,innate_immunity,Hard,0.8,False,False,0.05,0.15236428212260275,0.22556477329750954,0.0,0.0,3,3749,
2,6,cell_mediated_immunity,Medium,0.5,False,False,0.11607739778903918,0.15236428212260275,0.20152756229549956,0.0,0.0,1,3226,
2,7,innate_immunity,Medium,0.5,False,True,0.1615674600266373,0.22805207479018869,0.2845237699709009,0.0,0.0,0,4444,
2,8,cell_mediated_immunity,Easy,0.2,True,True,0.5022913274032016,0.8168095390336143,0.2774927203577716,0.0,0.0,0,2846,
2,9,antigen_recognition,Hard,0.8,False,False,0.05,0.15255307234129206,0.20667183933960662,0.0,0.0,2,4739,
2,10,antigen_recognition,Easy,0.2,,True,0.5100064227841916,0.5304041339347053,0.3008624452307771,0.0,0.0,0,4519,
2,11,innate_immunity,Medium,0.5,False,False,0.2153695622692716,0.15390557411223033,0.3076736702659352,0.15,0.0,2,3270,
2,12,innate_immunity,Medium,0.5,False,False,0.23976688487144143,0.15240902808749124,0.3261214403666367,0.3,0.0,2,2640,
2,13,innate_immunity,Hard,0.8,False,False,0.05503017327440258,0.15238146849528006,0.3402298908297418,0.44999999999999996,0.0,3,3360,
2,14,innate_immunity,Easy,0.2,True,True,0.6987556424466543,0.8168286613724626,0.3603216337311613,0.6,0.0,0,5157,
2,15,antigen_recognition,Medium,0.5,False,False,0.23239704061546743,0.1647408959003254,0.3361406341177327,0.15,0.0,3,4191,
2,16,antigen_recognition,Medium,0.5,,False,0.2722659746223768,0.17045181409395674,0.3637272768841065,0.3,0.0,3,4108,
2,17,antigen_recognition,Hard,0.8,True,False,0.06801196451477447,0.23806447665232058,0.3845017835452796,0.44999999999999996,0.0,2,3507,
2,18,antigen_recognition,Easy,0.2,True,True,0.751571393823453,0.8839915420616126,0.4137326379672607,0.6,0.0,0,2648,
2,19,humoral_immunity,Easy,0.2,True,True,0.8824733394487051,0.9853892821031346,0.602873291200708,0.0,0.0,0,4013,
2,20,tolerance_autoimmunity,Hard,0.8,False,False,0.08022471533931504,0.18011187072715973,0.4396227618465397,0.0,0.0,2,5627,
2,21,tolerance_autoimmunity,Medium,0.5,,True,0.4104117642618281,0.5725536537948386,0.5249379716232515,0.0,0.0,0,3996,
2,22,tolerance_autoimmunity,Hard,0.8,False,False,0.16105865604684336,0.1674252038381546,0.5611011255206741,0.0,0.0,1,3190,
2,23,tolerance_autoimmunity,Hard,0.8,,False,0.19257052759290091,0.17084225716829712,0.5894998852738365,0.15,0.0,1,1858,
2,24,tolerance_autoimmunity,Medium,0.5,False,True,0.6311141054690613,0.2382824958333645,0.6519968980301543,0.0,0.0,0,3783,
2,25,tolerance_autoimmunity,Easy,0.2,False,True,0.9377299472118457,0.27718798686058554,0.7049789887113128,0.0,0.0,0,4921,
2,26,tolerance_autoimmunity,Medium,0.5,,True,0.7737965087061445,0.68815180025675,0.7498947664284284,0.0,0.0,0,3160,
2,27,tolerance_autoimmunity,Easy,0.2,,True,0.95,0.9222330832896036,0.7498947664284284,0.0,0.15,0,5661,
2,28,cell_mediated_immunity,Easy,0.2,False,False,0.6055433375849222,0.19364006381738746,0.30089467218263494,0.15,0.0,3,3391,
2,29,cell_mediated_immunity,Hard,0.8,False,False,0.05,0.15317744992960905,0.30089467218263494,0.3,0.0,2,1912,
2,30,cell_mediated_immunity,Hard,0.8,,False,0.05,0.16879407959256357,0.30089467218263494,0.44999999999999996,0.0,2,4150,
2,31,cell_mediated_immunity,Hard,0.8,,False,0.05,0.17104219400521326,0.30089467218263494,0.6,0.0,1,3702,
2,32,cell_mediated_immunity,Hard,0.8,False,False,0.05,0.15273156717487907,0.30089467218263494,0.75,0.0,3,3347,
2,33,cell_mediated_immunity,Easy,0.2,False,True,0.6468834651528901,0.22825369735819,0.31419698400256446,0.9,0.0,0,2503,
2,34,cell_mediated_immunity,Hard,0.8,,False,0.051425894004313535,0.18030441283585372,0.32072158423292435,1.0,0.0,3,3230,
2,35,cell_mediated_immunity,Medium,0.5,True,False,0.25432620939052925,0.2435907862856799,0.32718411065028985,1.0,0.0,1,4649,
2,36,cell_mediated_immunity,Easy,0.2,,True,0.6820274100751844,0.6529423385659723,0.3399861969760733,0.8,0.0,0,3647,
2,37,cell_mediated_immunity,Easy,0.2,True,True,0.6984477732576017,0.9782595645825197,0.36510318311231815,0.6000000000000001,0.0,0,4602,
2,38,innate_immunity,Medium,0.5,,True,0.28017730191399337,0.948758571990969,0.3727594074583532,0.39999999999999997,0.0,0,4520,
2,39,,,,,,,,,,,,,all_kcs_mastered
3,0,innate_immunity,Medium,0.5,False,False,0.08386977589376575,0.151473136915078,0.14617170854915063,0.0,0.0,1,5056,
3,1,antigen_recognition,Easy,0.2,True,True,0.41259262418875936,0.7384615384615385,0.2512857918500027,0.0,0.0,0,3357,
3,2,cell_mediated_immunity,Medium,0.5,False,False,0.14372953184824255,0.151473136915078,0.22894950644010673,0.0,0.0,1,3824,
3,3,humoral_immunity,Hard,0.8,,False,0.05,0.16164383561643833,0.07325636235998688,0.0,0.0,1,3344,
3,4,tolerance_autoimmunity,Easy,0.2,False,False,0.41043168902282295,0.151473136915078,0.20182026416653182,0.0,0.0,2,3158,
3,5,innate_immunity,Hard,0.8,False,False,0.05,0.15236428212260275,0.14617170854915063,0.0,0.0,3,2845,
3,6,cell_mediated_immunity,Easy,0.2,False,True,0.5433154098365273,0.2275631655878054,0.2799859698480705,0.0,0.0,0,2854,
3,7,tolerance_autoimmunity,Easy,0.2,False,False,0.5027303691097509,0.15236428212260275,0.2595096375364555,0.0,0.0,3,3746,
3,8,innate_immunity,Easy,0.2,True,True,0.4199521683222361,0.8168095390336143,0.23104099594317953,0.0,0.0,0,3869,
3,9,tolerance_autoimmunity,Medium,0.5,,False,0.19109014937793437,0.1686789605945943,0.31302944401510846,0.0,0.0,2,5272,
3,10,humoral_immunity,Easy,0.2,,False,0.31854600722149845,0.17000398883127243,0.10631115645685713,0.0,0.0,2,2753,
3,11,tolerance_autoimmunity,Medium,0.5,,False,0.24567323011051848,0.1710253581818954,0.35523330393699365,0.15,0.0,1,4776,
3,12,humoral_immunity,Easy,0.2,,False,0.36305405430061405,0.1712193807621569,0.13818696278579526,0.0,0.0,2,5186,
3,13,tolerance_autoimmunity,Hard,0.8,False,True,0.06485181069105776,0.23838476518477106,0.42047507717941035,0.3,0.0,0,3005,
3,14,humoral_immunity,Easy,0.2,False,False,0.4083288289167649,0.15273497047817905,0.16431500255578887,0.15,0.0,3,4591,
3,15,humoral_immunity,Easy,0.2,False,False,0.44667605952126677,0.1523874627357057,0.1851798632129326,0.3,0.0,2,3391,
3,16,humoral_immunity,Medium,0.5,False,False,0.1313675657422927,0.15238107205749352,0.2011643716729392,0.44999999999999996,0.0,2,4674,
3,17,humoral_immunity,Medium,0.5,False,False,0.1427036238033461,0.15238095458088907,0.2125614166114239,0.6,0.0,1,4631,
3,18,humoral_immunity,Easy,0.2,True,False,0.5188332107299938,0.22806122569727075,0.2195829431643667,0.75,0.0,1,4197,
3,19,cell_mediated_immunity,Medium,0.5,False,False,0.2108042883087079,0.15389478410989638,0.30381512890444495,0.0,0.0,1,3694,
3,20,cell_mediated_immunity,Medium,0.5,False,False,0.23557236302713855,0.15240882904207578,0.32339957369520195,0.15,0.0,1,2578,
3,21,cell_mediated_immunity,Easy,0.2,False,True,0.6770827597841143,0.22807652529654518,0.3681843098277069,0.0,0.0,0,3118,
3,22,humoral_immunity,Hard,0.8,False,True,0.05,0.2711274846839128,0.2195829431643667,0.9,0.0,0,4555,
3,23,cell_mediated_immunity,Hard,0.8,,False,0.0697267621532101,0.18027502563074072,0.3859579788858139,0.15,0.0,2,4079,
3,24,cell_mediated_immunity,Easy,0.2,True,True,0.7531991390623001,0.8441341463721611,0.42660192296379273,0.0,0.0,0,2648,
3,25,tolerance_autoimmunity,Hard,0.8,,False,0.09303319068778396,0.18200398619271888,0.44351228982948404,0.44999999999999996,0.0,3,3479,
3,26,tolerance_autoimmunity,Medium,0.5,False,False,0.41607032465475025,0.1529448381581725,0.4596006097136154,0.6,0.0,1,4848,
3,27,tolerance_autoimmunity,Medium,0.5,False,False,0.4396958947600482,0.15239132470175906,0.46936510911003165,0.75,0.0,2,6188,
3,28,tolerance_autoimmunity,Hard,0.8,,False,0.12091334490381127,0.16868278593511157,0.47703556050571755,0.9,0.0,1,5384,
3,29,tolerance_autoimmunity,Easy,0.2,,True,0.8405348970042944,0.5556940481968301,0.4921547069609581,1.0,0.0,0,3809,
3,30,humoral_immunity,Hard,0.8,True,False,0.05,0.2970790973663474,0.2195829431643667,1.0,0.0,3,4101,
3,31,humoral_immunity,Medium,0.5,False,False,0.15676440193969232,0.15557629932673742,0.22515007609642093,1.0,0.0,1,4436,
3,32,humoral_immunity,Easy,0.2,False,False,0.5376536903951399,0.15243990854318656,0.23067749568698465,1.0,0.0,2,3121,
3,33,humoral_immunity,Hard,0.8,False,False,0.05,0.15238203620793447,0.23067749568698465,1.0,0.0,1,3323,
3,34,humoral_immunity,Medium,0.5,False,True,0.16576624301840004,0.22806181936802955,0.24165347477820914,1.0,0.0,0,5033,
3,35,humoral_immunity,Medium,0.5,False,True,0.1750748365468935,0.2711278349409104,0.2524728587921603,0.8,0.0,0,3019,
3,36,humoral_immunity,Hard,0.8,False,False,0.05,0.15491184643707276,0.2524728587921603,0.6000000000000001,0.0,1,4282,
3,37,humoral_immunity,Easy,0.2,,False,0.5780655140052525,0.1690402487651682,0.2684703934268974,0.4000000000000001,0.0,2,4161,
3,38,humoral_immunity,Medium,0.5,False,False,0.19953907448128777,0.1526932138878412,0.28021177668815916,0.55,0.0,1,2763,
3,39,humoral_immunity,Hard,0.8,False,False,0.05,0.15238669455870488,0.28021177668815916,0.7000000000000001,0.0,1,4306,
3,40,humoral_immunity,Medium,0.5,,False,0.21102977589169153,0.16868213095784373,0.2853464116721151,0.8500000000000001,0.0,2,4912,
3,41,humoral_immunity,Hard,0.8,,False,0.05,0.17102582178514703,0.2853464116721151,1.0,0.0,3,4419,
3,42,humoral_immunity,Easy,0.2,True,True,0.6252935898274907,0.8358370242682651,0.29554242543614756,1.0,0.0,0,3132,
3,43,tolerance_autoimmunity,Medium,0.5,False,False,0.47735789335731915,0.16459655062057396,0.4923408956491964,1.0,0.0,3,3669,
3,44,tolerance_autoimmunity,Medium,0.5,,True,0.48851336488546115,0.5494585551158688,0.5070175577095045,0.8,0.0,0,3979,
3,45,tolerance_autoimmunity,Hard,0.8,True,True,0.14705421567597565,0.9669208193053022,0.5355222635057909,0.6000000000000001,0.0,0,3856,
3,46,antigen_recognition,Hard,0.8,True,False,0.05,0.5686978170608121,0.2145491962701487,0.0,0.0,2,4047,
3,47,antigen_recognition,Medium,0.5,,False,0.1528132169095101,0.27027352060242854,0.2649213566399333,0.0,0.0,2,4169,
3,48,antigen_recognition,Easy,0.2,,False,0.5961691034106102,0.18761121188238775,0.3049918158744514,0.15,0.0,1,4618,
3,49,antigen_recognition,Medium,0.5,True,False,0.23684610847285248,0.24772267890122718,0.3361921717465019,0.3,0.0,3,3892,
3,50,antigen_recognition,Medium,0.5,False,False,0.2723272480698258,0.1543510885191243,0.3596062274981748,0.44999999999999996,0.0,2,3869,
3,51,antigen_recognition,Hard,0.8,False,False,0.06646129755676745,0.15241725093726335,0.3760340000105157,0.6,0.0,1,4704,
3,52,antigen_recognition,Easy,0.2,True,True,0.7419644567433118,0.8168684642236038,0.3960419465728656,0.75,0.0,0,2501,
3,53,innate_immunity,Medium,0.5,False,False,0.1455945833017783,0.1756041726119276,0.2386513451897415,0.15,0.0,3,3149,
3,54,innate_immunity,Easy,0.2,False,True,0.5577185674692821,0.24094799042136736,0.31432829152558295,0.0,0.0,0,4080,
3,55,innate_immunity,Medium,0.5,,False,0.24712028895584603,0.18244004142372333,0.3484056756244325,0.0,0.0,1,3981,
3,56,innate_immunity,Easy,0.2,,True,0.708979737900054,0.5758871292121857,0.41317320152332276,0.0,0.0,0,3512,
3,57,innate_immunity,Medium,0.5,True,False,0.37262759610911905,0.5180853706444558,0.44233806564711947,0.0,0.0,3,4214,
3,58,innate_immunity,Hard,0.8,False,False,0.10470826175163592,0.1640422141490369,0.4658961485379139,0.15,0.0,2,4116,
3,59,innate_immunity,Easy,0.2,True,True,0.8313712497489077,0.8291014573022132,0.5189852927158014,0.0,0.0,0,6524,
4,0,innate_immunity,Hard,0.8,,False,0.05,0.16164383561643833,0.10495794384813809,0.0,0.0,2,3150,
4,1,antigen_recognition,Medium,0.5,,False,0.25680757752995054,0.16164383561643833,0.3619110833773023,0.0,0.0,1,2643,
4,2,cell_mediated_immunity,Medium,0.5,False,False,0.16742799998249164,0.151473136915078,0.2470965411581231,0.0,0.0,2,4187,
4,3,humoral_immunity,Easy,0.2,True,False,0.5776768968843443,0.2,0.30184514256725525,0.0,0.0,3,6102,
4,4,tolerance_autoimmunity,Hard,0.8,False,True,0.05,0.2,0.17901374685796956,0.0,0.0,0,3165,
4,5,cell_mediated_immunity,Easy,0.2,,False,0.5701784469346565,0.1685530193297038,0.2612496506516469,0.0,0.0,2,3676,
4,6,innate_immunity,Medium,0.5,False,False,0.08546941361008306,0.15255307234129206,0.13655799854613543,0.0,0.0,2,2210,
4,7,innate_immunity,Hard,0.8,False,False,0.05,0.15238411698161172,0.13655799854613543,0.0,0.0,3,2835,
4,8,innate_immunity,Easy,0.2,,True,0.405969650119935,0.5301293720235979,0.18838146794382787,0.15,0.0,0,5312,
4,9,antigen_recognition,Hard,0.8,False,False,0.06732447650444226,0.15255307234129206,0.3986786765675352,0.0,0.0,2,5350,
4,10,antigen_recognition,Medium,0.5,False,False,0.3525320074488907,0.15238411698161172,0.433327668613342,0.0,0.0,3,2951,
4,11,antigen_recognition,Medium,0.5,True,False,0.40130417385584227,0.22806296144035879,0.46108226617543935,0.15,0.0,1,3366,
4,12,cell_mediated_immunity,Easy,0.2,False,True,0.5908542457343243,0.23700535667704026,0.2890237681959842,0.0,0.0,0,4891,
4,13,humoral_immunity,Easy,0.2,True,True,0.6481850399588878,0.8597938144329896,0.3945309219081647,0.0,0.0,0,3001,
4,14,tolerance_autoimmunity,Easy,0.2,True,False,0.46856214715806677,0.25479452054794516,0.20885343311881163,0.0,0.0,3,4015,
4,15,antigen_recognition,Hard,0.8,False,False,0.11572960611331082,0.15390581452804292,0.4828195119398664,0.3,0.0,3,5567,
4,16,antigen_recognition,Medium,0.5,,False,0.47425206386372276,0.16889735385083765,0.49920988436689717,0.44999999999999996,0.0,2,4874,
4,17,antigen_recognition,Medium,0.5,False,False,0.49881482876999067,0.15269048323815632,0.5107523805711841,0.6,0.0,1,4493,
4,18,antigen_recognition,Medium,0.5,,False,0.5161229791334175,0.1687251177064294,0.5178001669265947,0.75,0.0,3,2574,
4,19,antigen_recognition,Medium,0.5,True,True,0.5266748997076299,0.8336651247150054,0.5289141836957181,0.9,0.0,0,2993,
4,20,cell_mediated_immunity,Medium,0.5,False,False,0.21996722315139833,0.154105564382461,0.3003839840206922,0.15,0.0,1,4970,
4,21,cell_mediated_immunity,Easy,0.2,True,False,0.6461832261250391,0.22900857465256486,0.3095899710206275,0.3,0.0,2,4307,
4,22,cell_mediated_immunity,Hard,0.8,False,False,0.050094076992609676,0.15392672240296815,0.31672806653798824,0.44999999999999996,0.0,1,3465,
4,23,cell_mediated_immunity,Easy,0.2,False,True,0.6682694459580575,0.22891026336291004,0.3270034051616303,0.6,0.0,0,2966,
4,24,cell_mediated_immunity,Medium,0.5,,False,0.2615400255230931,0.18041341558152516,0.3301661594243639,0.75,0.0,1,5503,
4,25,cell_mediated_immunity,Easy,0.2,True,False,0.6858949411140363,0.24365221507417634,0.33268447211818974,0.9,0.0,3,3945,
4,26,cell_mediated_immunity,Medium,0.5,True,False,0.2681766671228926,0.280396165447268,0.3351933169433597,1.0,0.0,1,4822,
4,27,tolerance_autoimmunity,Easy,0.2,True,False,0.5132770277341722,0.28710734245519365,0.2376085617847637,0.0,0.0,3,2953,
4,28,cell_mediated_immunity,Easy,0.2,,True,0.6923566172232422,0.6912953454755276,0.3401921420473379,1.0,0.0,0,5274,
4,29,tolerance_autoimmunity,Medium,0.5,False,False,0.1715973436200086,0.15531538550008267,0.2611620537605974,0.15,0.0,2,3492,
4,30,tolerance_autoimmunity,Medium,0.5,False,False,0.19262737532033275,0.1524350781034308,0.27995979209093974,0.3,0.0,2,3486,
4,31,tolerance_autoimmunity,Hard,0.8,,True,0.05,0.5302122693407064,0.27995979209093974,0.44999999999999996,0.0,0,4636,
4,32,innate_immunity,Hard,0.8,False,False,0.05,0.1620111483804401,0.18021595346179503,0.3,0.0,3,2583,
4,33,innate_immunity,Medium,0.5,True,False,0.12800612569598144,0.23337089945270412,0.19613461481765498,0.44999999999999996,0.0,3,4521,
4,34,innate_immunity,Medium,0.5,True,False,0.13905126167720203,0.2742682175454325,0.20748701550854667,0.6,0.0,2,6631,
4,35,innate_immunity,Medium,0.5,False,True,0.14740786953383417,0.2990151713966119,0.22147711434617823,0.75,0.0,0,4221,
4,36,innate_immunity,Hard,0.8,,False,0.05,0.19302818101749078,0.22147711434617823,0.9,0.0,3,5215,
4,37,innate_immunity,Medium,0.5,False,False,0.15827260427604253,0.1531650541678405,0.22697436793358494,1.0,0.0,1,3318,
4,38,innate_immunity,Medium,0.5,False,False,0.1627164329279809,0.1523953791170691,0.23243280468264158,1.0,0.0,3,5087,
4,39,innate_immunity,Medium,0.5,False,False,0.16722780121202566,0.1523812175827383,0.23785269868420378,1.0,0.0,1,2612,
4,40,innate_immunity,Easy,0.2,True,False,0.5565362367879804,0.2280613700505838,0.24323432209373524,1.0,0.0,3,5224,
4,41,innate_immunity,Medium,0.5,,True,0.1764489314504438,0.6351115354979588,0.25392156819621226,1.0,0.0,0,4359,
4,42,tolerance_autoimmunity,Medium,0.5,True,True,0.2107781589882534,0.9643674206868005,0.31921582192755776,0.24999999999999994,0.0,0,5614,
4,43,innate_immunity,Easy,0.2,True,True,0.5801841545736154,0.976549402020995,0.2644578861678431,0.8,0.0,0,3746,
4,44,cell_mediated_immunity,Easy,0.2,True,True,0.673973096974215,0.9786118129607123,0.3261403328601805,0.8,0.0,0,3354,
4,45,antigen_recognition,Medium,0.5,False,False,0.4765906052923341,0.1885258905220831,0.49032444406485876,1.0,0.0,2,4027,
4,46,antigen_recognition,Hard,0.8,False,False,0.1349301129256913,0.15307440880240303,0.49619809051489094,1.0,0.0,3,2424,
4,47,antigen_recognition,Hard,0.8,False,False,0.1390968622878978,0.15239370998706664,0.5020040473882538,1.0,0.0,2,3272,
4,48,antigen_recognition,Hard,0.8,False,False,0.14332108601098015,0.15238118689923552,0.5077430947589318,1.0,0.0,2,4194,
4,49,antigen_recognition,Medium,0.5,,True,0.5116125535036039,0.5301246051378141,0.5190889126632967,1.0,0.0,0,4409,
4,50,antigen_recognition,Hard,0.8,True,False,0.15637296712871981,0.48000334174836634,0.5246310691744789,1.0,0.0,2,3141,
4,51,antigen_recognition,Medium,0.5,True,False,0.536879504949945,0.44050888924274084,0.5301093562935776,1.0,0.0,3,6324,
4,52,antigen_recognition,Medium,0.5,False,True,0.5450416004799916,0.4108995654476015,0.5409396638457836,0.8,0.0,0,3433,
4,53,antigen_recognition,Easy,0.2,True,True,0.8855061186120714,0.9437995875908336,0.562101032739417,0.6000000000000001,0.0,0,4014,
4,54,humoral_immunity,Easy,0.2,,True,0.7597445646856211,0.9375966081792576,0.4726128572246773,0.0,0.0,0,5161,
4,55,,,,,,,,,,,,,all_kcs_mastered
5,0,innate_immunity,Easy,0.2,False,True,0.3808855436774042,0.2,0.20435304123673637,0.0,0.0,0,4261,
5,1,antigen_recognition,Medium,0.5,False,False,0.13685044768387652,0.151473136915078,0.24663169876867766,0.0,0.0,2,3073,
5,2,cell_mediated_immunity,Hard,0.8,False,False,0.1835081080488953,0.151473136915078,0.5719032662174123,0.0,0.0,2,2211,
5,3,humoral_immunity,Hard,0.8,False,False,0.05,0.151473136915078,0.05448576741345786,0.0,0.0,3,2982,
5,4,tolerance_autoimmunity,Easy,0.2,True,True,0.8881047364082175,0.7384615384615385,0.597901038934628,0.0,0.0,0,3233,
5,5,antigen_recognition,Easy,0.2,False,True,0.5694947861125119,0.2275631655878054,0.34667920346521663,0.0,0.0,0,4768,
5,6,cell_mediated_immunity,Hard,0.8,True,False,0.20284930056029968,0.22756316558780537,0.5916451356752949,0.0,0.0,2,3650,
5,7,humoral_immunity,Hard,0.8,False,False,0.05,0.15236428212260275,0.05448576741345786,0.0,0.0,3,2240,
5,8,humoral_immunity,Easy,0.2,False,False,0.29461270119518107,0.15238064594829565,0.12851581063531684,0.0,0.0,2,3459,
5,9,humoral_immunity,Medium,0.5,,False,0.09718466176453845,0.16868127533425692,0.186514525498596,0.15,0.0,1,4720,
5,10,humoral_immunity,Hard,0.8,True,False,0.05,0.23707683617186645,0.186514525498596,0.3,0.0,3,4188,
5,11,innate_immunity,Easy,0.2,False,False,0.5065291906950475,0.15330739299610896,0.24288078562962512,0.0,0.0,2,4273,
5,12,innate_immunity,Hard,0.8,False,False,0.05,0.15239800083060046,0.24288078562962512,0.0,0.0,3,4524,
5,13,innate_immunity,Medium,0.5,False,False,0.17614089869164984,0.1523812657777585,0.2740435783207651,0.15,0.0,3,4572,
5,14,innate_immunity,Medium,0.5,,True,0.20493377578696143,0.5301247334643623,0.32325792949183274,0.3,0.0,0,5123,
5,15,cell_mediated_immunity,Medium,0.5,True,True,0.6341056183640766,0.8779741264725345,0.6293080645781063,0.0,0.0,0,3959,
5,16,antigen_recognition,Hard,0.8,False,False,0.06180782799451035,0.15389478410989638,0.3900597886005544,0.0,0.0,1,4885,
5,17,antigen_recognition,Medium,0.5,True,False,0.34082020023052445,0.22889270828810016,0.42448488098573184,0.15,0.0,3,4642,
5,18,antigen_recognition,Hard,0.8,False,False,0.09508319947446245,0.15392415785163746,0.4512348756662093,0.3,0.0,3,2531,
5,19,antigen_recognition,Hard,0.8,False,False,0.10981904993844026,0.15240937091727683,0.4712758169265406,0.44999999999999996,0.0,1,5846,
5,20,antigen_recognition,Hard,0.8,False,False,0.12213722313024775,0.1523814747977105,0.4853187585004716,0.6,0.0,1,3760,
5,21,antigen_recognition,Medium,0.5,True,False,0.4779923664109469,0.2280615112276993,0.4938624837013435,0.75,0.0,2,3367,
5,22,antigen_recognition,Hard,0.8,False,True,0.13742721552864035,0.271127653142632,0.5073055222407195,0.9,0.0,0,2961,
5,23,humoral_immunity,Medium,0.5,,True,0.1322840572352543,0.6455920308700632,0.2565765076860502,0.44999999999999996,0.0,0,4618,
5,24,antigen_recognition,Hard,0.8,False,False,0.14727106295016215,0.15491184194453167,0.5138485176119097,1.0,0.0,2,3654,
5,25,antigen_recognition,Medium,0.5,True,False,0.5207608331646507,0.22945199869525384,0.5203046218358274,1.0,0.0,3,3139,
5,26,antigen_recognition,Hard,0.8,False,False,0.1573376423091733,0.15393654399762496,0.526674988829149,1.0,0.0,3,4255,
5,27,antigen_recognition,Hard,0.8,False,False,0.16247185708339376,0.15240959942308258,0.5329607571845081,1.0,0.0,1,3477,
5,28,antigen_recognition,Hard,0.8,,False,0.1676694107858883,0.16868537112604576,0.5391630503739986,1.0,0.0,3,5592,
5,29,antigen_recognition,Hard,0.8,,False,0.17292724658697542,0.17102629559911758,0.5452829769499761,1.0,0.0,2,4219,
5,30,antigen_recognition,Medium,0.5,,True,0.567509679960637,0.5592198425294771,0.5573602845364084,1.0,0.0,0,4348,
5,31,innate_immunity,Medium,0.5,False,True,0.24293939939129214,0.45884034119499056,0.37065408818169326,0.09999999999999998,0.0,0,3736,
5,32,innate_immunity,Medium,0.5,,False,0.3151663276554181,0.231454617795522,0.4011290094494559,0.0,0.0,1,6874,
5,33,innate_immunity,Hard,0.8,False,False,0.08369071287718818,0.1539810392087718,0.4301282385599547,0.0,0.0,1,4173,
5,34,innate_immunity,Medium,0.5,False,True,0.3967008829539096,0.2289401201298179,0.4853182278376491,0.0,0.0,0,5428,
5,35,innate_immunity,Medium,0.5,True,False,0.47799157195888325,0.271646240874163,0.5065023703919256,0.15,0.0,2,2804,
5,36,innate_immunity,Easy,0.2,True,True,0.862832079522718,0.9006129718859002,0.5542958052127922,0.0,0.0,0,4695,
5,37,antigen_recognition,Medium,0.5,,False,0.5852010958361296,0.2663484008899734,0.5632385513734041,1.0,0.0,2,3249,
5,38,antigen_recognition,Easy,0.2,,True,0.8983871693209492,0.6772603265249182,0.5748389579770048,0.8,0.0,0,4358,
5,39,humoral_immunity,Hard,0.8,True,False,0.05,0.5801751654330239,0.2565765076860502,0.6,0.0,2,3276,
5,40,humoral_immunity,Medium,0.5,False,True,0.18838460167080973,0.5217584464126765,0.32642506802036714,0.39999999999999997,0.0,0,4250,
5,41,humoral_immunity,Easy,0.2,,True,0.6810389289995146,0.8561630966858251,0.41080629399718305,0.19999999999999996,0.0,0,3429,
5,42,tolerance_autoimmunity,Hard,0.8,False,False,0.22924243566407232,0.17231923986376554,0.6211768651386702,0.0,0.0,2,3298,
5,43,tolerance_autoimmunity,Easy,0.2,True,True,0.9260172695780227,0.837038462630419,0.6650338371922203,0.0,0.0,0,3557,
5,44,antigen_recognition,Easy,0.2,True,True,0.9045671555832148,0.9804571050668448,0.5974235563887291,0.6000000000000001,0.0,0,3492,
5,45,cell_mediated_immunity,Hard,0.8,,True,0.2505149120393998,0.9532281922661464,0.6526469920630645,0.0,0.0,0,4104,
5,46,,,,,,,,,,,,,all_kcs_mastered
6,0,innate_immunity,Easy,0.2,,False,0.5395773048195658,0.16164383561643833,0.24284343277491116,0.0,0.0,2,4534,
6,1,antigen_recognition,Hard,0.8,False,False,0.05,0.151473136915078,0.19018805639086483,0.0,0.0,2,1872,
6,2,cell_mediated_immunity,Easy,0.2,False,False,0.3926611435210466,0.151473136915078,0.1783904117768518,0.0,0.0,1,5408,
6,3,humoral_immunity,Easy,0.2,True,False,0.858870561674585,0.2,0.5161908268901083,0.0,0.0,3,4111,
6,4,tolerance_autoimmunity,Medium,0.5,False,False,0.1454392340354297,0.151473136915078,0.24926582305984277,0.0,0.0,2,5345,
6,5,antigen_recognition,Easy,0.2,True,False,0.4852863339817643,0.22756316558780537,0.22911827626977763,0.0,0.0,1,4030,
6,6,cell_mediated_immunity,Medium,0.5,False,False,0.12678849128863592,0.15236428212260275,0.22648095913866279,0.0,0.0,3,3196,
6,7,tolerance_autoimmunity,Easy,0.2,,False,0.5733653113805325,0.1685530193297038,0.29119013696832124,0.0,0.0,1,4245,
6,8,cell_mediated_immunity,Easy,0.2,True,False,0.5396380861947833,0.22805207479018869,0.27175666502502294,0.0,0.0,1,3398,
6,9,innate_immunity,Easy,0.2,False,True,0.5639135845639898,0.23316749585406296,0.2749542754116651,0.0,0.0,0,4745,
6,10,tolerance_autoimmunity,Easy,0.2,True,False,0.6334719857651773,0.23700535667704026,0.33077321192606957,0.0,0.0,2,4883,
6,11,humoral_immunity,Easy,0.2,False,False,0.8695680502333716,0.15330739299610896,0.5309284885192064,0.0,0.0,2,6205,
6,12,humoral_immunity,Easy,0.2,True,True,0.8792737748696707,0.8178541533310356,0.5595059426076319,0.0,0.0,0,6263,
6,13,antigen_recognition,Hard,0.8,False,False,0.05,0.15389478410989638,0.22911827626977763,0.0,0.0,2,5620,
6,14,antigen_recognition,Hard,0.8,False,False,0.05,0.15240882904207578,0.22911827626977763,0.15,0.0,1,5172,
6,15,antigen_recognition,Hard,0.8,,False,0.05,0.16868526214396296,0.22911827626977763,0.3,0.0,3,3490,
6,16,antigen_recognition,Easy,0.2,True,False,0.5435666536387397,0.2370790582350445,0.24950057290452052,0.44999999999999996,0.0,3,3639,
6,17,cell_mediated_immunity,Easy,0.2,False,True,0.6060026057189511,0.27112208580917674,0.34422022418865256,0.15,0.0,0,5246,
6,18,innate_immunity,Medium,0.5,True,False,0.20582552295660866,0.27414760266857496,0.2903287898611885,0.0,0.0,2,4073,
6,19,tolerance_autoimmunity,Medium,0.5,False,False,0.26593205894019856,0.154105564382461,0.3625399058915677,0.15,0.0,2,2840,
6,20,tolerance_autoimmunity,Medium,0.5,False,True,0.304754059608522,0.22900857465256486,0.41237792988807564,0.3,0.0,0,4813,
6,21,tolerance_autoimmunity,Medium,0.5,,True,0.37151278195672727,0.636229922654329,0.4714456734257391,0.09999999999999998,0.0,0,5323,
6,22,antigen_recognition,Hard,0.8,False,False,0.05,0.15410722974282856,0.24950057290452052,0.6,0.0,1,2738,
6,23,antigen_recognition,Hard,0.8,,False,0.05,0.1689259392150488,0.24950057290452052,0.75,0.0,2,5246,
6,24,antigen_recognition,Easy,0.2,False,False,0.5737098192884297,0.15269102941631182,0.25671634885013367,0.9,0.0,1,2414,
6,25,antigen_recognition,Hard,0.8,False,False,0.05,0.15238665437402144,0.25671634885013367,1.0,0.0,1,3588,
6,26,antigen_recognition,Hard,0.8,False,False,0.05,0.15238105719769357,0.25671634885013367,1.0,0.0,2,4134,
6,27,antigen_recognition,Medium,0.5,False,False,0.18851292201036413,0.15238095430773096,0.2638627477641096,1.0,0.0,1,3614,
6,28,antigen_recognition,Easy,0.2,,True,0.5946390038485894,0.530124226737142,0.27801812559806954,1.0,0.0,0,3212,
6,29,cell_mediated_immunity,Hard,0.8,True,False,0.06095779675261173,0.2970757744802358,0.3710891485217333,0.3,0.0,1,3593,
6,30,innate_immunity,Medium,0.5,False,False,0.20521461829202636,0.1546514740282922,0.2874102819244969,0.15,0.0,1,4439,
6,31,innate_immunity,Easy,0.2,False,True,0.6281904657734898,0.22930876890085233,0.31763105434089595,0.0,0.0,0,4416,
6,32,innate_immunity,Hard,0.8,False,False,0.05244034418612018,0.1539333703269718,0.3299301786999338,0.15,0.0,1,4200,
6,33,innate_immunity,Easy,0.2,False,True,0.6855898183833354,0.22891391750044843,0.35834769169366026,0.0,0.0,0,4800,
6,34,innate_immunity,Medium,0.5,False,True,0.29945092980082005,0.27163076869585945,0.3855600242433819,0.0,0.0,0,3669,
6,35,innate_immunity,Easy,0.2,True,True,0.7527550155704499,0.9006061082694573,0.41161828778530835,0.0,0.0,0,2507,
6,36,cell_mediated_immunity,Easy,0.2,True,False,0.7362435609292947,0.31325811869602926,0.39133546397081365,0.44999999999999996,0.0,1,4555,
6,37,cell_mediated_immunity,Hard,0.8,False,False,0.07929334930626947,0.15601538402307252,0.4055860331544909,0.6,0.0,3,3335,
6,38,cell_mediated_immunity,Hard,0.8,False,True,0.08576443945853385,0.230059451920559,0.42298218665297105,0.75,0.0,0,2583,
6,39,cell_mediated_immunity,Medium,0.5,True,True,0.3864861325073611,0.8794451410551803,0.4533788526500742,0.55,0.0,0,3160,
6,40,antigen_recognition,Easy,0.2,True,False,0.6044115427347935,0.45883996255980264,0.2776592803337381,1.0,0.0,2,4341,
6,41,antigen_recognition,Easy,0.2,True,True,0.6144260749651328,0.9532186002844969,0.2915493609955627,0.8,0.0,0,4832,
6,42,tolerance_autoimmunity,Medium,0.5,,False,0.4218180595300164,0.2863082999995282,0.4783045500187939,0.0,0.0,1,3833,
6,43,tolerance_autoimmunity,Easy,0.2,,True,0.8415527944187701,0.6969960077246194,0.5365721085806854,0.0,0.0,0,2823,
6,44,tolerance_autoimmunity,Medium,0.5,True,False,0.5546390961059752,0.629453831517961,0.5624519699092264,0.0,0.0,3,2990,
6,45,tolerance_autoimmunity,Easy,0.2,,False,0.8979555274528389,0.298876483367616,0.5832213930925146,0.15,0.0,3,4031,
6,46,tolerance_autoimmunity,Hard,0.8,False,False,0.2140520025027039,0.15562410040644117,0.5995137244904023,0.3,0.0,1,3507,
6,47,tolerance_autoimmunity,Easy,0.2,True,True,0.9166045471261268,0.8203799006346004,0.6241151401856733,0.44999999999999996,0.0,0,6541,
6,48,humoral_immunity,Hard,0.8,,False,0.14382139961810975,0.3714439337709202,0.5155589921073708,0.15,0.0,2,3314,
6,49,humoral_immunity,Easy,0.2,True,True,0.8691374733504936,0.9344474514403214,0.5450728089194349,0.0,0.0,0,3187,
6,50,,,,,,,,,,,,,all_kcs_mastered
7,0,innate_immunity,Hard,0.8,False,False,0.05,0.151473136915078,0.20180819726473506,0.0,0.0,1,2515,
7,1,antigen_recognition,Medium,0.5,True,True,0.6249873081318399,0.7384615384615385,0.631536085841958,0.0,0.0,0,3099,
7,2,cell_mediated_immunity,Medium,0.5,False,False,0.21651361915950693,0.151473136915078,0.3248472363011306,0.0,0.0,1,4560,
7,3,humoral_immunity,Medium,0.5,True,False,0.274203005735329,0.2,0.34850132285727586,0.0,0.0,2,3791,
7,4,tolerance_autoimmunity,Easy,0.2,True,True,0.8035596409195116,0.7384615384615385,0.45204330605527027,0.0,0.0,0,2477,
7,5,innate_immunity,Medium,0.5,False,False,0.14317686742645835,0.15236428212260275,0.25351986119546444,0.0,0.0,3,3944,
7,6,cell_mediated_immunity,Easy,0.2,True,True,0.6789789477125213,0.8158135829516033,0.3989401785030838,0.0,0.0,0,3328,
7,7,innate_immunity,Easy,0.2,True,False,0.5795969775247249,0.22805207479018869,0.30188133263195743,0.0,0.0,1,3817,
7,8,humoral_immunity,Hard,0.8,,False,0.06244483552324519,0.17575757575757575,0.3590622346986558,0.0,0.0,1,5993,
7,9,humoral_immunity,Hard,0.8,False,False,0.06625907432556083,0.15282262681781747,0.36945195224166727,0.0,0.0,2,1091,
7,10,humoral_immunity,Hard,0.8,False,False,0.0702217329069778,0.15238907555132108,0.3781400558266734,0.15,0.0,3,3693,
7,11,humoral_immunity,Easy,0.2,,True,0.7443763170548149,0.5301374388650055,0.39225270346498275,0.3,0.0,0,2930,
7,12,innate_immunity,Easy,0.2,,False,0.6482345553188186,0.18027097096391204,0.34032540850312576,0.15,0.0,3,6073,
7,13,innate_immunity,Easy,0.2,,False,0.6988762653440163,0.17274086945497627,0.3702417888312124,0.3,0.0,3,4079,
7,14,innate_immunity,Hard,0.8,False,True,0.07053177742689153,0.23934380886884582,0.4151212643509786,0.44999999999999996,0.0,0,4054,
7,15,innate_immunity,Easy,0.2,True,True,0.7842703152138257,0.8846949717799432,0.4719592057727037,0.24999999999999994,0.0,0,3892,
7,16,humoral_immunity,Medium,0.5,,True,0.3437823465255676,0.8601345370794834,0.40998575269793924,0.09999999999999998,0.0,0,3746,
7,17,antigen_recognition,Easy,0.2,,True,0.9301643401558907,0.9379828326180258,0.6727524503636453,0.0,0.0,0,4334,
7,18,tolerance_autoimmunity,Hard,0.8,False,False,0.11029413539140842,0.18591549295774645,0.46041034356445765,0.0,0.0,1,3858,
7,19,tolerance_autoimmunity,Hard,0.8,True,False,0.11531767253888976,0.24676121119202757,0.46864962039939145,0.0,0.0,1,5930,
7,20,tolerance_autoimmunity,Medium,0.5,False,False,0.45311259846849433,0.15432878277061715,0.47554606735387384,0.15,0.0,3,4533,
7,21,tolerance_autoimmunity,Easy,0.2,True,True,0.83933337427056,0.8189746971539889,0.4867574935207508,0.3,0.0,0,4283,
7,22,cell_mediated_immunity,Easy,0.2,,True,0.7534510092266912,0.9484912046731737,0.4535455863486122,0.0,0.0,0,3204,
7,23,,,,,,,,,,,,,all_kcs_mastered
8,0,innate_immunity,Hard,0.8,,False,0.05,0.16164383561643833,0.2769465642902319,0.0,0.0,3,4505,
8,1,antigen_recognition,Medium,0.5,False,False,0.08685011027989256,0.151473136915078,0.16855698448688375,0.0,0.0,3,5197,
8,2,cell_mediated_immunity,Hard,0.8,False,False,0.05,0.151473136915078,0.04135588789518735,0.0,0.0,2,5564,
8,3,humoral_immunity,Easy,0.2,,False,0.42354887735661906,0.16164383561643833,0.1850100595142929,0.0,0.0,2,3973,
8,4,tolerance_autoimmunity,Easy,0.2,,True,0.7875036293353131,0.43333333333333335,0.4834720040028351,0.0,0.0,0,4042,
8,5,antigen_recognition,Easy,0.2,True,False,0.4529748701131197,0.22756316558780537,0.22510652287344263,0.0,0.0,3,5089,
8,6,cell_mediated_immunity,Medium,0.5,False,False,0.059981426811058655,0.15236428212260275,0.09289144305343067,0.0,0.0,1,3423,
8,7,cell_mediated_immunity,Easy,0.2,True,False,0.3446474461456603,0.22805207479018869,0.1416565087130873,0.0,0.0,3,5043,
8,8,innate_immunity,Medium,0.5,True,False,0.20778636858991056,0.233167495854063,0.32602254395162594,0.0,0.0,3,4339,
8,9,humoral_immunity,Medium,0.5,False,False,0.13125135146790448,0.15255307234129206,0.21983580490874682,0.0,0.0,2,5244,
8,10,humoral_immunity,Medium,0.5,False,False,0.1569650601320073,0.15238411698161172,0.25317339384625537,0.0,0.0,2,3342,
8,11,humoral_immunity,Easy,0.2,,True,0.5790903634907902,0.5301293720235979,0.3074255340397452,0.15,0.0,0,4057,
8,12,antigen_recognition,Medium,0.5,,False,0.1611953495111018,0.1801899398371758,0.2778099163864898,0.0,0.0,3,3476,
8,13,antigen_recognition,Hard,0.8,False,False,0.05,0.15290915800335053,0.2778099163864898,0.15,0.0,3,3274,
8,14,antigen_recognition,Medium,0.5,False,False,0.20864036388699334,0.15239066798624926,0.3121931038877324,0.3,0.0,1,3724,
8,15,antigen_recognition,Medium,0.5,False,False,0.2447444845979112,0.15238113097864747,0.33792227469281794,0.44999999999999996,0.0,1,3779,
8,16,antigen_recognition,Easy,0.2,True,True,0.695833180287274,0.8168282858670936,0.37394657369451273,0.6,0.0,0,4638,
8,17,cell_mediated_immunity,Medium,0.5,False,False,0.10432552792221464,0.15390557411223033,0.18087849590747013,0.15,0.0,1,3425,
8,18,cell_mediated_immunity,Hard,0.8,,False,0.05,0.16889731973736594,0.18087849590747013,0.3,0.0,3,3074,
8,19,cell_mediated_immunity,Medium,0.5,False,False,0.12845050238471936,0.1526904825863751,0.2050977390106569,0.44999999999999996,0.0,1,5045,
8,20,cell_mediated_immunity,Hard,0.8,,False,0.05,0.1687251176141727,0.2050977390106569,0.6,0.0,2,4570,
8,21,cell_mediated_immunity,Easy,0.2,,False,0.507646012435811,0.1710321080357629,0.21578098652643302,0.75,0.0,3,3938,
8,22,cell_mediated_immunity,Easy,0.2,True,True,0.5236538102279786,0.8358428971867792,0.2326444551336825,0.9,0.0,0,3949,
8,23,innate_immunity,Medium,0.5,False,True,0.2559265866147259,0.26727411078375896,0.41414427940299764,0.0,0.0,0,3804,
8,24,innate_immunity,Medium,0.5,True,False,0.3739906936418561,0.29471195366534747,0.4479436166404463,0.15,0.0,2,4425,
8,25,innate_immunity,Easy,0.2,True,True,0.8157270471019076,0.9101638823208714,0.5228833278807402,0.0,0.0,0,3014,
8,26,tolerance_autoimmunity,Medium,0.5,,True,0.4689519860236242,0.7951177876408331,0.5375962810301379,0.0,0.0,0,4979,
8,27,humoral_immunity,Medium,0.5,,False,0.23949561029326394,0.25505946585312983,0.32814185773166726,0.3,0.0,2,4504,
8,28,humoral_immunity,Medium,0.5,,True,0.26286143556195346,0.6654531970218435,0.37981897298758077,0.09999999999999998,0.0,0,4453,
8,29,humoral_immunity,Hard,0.8,False,True,0.07439311878456564,0.5988445008509915,0.43282150828840577,0.0,0.0,0,4096,
8,30,humoral_immunity,Easy,0.2,True,True,0.8016961228706669,0.972781864779339,0.4812942875567894,0.0,0.0,0,3740,
8,31,antigen_recognition,Hard,0.8,,False,0.0720030105155555,0.4068400457548546,0.3845916304218972,0.75,0.0,2,3319,
8,32,antigen_recognition,Easy,0.2,,True,0.7516720330231588,0.791997356453371,0.42226222565523436,0.55,0.0,0,3927,
8,33,antigen_recognition,Easy,0.2,,True,0.7914310951454442,0.953127603208532,0.4733445547980988,0.35000000000000003,0.0,0,4245,
8,34,tolerance_autoimmunity,Easy,0.2,True,True,0.8834565232174411,0.9893199009847609,0.5893858390553692,0.0,0.0,0,3822,
8,35,,,,,,,,,,,,,all_kcs_mastered
9,0,innate_immunity,Medium,0.5,False,False,0.07086972586765611,0.151473136915078,0.12375596100791535,0.0,0.0,2,3789,
9,1,antigen_recognition,Easy,0.2,True,True,0.428598109054531,0.7384615384615385,0.2389529335516375,0.0,0.0,0,3828,
9,2,cell_mediated_immunity,Easy,0.2,False,True,0.4215430532142753,0.2,0.17999253535624996,0.0,0.0,0,4070,
9,3,humoral_immunity,Hard,0.8,False,False,0.06315417419463042,0.151473136915078,0.37760817692379145,0.0,0.0,1,3419,
9,4,tolerance_autoimmunity,Medium,0.5,True,False,0.3773489718610745,0.2,0.44511608897740823,0.0,0.0,3,4100,
9,5,innate_immunity,Easy,0.2,False,True,0.3875875501700587,0.2275631655878054,0.2230997987777616,0.0,0.0,0,5866,
9,6,humoral_immunity,Hard,0.8,True,False,0.07348486337680805,0.22756316558780537,0.4035757239000617,0.0,0.0,2,3753,
9,7,cell_mediated_immunity,Easy,0.2,True,False,0.4700247914973091,0.25479452054794516,0.19573075176939517,0.0,0.0,1,5086,
9,8,tolerance_autoimmunity,Easy,0.2,True,False,0.813163232662889,0.25479452054794516,0.4723010196330278,0.0,0.0,3,5223,
9,9,humoral_immunity,Hard,0.8,False,False,0.0848233959158545,0.15389478410989638,0.4284598480694063,0.0,0.0,2,2957,
9,10,humoral_immunity,Hard,0.8,,True,0.09715520488187504,0.5325785808518971,0.46899788508961726,0.15,0.0,0,4381,
9,11,innate_immunity,Hard,0.8,,False,0.05,0.1801899398371758,0.2230997987777616,0.0,0.0,2,4176,
9,12,innate_immunity,Medium,0.5,,False,0.1595739911931063,0.17272873419971976,0.2605341250049658,0.15,0.0,1,4386,
9,13,innate_immunity,Medium,0.5,,False,0.19204211309694846,0.17162002808222465,0.28987695774163186,0.3,0.0,1,4448,
9,14,innate_immunity,Hard,0.8,,False,0.05,0.1714567323689904,0.28987695774163186,0.44999999999999996,0.0,1,3805,
9,15,innate_immunity,Hard,0.8,False,False,0.05,0.15273953163203433,0.28987695774163186,0.6,0.0,3,4185,
9,16,innate_immunity,Easy,0.2,True,False,0.6316406644391196,0.2282580702473173,0.2999406992861524,0.75,0.0,1,4014,
9,17,innate_immunity,Hard,0.8,,False,0.05,0.18030513830293216,0.2999406992861524,0.9,0.0,3,4022,
9,18,innate_immunity,Easy,0.2,False,True,0.6455748995950875,0.24359119510356403,0.3158144911762258,1.0,0.0,0,3165,
9,19,innate_immunity,Easy,0.2,True,True,0.6670531692756653,0.8869866874186019,0.33132834603137595,0.8,0.0,0,3556,
9,20,cell_mediated_immunity,Hard,0.8,False,False,0.05,0.15422039513430125,0.1854677610309894,0.0,0.0,2,3710,
9,21,cell_mediated_immunity,Hard,0.8,False,False,0.05,0.15241483785094187,0.1854677610309894,0.15,0.0,1,3889,
9,22,cell_mediated_immunity,Hard,0.8,False,True,0.05,0.22807982343484162,0.1854677610309894,0.3,0.0,0,3796,
9,23,cell_mediated_immunity,Easy,0.2,True,False,0.4782154415772241,0.27113845717097596,0.1940659834409171,0.44999999999999996,0.0,3,4354,
9,24,tolerance_autoimmunity,Hard,0.8,False,True,0.11716087125651992,0.27944001302295285,0.5159790726445195,0.0,0.0,0,3919,
9,25,cell_mediated_immunity,Hard,0.8,,False,0.05,0.1877690143095908,0.1940659834409171,0.6,0.0,1,3628,
9,26,cell_mediated_immunity,Medium,0.5,False,False,0.13757201796122462,0.15305926726368216,0.19793301042366315,0.75,0.0,1,3352,
9,27,cell_mediated_immunity,Hard,0.8,False,False,0.05,0.15239343120725504,0.19793301042366315,0.9,0.0,3,5260,
9,28,cell_mediated_immunity,Hard,0.8,False,False,0.05,0.15238118177445686,0.19793301042366315,1.0,0.0,3,4492,
9,29,cell_mediated_immunity,Hard,0.8,False,False,0.05,0.15238095659774586,0.19793301042366315,1.0,0.0,3,5084,
9,30,cell_mediated_immunity,Medium,0.5,False,False,0.14034808036721572,0.15238095245846697,0.2010117882163205,1.0,0.0,2,3951,
9,31,cell_mediated_immunity,Easy,0.2,False,False,0.5015176776634737,0.15238095238237728,0.20407874795285572,1.0,0.0,3,3712,
9,32,cell_mediated_immunity,Hard,0.8,,False,0.05,0.16868131868152023,0.20407874795285572,1.0,0.0,3,1915,
9,33,cell_mediated_immunity,Medium,0.5,False,False,0.14485627475081322,0.1526863566641655,0.20713393499752036,1.0,0.0,1,5678,
9,34,cell_mediated_immunity,Medium,0.5,,False,0.14714181997443515,0.16872453361065887,0.21017739454043294,1.0,0.0,1,4809,
9,35,cell_mediated_immunity,Easy,0.2,True,True,0.5152613498228196,0.8336645675695011,0.2162409486560615,1.0,0.0,0,4606,
9,36,tolerance_autoimmunity,Easy,0.2,True,True,0.869423880250025,0.9039888944320326,0.5634054805278494,0.0,0.0,0,3732,
9,37,humoral_immunity,Easy,0.2,False,True,0.8189405995855035,0.4606762997603199,0.4972977111113043,0.0,0.0,0,3604,
9,38,humoral_immunity,Easy,0.2,True,False,0.8561637637729783,0.4258591265567021,0.5182715491628325,0.0,0.0,2,4886,
9,39,humoral_immunity,Medium,0.5,False,False,0.5273799069301915,0.15973827646809408,0.5383703128565649,0.0,0.0,3,3678,
9,40,humoral_immunity,Easy,0.2,True,True,0.8839338433118256,0.8247290413509486,0.5768907115574659,0.0,0.0,0,4057,
9,41,antigen_recognition,Hard,0.8,False,False,0.05,0.17231923986376554,0.19100449672788913,0.0,0.0,2,2057,
9,42,antigen_recognition,Easy,0.2,False,False,0.48651001972319285,0.15275612793311774,0.23245076642211182,0.0,0.0,2,3579,
9,43,antigen_recognition,Hard,0.8,False,False,0.05,0.1523878519881526,0.23245076642211182,0.15,0.0,3,3494,
9,44,antigen_recognition,Hard,0.8,,False,0.05,0.16868229468654725,0.23245076642211182,0.3,0.0,2,5809,
9,45,antigen_recognition,Easy,0.2,False,True,0.5485229547814047,0.23707740431085023,0.27570596085863663,0.44999999999999996,0.0,0,3032,
9,46,antigen_recognition,Hard,0.8,False,False,0.05,0.15410719236730094,0.27570596085863663,0.6,0.0,1,3566,
9,47,antigen_recognition,Medium,0.5,True,False,0.2065637303590119,0.22900946964847124,0.28498267684863693,0.75,0.0,1,4386,
9,48,antigen_recognition,Medium,0.5,False,False,0.2158352186035349,0.1539267422154784,0.2923089971289129,0.9,0.0,3,4910,
9,49,antigen_recognition,Hard,0.8,,False,0.05,0.16890032341988054,0.2923089971289129,1.0,0.0,2,5051,
9,50,antigen_recognition,Hard,0.8,False,False,0.05,0.15269053997574683,0.2923089971289129,1.0,0.0,3,4082,
9,51,antigen_recognition,Easy,0.2,True,True,0.6350292813661021,0.8171720000764318,0.30681150155398595,1.0,0.0,0,6202,
9,52,innate_immunity,Hard,0.8,False,False,0.05,0.19017516195535716,0.3085637079054435,0.6000000000000001,0.0,2,2653,
9,53,innate_immunity,Easy,0.2,True,True,0.657321881337538,0.852312800719322,0.3555985053637206,0.4000000000000001,0.0,0,4615,
9,54,cell_mediated_immunity,Hard,0.8,,False,0.05,0.4240831987023105,0.20490252159102915,1.0,0.0,3,3241,
9,55,cell_mediated_immunity,Hard,0.8,,True,0.05,0.802950120340957,0.20490252159102915,0.8,0.0,0,4761,
9,56,,,,,,,,,,,,,all_kcs_mastered
10,0,innate_immunity,Hard,0.8,,False,0.05,0.16164383561643833,0.17746614236900382,0.0,0.0,3,4676,
10,1,antigen_recognition,Hard,0.8,False,False,0.05,0.151473136915078,0.16108518349493173,0.0,0.0,2,4922,
10,2,cell_mediated_immunity,Hard,0.8,,False,0.05,0.16164383561643833,0.13561649591761815,0.0,0.0,2,3991,
10,3,humoral_immunity,Easy,0.2,True,False,0.6289299787071286,0.2,0.34209130326078513,0.0,0.0,2,1900,
10,4,tolerance_autoimmunity,Hard,0.8,False,False,0.05,0.151473136915078,0.30324371706261705,0.0,0.0,1,3151,
10,5,antigen_recognition,Medium,0.5,False,False,0.11573139741083271,0.15236428212260275,0.20899181361116137,0.0,0.0,2,4786,
10,6,tolerance_autoimmunity,Hard,0.8,False,False,0.05,0.15236428212260275,0.30324371706261705,0.0,0.0,2,4185,
10,7,antigen_recognition,Hard,0.8,False,False,0.05,0.15238064594829565,0.20899181361116137,0.0,0.0,1,4251,
10,8,tolerance_autoimmunity,Hard,0.8,False,False,0.05,0.15238064594829565,0.30324371706261705,0.0,0.0,2,2991,
10,9,antigen_recognition,Hard,0.8,,False,0.05,0.16868127533425692,0.20899181361116137,0.15,0.0,1,4202,
10,10,tolerance_autoimmunity,Hard,0.8,False,False,0.05,0.15238094674800115,0.30324371706261705,0.15,0.0,3,2423,
10,11,tolerance_autoimmunity,Hard,0.8,False,False,0.05,0.1523809522774055,0.30324371706261705,0.3,0.0,2,5738,
10,12,tolerance_autoimmunity,Easy,0.2,False,False,0.6500962477683431,0.15238095237904895,0.3279916937200412,0.44999999999999996,0.0,1,4917,
10,13,tolerance_autoimmunity,Medium,0.5,False,False,0.2626868934163952,0.1523809523809174,0.34535093530036365,0.6,0.0,3,4647,
10,14,tolerance_autoimmunity,Easy,0.2,,True,0.705183643049144,0.5301242236024275,0.36648945985105347,0.75,0.0,0,5456,
10,15,innate_immunity,Hard,0.8,True,False,0.05,0.233167495854063,0.17746614236900382,0.0,0.0,2,4490,
10,16,cell_mediated_immunity,Easy,0.2,False,False,0.40460806998124627,0.15255307234129206,0.1769687259881464,0.0,0.0,2,3169,
10,17,cell_mediated_immunity,Hard,0.8,False,False,0.05,0.15238411698161172,0.1769687259881464,0.0,0.0,3,3713,
10,18,cell_mediated_immunity,Medium,0.5,False,False,0.12584709791698664,0.1523810105539718,0.21043656945325523,0.15,0.0,3,3685,
10,19,cell_mediated_immunity,Medium,0.5,False,True,0.14964595484909346,0.2280612564191047,0.2633185273729263,0.3,0.0,0,6803,
10,20,antigen_recognition,Easy,0.2,True,False,0.5078549362784238,0.23239474133224777,0.2370067765743557,0.3,0.0,2,2882,
10,21,humoral_immunity,Easy,0.2,True,True,0.6786679374620688,0.8521739130434782,0.4273379217189305,0.0,0.0,0,3964,
10,22,cell_mediated_immunity,Hard,0.8,True,False,0.05,0.27112750280933706,0.2633185273729263,0.44999999999999996,0.0,2,4170,
10,23,antigen_recognition,Hard,0.8,,False,0.05,0.18099453794052758,0.2370067765743557,0.44999999999999996,0.0,1,5095,
10,24,antigen_recognition,Medium,0.5,,False,0.17108468334557114,0.1728493217910243,0.2544352131291516,0.6,0.0,1,2390,
10,25,antigen_recognition,Hard,0.8,False,False,0.05,0.1527663445767134,0.2544352131291516,0.75,0.0,2,3882,
10,26,antigen_recognition,Medium,0.5,False,False,0.18642809136887353,0.15238803995963077,0.26295037957265466,0.9,0.0,2,4845,
10,27,antigen_recognition,Hard,0.8,False,False,0.05,0.15238108266839454,0.26295037957265466,1.0,0.0,1,5436,
10,28,antigen_recognition,Hard,0.8,False,False,0.05,0.1523809547759425,0.26295037957265466,1.0,0.0,1,1515,
10,29,antigen_recognition,Medium,0.5,False,False,0.19430162588187766,0.15238095242497793,0.2713682934891642,1.0,0.0,3,4912,
10,30,antigen_recognition,Hard,0.8,,False,0.05,0.1686813186875464,0.2713682934891642,1.0,0.0,2,4963,
10,31,antigen_recognition,Hard,0.8,False,False,0.05,0.1526863566642806,0.2713682934891642,1.0,0.0,2,1086,
10,32,antigen_recognition,Hard,0.8,,False,0.05,0.1687245336106752,0.2713682934891642,1.0,0.0,1,3364,
10,33,antigen_recognition,Medium,0.5,False,False,0.2023307603586549,0.1526871819613779,0.279690065609054,1.0,0.0,3,2256,
10,34,antigen_recognition,Hard,0.8,,False,0.05,0.16872465042693435,0.279690065609054,1.0,0.0,2,4442,
10,35,antigen_recognition,Medium,0.5,,False,0.21050906982053277,0.1710320397126016,0.28791679397694053,1.0,0.0,3,4858,
10,36,antigen_recognition,Hard,0.8,False,False,0.05,0.15273137218020233,0.28791679397694053,1.0,0.0,1,6334,
10,37,antigen_recognition,Easy,0.2,True,True,0.6289000164253267,0.8172172818665727,0.30418233421619534,1.0,0.0,0,4633,
10,38,innate_immunity,Hard,0.8,,False,0.05,0.17919367653978774,0.17146314627505996,0.0,0.0,1,2610,
10,39,innate_immunity,Medium,0.5,False,False,0.12225778672582902,0.1528896284963578,0.21261711530164723,0.15,0.0,1,3501,
10,40,innate_immunity,Easy,0.2,False,True,0.5189166397049052,0.22834048711203878,0.27703329664812404,0.3,0.0,0,2751,
10,41,innate_immunity,Hard,0.8,False,False,0.05,0.15391194552277265,0.27703329664812404,0.44999999999999996,0.0,1,5350,
10,42,innate_immunity,Medium,0.5,,False,0.2078720443181126,0.16889822380552333,0.29393222860381607,0.6,0.0,1,3692,
10,43,innate_immunity,Easy,0.2,,False,0.6372835687703151,0.17105742822653985,0.30424718430095615,0.75,0.0,2,4077,
10,44,innate_immunity,Easy,0.2,,False,0.6514645659636085,0.17137401239070094,0.3123785957725829,0.9,0.0,1,3723,
10,45,innate_immunity,Medium,0.5,True,False,0.24495026610038778,0.23857955169480088,0.32041497370495703,1.0,0.0,2,3622,
10,46,innate_immunity,Hard,0.8,False,False,0.05327657993147505,0.15414120355788336,0.3283574287753101,1.0,0.0,2,3082,
10,47,innate_immunity,Hard,0.8,False,False,0.055732005713051834,0.1524133760358211,0.33620705868015227,1.0,0.0,2,3377,
10,48,innate_immunity,Medium,0.5,False,False,0.27234494885556226,0.152381548426401,0.34396494828698054,1.0,0.0,3,5228,
10,49,innate_immunity,Medium,0.5,False,False,0.2816664774679203,0.15238096333767776,0.35163216978421413,1.0,0.0,2,4534,
10,50,innate_immunity,Medium,0.5,False,False,0.2910671156074188,0.15238095258236278,0.35920978282937777,1.0,0.0,1,3691,
10,51,innate_immunity,Medium,0.5,True,False,0.30053715140543713,0.22806122460034361,0.36669883469555276,1.0,0.0,1,5337,
10,52,innate_immunity,Medium,0.5,False,False,0.31006680670592507,0.15390577617201542,0.3741003604161166,1.0,0.0,3,3234,
10,53,innate_immunity,Easy,0.2,,True,0.7397370198479344,0.5325963403373081,0.38873040543946574,1.0,0.0,0,4832,
10,54,cell_mediated_immunity,Medium,0.5,False,True,0.18560558190734724,0.2810196860929477,0.30709670807555217,0.24999999999999994,0.0,0,5024,
10,55,cell_mediated_immunity,Hard,0.8,False,True,0.05,0.30319758495292004,0.30709670807555217,0.04999999999999993,0.0,0,3841,
10,56,cell_mediated_immunity,Easy,0.2,True,False,0.655336496163964,0.3171368752079525,0.3402453003484969,0.0,0.0,2,2006,
10,57,cell_mediated_immunity,Medium,0.5,,True,0.2771729709231925,0.7249102295900054,0.4033708181337161,0.0,0.0,0,2960,
10,58,tolerance_autoimmunity,Medium,0.5,,False,0.26969687979330514,0.23017983406927484,0.34257552776941935,0.9,0.0,1,4453,
10,59,tolerance_autoimmunity,Easy,0.2,True,True,0.7017098160170077,0.8795154220495042,0.3680492982443163,0.7,0.0,0,3478,
11,0,innate_immunity,Hard,0.8,False,False,0.0727733688522958,0.151473136915078,0.4297144124880144,0.0,0.0,1,4246,
11,1,antigen_recognition,Medium,0.5,True,False,0.06761725110438752,0.2,0.08949181768834262,0.0,0.0,2,3206,
11,2,cell_mediated_immunity,Hard,0.8,,False,0.050202689338302346,0.16164383561643833,0.3597301079747224,0.0,0.0,3,3877,
11,3,humoral_immunity,Easy,0.2,True,True,0.8893931380213023,0.7384615384615385,0.5798865998212777,0.0,0.0,0,3831,
11,4,tolerance_autoimmunity,Hard,0.8,,False,0.05,0.16164383561643833,0.2916878869723976,0.0,0.0,3,4093,
11,5,innate_immunity,Medium,0.5,False,True,0.39610679143011507,0.2275631655878054,0.5281317055437421,0.0,0.0,0,2841,
11,6,cell_mediated_immunity,Medium,0.5,False,False,0.3011938393668087,0.15255307234129206,0.40590186810503903,0.0,0.0,2,5486,
11,7,cell_mediated_immunity,Medium,0.5,False,True,0.36248636820641417,0.2281557032482157,0.4915862233476573,0.0,0.0,0,3538,
11,8,tolerance_autoimmunity,Hard,0.8,False,False,0.05,0.15255307234129206,0.2916878869723976,0.0,0.0,3,5332,
11,9,tolerance_autoimmunity,Medium,0.5,False,False,0.2227221796224795,0.15238411698161172,0.32350699169629743,0.0,0.0,1,4329,
11,10,tolerance_autoimmunity,Medium,0.5,False,False,0.2575086230759911,0.1523810105539718,0.3493382478025421,0.15,0.0,1,2914,
11,11,tolerance_autoimmunity,Hard,0.8,False,False,0.06273947130535369,0.15238095345030941,0.3697987649058832,0.3,0.0,2,3079,
11,12,tolerance_autoimmunity,Easy,0.2,True,True,0.7347373438099244,0.8168280883567912,0.4009399561979065,0.44999999999999996,0.0,0,3456,
11,13,antigen_recognition,Easy,0.2,False,False,0.3400550078795685,0.15330739299610896,0.1155304399003522,0.0,0.0,2,4362,
11,14,antigen_recognition,Hard,0.8,False,False,0.05,0.15239800083060046,0.1155304399003522,0.0,0.0,1,3363,
11,15,antigen_recognition,Medium,0.5,True,False,0.09055992179334313,0.2280705819127759,0.13703031634708343,0.15,0.0,3,5408,
11,16,innate_immunity,Hard,0.8,True,False,0.16366470270082498,0.27083370775443005,0.568848147652874,0.0,0.0,3,3978,
11,17,antigen_recognition,Medium,0.5,False,False,0.10176019118852188,0.1539059828190304,0.15430570102424715,0.3,0.0,1,5600,
11,18,antigen_recognition,Hard,0.8,False,False,0.05,0.15240903562708846,0.15430570102424715,0.44999999999999996,0.0,2,5783,
11,19,antigen_recognition,Easy,0.2,,True,0.4318846859535606,0.5301699090363011,0.17365376601535776,0.6,0.0,0,3573,
11,20,cell_mediated_immunity,Easy,0.2,True,True,0.8362925807783872,0.8712851671746851,0.5479940741220656,0.0,0.0,0,2876,
11,21,innate_immunity,Hard,0.8,,False,0.1999013377841331,0.18771337891102663,0.6004707936246292,0.15,0.0,2,5819,
11,22,innate_immunity,Easy,0.2,True,True,0.9170424522431546,0.8503422043250175,0.6694197270173056,0.0,0.0,0,3884,
11,23,antigen_recognition,Hard,0.8,,False,0.05,0.25507445090249536,0.17365376601535776,0.75,0.0,1,3722,
11,24,antigen_recognition,Easy,0.2,True,False,0.460562737896925,0.28727689708943016,0.17838011945644697,0.9,0.0,1,1756,
11,25,antigen_recognition,Easy,0.2,False,True,0.46761557775968116,0.3070990468598338,0.19247808150904527,0.7,0.0,0,2250,
11,26,antigen_recognition,Easy,0.2,True,True,0.4887190370041083,0.9147865931687592,0.21557151281695408,0.49999999999999994,0.0,0,3466,
11,27,humoral_immunity,Medium,0.5,,True,0.5670612564012573,0.9265805877114871,0.5776144668476052,0.0,0.0,0,2974,
11,28,,,,,,,,,,,,,all_kcs_mastered
12,0,innate_immunity,Medium,0.5,,False,0.34422758210897064,0.16164383561643833,0.42808244012781577,0.0,0.0,2,4147,
12,1,antigen_recognition,Easy,0.2,,True,0.6767372462162873,0.43333333333333335,0.45062093005428394,0.0,0.0,0,3035,
12,2,cell_mediated_immunity,Medium,0.5,,False,0.24532634468079395,0.16164383561643833,0.33806444490795123,0.0,0.0,1,2133,
12,3,humoral_immunity,Hard,0.8,False,False,0.05,0.151473136915078,0.0609198622934376,0.0,0.0,2,4040,
12,4,tolerance_autoimmunity,Medium,0.5,,False,0.10459429522506655,0.16164383561643833,0.16370853525270224,0.0,0.0,3,4208,
12,5,humoral_immunity,Hard,0.8,False,False,0.05,0.15236428212260275,0.0609198622934376,0.0,0.0,1,3072,
12,6,humoral_immunity,Medium,0.5,False,False,0.066951992222518,0.15238064594829565,0.09967042249794966,0.0,0.0,2,4011,
12,7,humoral_immunity,Hard,0.8,False,False,0.05,0.15238094674800115,0.09967042249794966,0.15,0.0,3,4043,
12,8,humoral_immunity,Medium,0.5,False,False,0.08302202913966697,0.1523809522774055,0.12567650213612686,0.3,0.0,3,6284,
12,9,humoral_immunity,Easy,0.2,False,False,0.3903262649828805,0.15238095237904895,0.14551963180098748,0.44999999999999996,0.0,1,3205,
12,10,humoral_immunity,Easy,0.2,False,False,0.4189994224984616,0.1523809523809174,0.15962347304816163,0.6,0.0,3,4939,
12,11,humoral_immunity,Easy,0.2,True,False,0.43972969117462435,0.22806122448977673,0.1682928772594031,0.75,0.0,3,3902,
12,12,innate_immunity,Medium,0.5,False,False,0.39376692303301064,0.15255307234129206,0.46150847543770945,0.0,0.0,1,1645,
12,13,innate_immunity,Easy,0.2,,True,0.8276482577044695,0.5304041339347053,0.524453340142057,0.0,0.0,0,4096,
12,14,cell_mediated_immunity,Medium,0.5,,False,0.2745590480289613,0.17000398883127243,0.36247676082674735,0.0,0.0,3,3192,
12,15,tolerance_autoimmunity,Easy,0.2,False,True,0.44577688076116334,0.23316749585406296,0.20576988253575496,0.0,0.0,0,4037,
12,16,cell_mediated_immunity,Hard,0.8,True,False,0.06753790947372622,0.23781451495612546,0.38598874564241026,0.0,0.0,2,3800,
12,17,humoral_immunity,Hard,0.8,False,False,0.05,0.15390577616957368,0.1682928772594031,0.9,0.0,1,4570,
12,18,humoral_immunity,Medium,0.5,True,False,0.12023118449647095,0.22889875008042485,0.1751568531094283,1.0,0.0,2,3617,
12,19,humoral_immunity,Medium,0.5,False,False,0.1246560138602911,0.15392429156019313,0.1819641814170897,1.0,0.0,2,3670,
12,20,humoral_immunity,Easy,0.2,True,False,0.4729726422278939,0.22890892721706957,0.1887153296875368,1.0,0.0,1,3181,
12,21,humoral_immunity,Medium,0.5,False,True,0.13380714631353682,0.27162782206855035,0.20210619344777714,1.0,0.0,0,4434,
12,22,tolerance_autoimmunity,Hard,0.8,False,False,0.05,0.1540192774650066,0.20576988253575496,0.0,0.0,3,2898,
12,23,tolerance_autoimmunity,Hard,0.8,,False,0.05,0.16891345536977373,0.20576988253575496,0.15,0.0,2,3052,
12,24,tolerance_autoimmunity,Medium,0.5,,True,0.14611772447620444,0.5560427016296102,0.24571575093394288,0.0,0.0,0,4864,
12,25,cell_mediated_immunity,Hard,0.8,,False,0.07698268082363308,0.18190731124242604,0.4052368750308383,0.15,0.0,1,4023,
12,26,cell_mediated_immunity,Medium,0.5,True,False,0.36156483554829894,0.2444947454027379,0.4205913632953415,0.3,0.0,1,3065,
12,27,cell_mediated_immunity,Easy,0.2,True,False,0.7897714254621038,0.28090107341596326,0.4323441519423275,0.44999999999999996,0.0,2,4445,
12,28,humoral_immunity,Medium,0.5,False,False,0.1433963515141491,0.15492421026305297,0.20869111218817765,1.0,0.0,3,5246,
12,29,humoral_immunity,Hard,0.8,False,False,0.05,0.15242784154842517,0.20869111218817765,1.0,0.0,1,3175,
12,30,humoral_immunity,Hard,0.8,False,False,0.05,0.15238181436098505,0.20869111218817765,1.0,0.0,2,5457,
12,31,humoral_immunity,Medium,0.5,False,False,0.14831816086603927,0.1523809682261894,0.2152216864099698,1.0,0.0,3,2769,
12,32,humoral_immunity,Medium,0.5,True,False,0.1533363178387907,0.22806123318673927,0.22169836461173334,1.0,0.0,2,5052,
12,33,humoral_immunity,Medium,0.5,True,False,0.15844953744569545,0.27112748910258755,0.22812159159064477,1.0,0.0,2,4249,
12,34,humoral_immunity,Easy,0.2,False,False,0.5420825949599624,0.15491183789082827,0.23449180847302462,1.0,0.0,3,4926,
12,35,humoral_immunity,Hard,0.8,False,False,0.05,0.15242761277273126,0.23449180847302462,1.0,0.0,1,5320,
12,36,humoral_immunity,Medium,0.5,,True,0.1689553353781902,0.5302001268597647,0.24712709701624044,1.0,0.0,0,2781,
12,37,cell_mediated_immunity,Easy,0.2,True,True,0.8012403902894495,0.9046041653251934,0.449092361086656,0.6,0.0,0,1965,
12,38,antigen_recognition,Hard,0.8,False,False,0.09288772455794851,0.1584452757647547,0.4747902599405965,0.0,0.0,2,4233,
12,39,antigen_recognition,Easy,0.2,True,True,0.8387208960712295,0.8233805242024128,0.5737114797433737,0.0,0.0,0,3400,
12,40,innate_immunity,Easy,0.2,True,False,0.8563257396136034,0.4395032556140975,0.522479739399176,0.15,0.0,1,2615,
12,41,innate_immunity,Hard,0.8,True,True,0.15907568540253111,0.9496405716820031,0.5782976062106094,0.0,0.0,0,2055,
12,42,tolerance_autoimmunity,Medium,0.5,False,True,0.17042915097615088,0.4784780136416076,0.27464880579045237,0.0,0.0,0,3232,
12,43,tolerance_autoimmunity,Hard,0.8,False,False,0.05,0.16201286895636055,0.27464880579045237,0.0,0.0,2,3284,
12,44,tolerance_autoimmunity,Easy,0.2,False,False,0.6101381198874052,0.1525600069547501,0.2928896044640606,0.0,0.0,2,4333,
12,45,tolerance_autoimmunity,Hard,0.8,False,False,0.05,0.15238424450798238,0.2928896044640606,0.15,0.0,2,5168,
12,46,tolerance_autoimmunity,Hard,0.8,False,False,0.05,0.1523810128982241,0.2928896044640606,0.3,0.0,1,2219,
12,47,tolerance_autoimmunity,Hard,0.8,,False,0.05,0.16868132724191698,0.2928896044640606,0.44999999999999996,0.0,2,3327,
12,48,tolerance_autoimmunity,Easy,0.2,True,False,0.6358362949816927,0.23707686510273956,0.3000024394427318,0.6,0.0,3,4736,
12,49,tolerance_autoimmunity,Hard,0.8,False,False,0.05,0.1541071801822619,0.3000024394427318,0.75,0.0,1,2377,
12,50,tolerance_autoimmunity,Hard,0.8,,False,0.05,0.16892593217985355,0.3000024394427318,0.9,0.0,3,3376,
12,51,tolerance_autoimmunity,Easy,0.2,False,False,0.6456596548549716,0.1526910292818864,0.30352308287065266,1.0,0.0,1,3081,
12,52,tolerance_autoimmunity,Easy,0.2,True,True,0.6504774376887453,0.8171725428104386,0.31052895551694576,1.0,0.0,0,4151,
12,53,humoral_immunity,Hard,0.8,False,False,0.05,0.1632683444682602,0.23654835205770522,1.0,0.0,1,4669,
12,54,humoral_immunity,Easy,0.2,True,True,0.5546038865880811,0.8283281701713288,0.24914969580205182,0.8,0.0,0,3810,
12,55,antigen_recognition,Easy,0.2,True,True,0.89321382952768,0.9884714678933126,0.6380020440605152,0.0,0.0,0,3301,
12,56,,,,,,,,,,,,,all_kcs_mastered
13,0,innate_immunity,Medium,0.5,True,True,0.30384768220605235,0.7384615384615385,0.42941509494586444,0.0,0.0,0,3665,
13,1,antigen_recognition,Medium,0.5,False,False,0.07189705639277062,0.151473136915078,0.15947492537567837,0.0,0.0,2,2607,
13,2,cell_mediated_immunity,Medium,0.5,False,False,0.1377148787977158,0.151473136915078,0.24988564395165916,0.0,0.0,2,4018,
13,3,humoral_immunity,Medium,0.5,False,True,0.5514902468550993,0.2,0.5780058665072891,0.0,0.0,0,3754,
13,4,tolerance_autoimmunity,Easy,0.2,False,True,0.9103217294601851,0.2,0.6092701887084127,0.0,0.0,0,3918,
13,5,antigen_recognition,Easy,0.2,,False,0.4395101190809741,0.1685530193297038,0.23732186379428866,0.0,0.0,3,3681,
13,6,cell_mediated_immunity,Easy,0.2,,True,0.5742747765313958,0.5286442405708461,0.3534451056011269,0.0,0.0,0,5183,
13,7,antigen_recognition,Easy,0.2,True,True,0.5557500239377007,0.8335008392948863,0.3785958357313264,0.0,0.0,0,2873,
13,8,humoral_immunity,Hard,0.8,False,False,0.20883454981558824,0.15330739299610896,0.5977467322595967,0.0,0.0,2,3767,
13,9,humoral_immunity,Hard,0.8,,False,0.2290788896786598,0.16881249297831702,0.6165641212388384,0.0,0.0,1,2017,
13,10,humoral_immunity,Hard,0.8,,False,0.24962462861017362,0.17104488727924624,0.6318106667841618,0.15,0.0,2,3735,
13,11,humoral_immunity,Hard,0.8,False,True,0.2671489711285991,0.23839567402387096,0.6559240983942235,0.3,0.0,0,4144,
13,12,tolerance_autoimmunity,Medium,0.5,,True,0.6582760516680564,0.5999999999999999,0.6309992378129512,0.0,0.0,0,3252,
13,13,humoral_immunity,Hard,0.8,False,False,0.29640932418274535,0.15413703319316466,0.6647768183818028,0.44999999999999996,0.0,2,2152,
13,14,humoral_immunity,Hard,0.8,True,True,0.3076052172293147,0.8187651798579734,0.6882994054280298,0.24999999999999994,0.0,0,2905,
13,15,cell_mediated_immunity,Medium,0.5,True,False,0.29331676993957345,0.478804555023289,0.39807621834472884,0.0,0.0,3,3868,
13,16,cell_mediated_immunity,Easy,0.2,True,True,0.7664650418331134,0.9566392617938282,0.4811767513229491,0.0,0.0,0,3375,
13,17,tolerance_autoimmunity,Hard,0.8,,True,0.2661968810251544,0.8903225806451612,0.6515199031153255,0.0,0.0,0,5028,
13,18,innate_immunity,Medium,0.5,False,True,0.39567728001152513,0.6715909090909093,0.4898455469898522,0.0,0.0,0,4636,
13,19,innate_immunity,Easy,0.2,True,True,0.8505693167965612,0.9799579823362636,0.5438758305367533,0.0,0.0,0,4154,
13,20,antigen_recognition,Medium,0.5,True,True,0.3214616453651587,0.9891059581210999,0.491170150352463,0.0,0.0,0,4520,
13,21,,,,,,,,,,,,,all_kcs_mastered
14,0,innate_immunity,Medium,0.5,False,True,0.2791269698775432,0.2,0.4092809628584587,0.0,0.0,0,3308,
14,1,antigen_recognition,Hard,0.8,,False,0.05,0.16164383561643833,0.2507312343351486,0.0,0.0,2,3404,
14,2,cell_mediated_immunity,Medium,0.5,False,False,0.1666312847647796,0.151473136915078,0.2692384400630609,0.0,0.0,1,4063,
14,3,humoral_immunity,Hard,0.8,False,False,0.05,0.151473136915078,0.07501341130231035,0.0,0.0,3,5126,
14,4,tolerance_autoimmunity,Hard,0.8,False,False,0.10983634591282283,0.151473136915078,0.47878823582115376,0.0,0.0,1,3206,
14,5,cell_mediated_immunity,Hard,0.8,False,False,0.05,0.15236428212260275,0.2692384400630609,0.0,0.0,1,5180,
14,6,humoral_immunity,Easy,0.2,False,False,0.3208388346112012,0.15236428212260275,0.14393939318653032,0.0,0.0,3,4287,
14,7,tolerance_autoimmunity,Hard,0.8,,False,0.12705299295613567,0.1685530193297038,0.5049315483258142,0.0,0.0,1,7388,
14,8,cell_mediated_immunity,Medium,0.5,False,False,0.20027614307541164,0.15238064594829565,0.3049266047225967,0.0,0.0,1,4378,
14,9,humoral_immunity,Medium,0.5,False,False,0.10561238193578026,0.15238064594829565,0.20772931035721476,0.0,0.0,3,4516,
14,10,cell_mediated_immunity,Hard,0.8,False,False,0.05,0.15238094674800115,0.3049266047225967,0.15,0.0,1,3410,
14,11,humoral_immunity,Hard,0.8,False,False,0.05,0.15238094674800115,0.20772931035721476,0.15,0.0,1,3267,
14,12,cell_mediated_immunity,Medium,0.5,,True,0.23677539424905267,0.5301242144382903,0.35244997376320203,0.3,0.0,0,4891,
14,13,humoral_immunity,Medium,0.5,False,True,0.14759067114321123,0.22806122139804932,0.29038050791678305,0.3,0.0,0,2522,
14,14,antigen_recognition,Hard,0.8,False,False,0.05,0.15255307234129206,0.2507312343351486,0.0,0.0,2,3754,
14,15,antigen_recognition,Hard,0.8,False,False,0.05,0.15238411698161172,0.2507312343351486,0.0,0.0,3,4323,
14,16,antigen_recognition,Easy,0.2,True,False,0.5755147027717094,0.22806296144035879,0.2890658865656767,0.15,0.0,2,4592,
14,17,tolerance_autoimmunity,Easy,0.2,True,True,0.8617127923052357,0.8335008392948863,0.5545955433958698,0.0,0.0,0,4175,
14,18,innate_immunity,Medium,0.5,,False,0.36718455601940064,0.17575757575757575,0.43953514913078,0.0,0.0,2,5877,
14,19,innate_immunity,Hard,0.8,False,False,0.10314216274150716,0.15282262681781747,0.46823984109286293,0.0,0.0,2,2412,
14,20,innate_immunity,Easy,0.2,,True,0.8333334908503678,0.5308420557889004,0.5227089537783947,0.0,0.0,0,3918,
14,21,humoral_immunity,Easy,0.2,True,False,0.6323433527647,0.27112748214743626,0.31946327675852837,0.44999999999999996,0.0,3,4321,
14,22,antigen_recognition,Hard,0.8,False,False,0.05,0.15390581452804292,0.2890658865656767,0.3,0.0,3,3232,
14,23,antigen_recognition,Medium,0.5,True,True,0.22001058665453782,0.8185120171196584,0.33613727539770105,0.44999999999999996,0.0,0,3764,
14,24,humoral_immunity,Hard,0.8,False,False,0.05298930231507368,0.15491183771895492,0.3397475327383817,0.6,0.0,2,5396,
14,25,humoral_immunity,Medium,0.5,False,False,0.27657500849484684,0.15242761276955322,0.35204731906867825,0.75,0.0,1,3998,
14,26,humoral_immunity,Hard,0.8,False,False,0.06370210479633392,0.15238181015503544,0.36170384280500245,0.9,0.0,3,4348,
14,27,humoral_immunity,Easy,0.2,True,True,0.7251639555148587,0.8168290414860145,0.38072906539964846,1.0,0.0,0,2536,
14,28,cell_mediated_immunity,Easy,0.2,True,True,0.7139609323497952,0.9643553504298096,0.40937383485753176,0.09999999999999998,0.0,0,5367,
14,29,innate_immunity,Medium,0.5,True,False,0.5340108291363119,0.48058505485754716,0.5434870963707141,0.15,0.0,2,5158,
14,30,innate_immunity,Hard,0.8,False,False,0.17666943052831519,0.1621132634127885,0.5598535885397595,0.3,0.0,2,4649,
14,31,innate_immunity,Hard,0.8,False,False,0.19140934950199232,0.15256189453364144,0.5722519520174574,0.44999999999999996,0.0,2,4530,
14,32,innate_immunity,Medium,0.5,False,False,0.6067119203346913,0.15238427922059422,0.5810149464751321,0.6,0.0,2,2498,
14,33,innate_immunity,Easy,0.2,True,True,0.9077184211256376,0.8168317884070517,0.5917442873780414,0.75,0.0,0,3498,
14,34,tolerance_autoimmunity,Easy,0.2,,True,0.8804309630052508,0.953081474301981,0.5796259582851192,0.0,0.0,0,3338,
14,35,,,,,,,,,,,,,all_kcs_mastered
15,0,innate_immunity,Medium,0.5,False,False,0.09704581755482479,0.151473136915078,0.19430709903448717,0.0,0.0,2,3587,
15,1,antigen_recognition,Hard,0.8,,False,0.05,0.16164383561643833,0.2007842939416674,0.0,0.0,2,2757,
15,2,cell_mediated_immunity,Easy,0.2,True,False,0.7089966986155845,0.2,0.37147545361453077,0.0,0.0,2,3605,
15,3,humoral_immunity,Medium,0.5,False,False,0.06975785657929996,0.151473136915078,0.11119392098879774,0.0,0.0,2,3365,
15,4,tolerance_autoimmunity,Hard,0.8,False,False,0.05,0.151473136915078,0.17996702670517933,0.0,0.0,3,5333,
15,5,innate_immunity,Hard,0.8,False,False,0.05,0.15236428212260275,0.19430709903448717,0.0,0.0,1,3256,
15,6,humoral_immunity,Hard,0.8,False,False,0.05,0.15236428212260275,0.11119392098879774,0.0,0.0,3,3512,
15,7,tolerance_autoimmunity,Easy,0.2,,False,0.46998666621483404,0.1685530193297038,0.2371055231638724,0.0,0.0,3,3350,
15,8,innate_immunity,Easy,0.2,True,True,0.4914614787135069,0.8168095390336143,0.31640706100430727,0.0,0.0,0,4031,
15,9,humoral_immunity,Medium,0.5,,False,0.08843972488683406,0.1686789605945943,0.1521456656782167,0.0,0.0,3,5174,
15,10,antigen_recognition,Hard,0.8,,False,0.05,0.17000398883127243,0.2007842939416674,0.0,0.0,3,4036,
15,11,tolerance_autoimmunity,Hard,0.8,False,False,0.05,0.15268390696295708,0.2371055231638724,0.0,0.0,3,4615,
15,12,tolerance_autoimmunity,Medium,0.5,,False,0.17116872203658595,0.16872418687009033,0.28228912926903554,0.15,0.0,3,3768,
15,13,humoral_immunity,Medium,0.5,False,False,0.11035441671019222,0.1526863116330173,0.18535082459302932,0.15,0.0,2,3429,
15,14,humoral_immunity,Easy,0.2,False,True,0.4780403725683369,0.22822885040057944,0.23789977555402744,0.3,0.0,0,3175,
15,15,tolerance_autoimmunity,Hard,0.8,False,False,0.05,0.15268717533916368,0.28228912926903554,0.3,0.0,3,4341,
15,16,tolerance_autoimmunity,Easy,0.2,,False,0.6209858545301337,0.16872464948959562,0.3097940062186429,0.44999999999999996,0.0,1,4578,
15,17,tolerance_autoimmunity,Easy,0.2,True,True,0.6589826919515402,0.833664678102001,0.3482679056990397,0.6,0.0,0,4117,
15,18,antigen_recognition,Hard,0.8,False,False,0.05,0.1527116545681278,0.2007842939416674,0.0,0.0,1,4318,
15,19,antigen_recognition,Hard,0.8,False,False,0.05,0.15238703379434923,0.2007842939416674,0.15,0.0,3,2377,
15,20,antigen_recognition,Easy,0.2,False,False,0.5011764387415595,0.15238106417242714,0.21685406116936756,0.3,0.0,3,1513,
15,21,antigen_recognition,Easy,0.2,True,False,0.5252595697688727,0.2280612858485606,0.2292264319212911,0.44999999999999996,0.0,1,5793,
15,22,cell_mediated_immunity,Easy,0.2,,True,0.7281179946485872,0.5864864864864865,0.40917909510984907,0.0,0.0,0,3405,
15,23,antigen_recognition,Easy,0.2,True,True,0.5437276508475128,0.878269754044088,0.24693829866464592,0.6,0.0,0,3732,
15,24,humoral_immunity,Medium,0.5,False,False,0.17184586534753563,0.15390947876631358,0.25721235003561677,0.44999999999999996,0.0,1,3126,
15,25,humoral_immunity,Hard,0.8,False,False,0.05,0.15240910011868455,0.25721235003561677,0.6,0.0,3,2218,
15,26,humoral_immunity,Medium,0.5,False,False,0.18896860115266864,0.1523814698194691,0.26576833623950147,0.75,0.0,1,2910,
15,27,humoral_immunity,Easy,0.2,False,True,0.5973919728110156,0.22806150849530066,0.27930022732227083,0.9,0.0,0,2510,
15,28,humoral_immunity,Medium,0.5,True,False,0.21012059799517788,0.27112765153055707,0.2859414764733241,1.0,0.0,2,3339,
15,29,humoral_immunity,Easy,0.2,True,True,0.626129762391565,0.9003825620992518,0.29910157653983105,0.8,0.0,0,5452,
15,30,cell_mediated_immunity,Hard,0.8,False,False,0.08746997245094562,0.16842841442701567,0.4300851993469782,0.0,0.0,3,6553,
15,31,cell_mediated_immunity,Medium,0.5,True,True,0.39663908133651343,0.8333817310851341,0.4704178894400953,0.0,0.0,0,5775,
15,32,innate_immunity,Medium,0.5,False,True,0.21739021233198477,0.6702450390186122,0.3946368950886239,0.0,0.0,0,2956,
15,33,innate_immunity,Hard,0.8,False,False,0.08075159807106098,0.1761639370284225,0.44050723352590837,0.0,0.0,3,4378,
15,34,innate_immunity,Hard,0.8,False,False,0.10368294227312322,0.15283052200253658,0.4829018266934856,0.0,0.0,1,4367,
15,35,innate_immunity,Easy,0.2,True,True,0.8451962888484765,0.8173271611263884,0.5612662596179,0.0,0.0,0,3623,
15,36,tolerance_autoimmunity,Hard,0.8,False,True,0.05728612030293023,0.7294359970164889,0.3889683741922,0.39999999999999997,0.0,0,3986,
15,37,tolerance_autoimmunity,Easy,0.2,True,True,0.7565413807055991,0.9847104865197173,0.45708939766195505,0.19999999999999996,0.0,0,3217,
15,38,,,,,,,,,,,,,all_kcs_mastered
16,0,innate_immunity,Medium,0.5,False,False,0.49024121468904963,0.151473136915078,0.5169859573593245,0.0,0.0,3,4006,
16,1,antigen_recognition,Hard,0.8,False,False,0.05,0.151473136915078,0.21114831088584904,0.0,0.0,2,4633,
16,2,cell_mediated_immunity,Easy,0.2,False,True,0.556159388367461,0.2,0.3195396181116995,0.0,0.0,0,3644,
16,3,humoral_immunity,Hard,0.8,False,False,0.05,0.151473136915078,0.2889371759988597,0.0,0.0,3,3419,
16,4,tolerance_autoimmunity,Medium,0.5,False,True,0.6741428551077949,0.2,0.6425688209820017,0.0,0.0,0,3695,
16,5,innate_immunity,Medium,0.5,,False,0.5254569051638934,0.1685530193297038,0.53938896930368,0.0,0.0,3,3855,
16,6,antigen_recognition,Hard,0.8,,False,0.05,0.1685530193297038,0.21114831088584904,0.0,0.0,1,4116,
16,7,humoral_immunity,Medium,0.5,,False,0.21987809033232414,0.1685530193297038,0.3426650445677862,0.0,0.0,1,4060,
16,8,innate_immunity,Medium,0.5,True,False,0.5588099789881897,0.23700535667704026,0.5607528914910689,0.0,0.0,3,5140,
16,9,antigen_recognition,Hard,0.8,False,False,0.05,0.15268390696295708,0.21114831088584904,0.0,0.0,2,3072,
16,10,antigen_recognition,Medium,0.5,,True,0.15019019160063582,0.5306167568912628,0.2707801515329085,0.15,0.0,0,3201,
16,11,humoral_immunity,Hard,0.8,,False,0.0604258508283447,0.17100694419015453,0.39233323829009853,0.0,0.0,2,5861,
16,12,humoral_immunity,Easy,0.2,,True,0.7602406707438002,0.5591908766217969,0.470389193359357,0.15,0.0,0,5686,
16,13,cell_mediated_immunity,Easy,0.2,,True,0.6719984519132289,0.5999999999999999,0.39267410918318907,0.0,0.0,0,3141,
16,14,tolerance_autoimmunity,Hard,0.8,False,True,0.27997470690032733,0.25479452054794516,0.6627643906861314,0.0,0.0,0,4427,
16,15,innate_immunity,Medium,0.5,,False,0.5901335153290239,0.18177034292063546,0.5780699645930288,0.15,0.0,2,2407,
16,16,innate_immunity,Hard,0.8,False,False,0.20889809967633843,0.1529402339630188,0.591768846927503,0.3,0.0,1,4278,
16,17,innate_immunity,Hard,0.8,,True,0.2228062842212118,0.5310329533129746,0.6125967468435707,0.44999999999999996,0.0,0,4429,
16,18,tolerance_autoimmunity,Medium,0.5,False,True,0.726430347525358,0.2871073424551936,0.6818188706935118,0.0,0.0,0,3552,
16,19,tolerance_autoimmunity,Easy,0.2,,True,0.9473954128315387,0.6977574423500235,0.6971000552117086,0.0,0.15,0,4867,
16,20,antigen_recognition,Hard,0.8,False,False,0.05,0.16475326663266993,0.2707801515329085,0.3,0.0,2,4585,
16,21,antigen_recognition,Medium,0.5,False,False,0.20176182652221364,0.1526116907003002,0.28861441196360366,0.44999999999999996,0.0,1,3549,
16,22,antigen_recognition,Hard,0.8,True,False,0.05,0.2281878830653406,0.28861441196360366,0.6,0.0,1,4799,
16,23,antigen_recognition,Hard,0.8,,False,0.05,0.1802934950106897,0.28861441196360366,0.75,0.0,2,4751,
16,24,antigen_recognition,Hard,0.8,,False,0.05,0.17274424302849284,0.28861441196360366,0.9,0.0,1,2613,
16,25,antigen_recognition,Easy,0.2,False,False,0.6298763687670083,0.15276431829857462,0.29494099178616284,1.0,0.0,3,3849,
16,26,antigen_recognition,Easy,0.2,,True,0.63868147611155,0.5307473726161628,0.3074816228309712,1.0,0.0,0,5350,
16,27,antigen_recognition,Hard,0.8,,False,0.05,0.255288133566102,0.3074816228309712,1.0,0.0,1,3320,
16,28,antigen_recognition,Hard,0.8,False,False,0.05,0.15452857240127782,0.3074816228309712,1.0,0.0,3,3769,
16,29,antigen_recognition,Medium,0.5,False,False,0.23955691088760256,0.15242052912278917,0.31364041050594,1.0,0.0,3,4560,
16,30,antigen_recognition,Medium,0.5,,False,0.24635320143441547,0.16868691731617602,0.31974442611004994,1.0,0.0,1,5691,
16,31,antigen_recognition,Medium,0.5,False,False,0.2532159364491973,0.15268646357935678,0.3257941567488654,1.0,0.0,3,3886,
16,32,antigen_recognition,Easy,0.2,,True,0.6802160682110552,0.5306209104549924,0.33778601364306465,1.0,0.0,0,3474,
16,33,innate_immunity,Hard,0.8,,True,0.2226277277399081,0.8477082691192567,0.6200105822727711,0.24999999999999994,0.0,0,3396,
16,34,antigen_recognition,Hard,0.8,False,False,0.05878505285980296,0.1647535084013865,0.34367529466696967,1.0,0.0,2,1693,
16,35,antigen_recognition,Hard,0.8,,False,0.060770908244030086,0.17045364362045057,0.34951220042896075,1.0,0.0,2,1487,
16,36,antigen_recognition,Medium,0.5,,False,0.288449411147979,0.1712853434360051,0.3552971967190128,1.0,0.0,1,5650,
16,37,antigen_recognition,Medium,0.5,False,True,0.2956254801518355,0.23853000793636547,0.36676429365034996,1.0,0.0,0,2750,
16,38,antigen_recognition,Easy,0.2,,True,0.731173730821394,0.6472476116883417,0.37802742945205736,0.8,0.0,0,3616,
16,39,humoral_immunity,Medium,0.5,False,True,0.4330695508456063,0.4809008819848773,0.5374539597235757,0.0,0.0,0,3369,
16,40,humoral_immunity,Medium,0.5,False,False,0.5559456957988695,0.1621283798204076,0.5724039135394838,0.0,0.0,2,4045,
16,41,humoral_immunity,Hard,0.8,False,False,0.20333546657255186,0.15256217878511805,0.604713050733107,0.0,0.0,2,4789,
16,42,humoral_immunity,Hard,0.8,True,True,0.2365439207059627,0.8170295332845501,0.6644487717984217,0.0,0.0,0,4062,
16,43,cell_mediated_immunity,Easy,0.2,False,True,0.7272126183257767,0.4892829354191407,0.43183924324506096,0.0,0.0,0,3508,
16,44,cell_mediated_immunity,Easy,0.2,False,True,0.8007574969069569,0.4476547646883732,0.483744286600036,0.0,0.15,0,5257,
16,45,cell_mediated_immunity,Medium,0.5,True,False,0.47563574147413806,0.41616260329298943,0.5114873410578729,0.0,0.0,2,4096,
16,46,cell_mediated_immunity,Medium,0.5,False,False,0.5172241934643458,0.15936267263143808,0.5377395121207705,0.0,0.0,3,500,
16,47,cell_mediated_immunity,Hard,0.8,False,False,0.17170906131396851,0.15251033897532495,0.5588547074060833,0.15,0.0,3,6130,
16,48,cell_mediated_immunity,Medium,0.5,True,True,0.5873759639329862,0.8169719460918631,0.592044083488547,0.3,0.0,0,5102,
16,49,tolerance_autoimmunity,Medium,0.5,True,False,0.7421283024993323,0.5655830699016691,0.6853249930125568,0.0,0.0,3,4936,
16,50,tolerance_autoimmunity,Medium,0.5,,True,0.7524924651455053,0.8760700315154668,0.7031047542947766,0.0,0.0,0,3675,
16,51,antigen_recognition,Medium,0.5,,False,0.3134191239833067,0.2914178170151898,0.38052086968851045,0.6000000000000001,0.0,3,3719,
16,52,antigen_recognition,Hard,0.8,False,False,0.07468362957881901,0.15542728894220978,0.39704854848423826,0.4000000000000001,0.0,1,2844,
16,53,antigen_recognition,Medium,0.5,False,True,0.3503027489698342,0.22973565213175295,0.43994647108817175,0.20000000000000007,0.0,0,3344,
16,54,antigen_recognition,Easy,0.2,True,True,0.8084049109596344,0.8792558035461034,0.4897538247252734,5.551115123125783e-17,0.0,0,4771,
16,55,,,,,,,,,,,,,all_kcs_mastered
17,0,innate_immunity,Medium,0.5,,False,0.19721885504082104,0.16164383561643833,0.3149824214553518,0.0,0.0,3,4077,
17,1,antigen_recognition,Hard,0.8,False,False,0.05,0.151473136915078,0.08826985585251823,0.0,0.0,3,3877,
17,2,cell_mediated_immunity,Easy,0.2,,False,0.34101136778347513,0.16164383561643833,0.15213450178670418,0.0,0.0,2,3641,
17,3,humoral_immunity,Easy,0.2,True,True,0.42673234834680357,0.7384615384615385,0.23185871750141956,0.0,0.0,0,5128,
17,4,tolerance_autoimmunity,Easy,0.2,,True,0.6679370721642934,0.43333333333333335,0.38705644575091913,0.0,0.0,0,2718,
17,5,antigen_recognition,Easy,0.2,False,False,0.33841156402409617,0.15236428212260275,0.11414833132410926,0.0,0.0,3,3792,
17,6,antigen_recognition,Medium,0.5,True,False,0.08987926375380051,0.22805207479018869,0.13929227421823467,0.0,0.0,2,1561,
17,7,innate_immunity,Medium,0.5,True,False,0.24785122597874856,0.233167495854063,0.3606624038312188,0.0,0.0,1,6470,
17,8,cell_mediated_immunity,Medium,0.5,True,False,0.11034784070315215,0.233167495854063,0.2098514421274169,0.0,0.0,3,3306,
17,9,antigen_recognition,Easy,0.2,False,True,0.40993203326455546,0.27112208580917674,0.18082371491021185,0.15,0.0,0,5762,
17,10,innate_immunity,Hard,0.8,,False,0.06685555706268902,0.18112401687587895,0.4032962442463309,0.0,0.0,1,3246,
17,11,innate_immunity,Medium,0.5,False,False,0.3588813900822023,0.1529275108308759,0.43711844854464726,0.15,0.0,3,2443,
17,12,innate_immunity,Medium,0.5,True,False,0.40678084884393934,0.22836128980123763,0.4633932393074856,0.3,0.0,2,4554,
17,13,innate_immunity,Easy,0.2,True,True,0.8292554168349285,0.8784472953362087,0.5027548658596256,0.44999999999999996,0.0,0,5641,
17,14,cell_mediated_immunity,Medium,0.5,False,False,0.14919975225527668,0.1540192774650066,0.2636394040991391,0.0,0.0,3,4345,
17,15,cell_mediated_immunity,Hard,0.8,,False,0.05,0.16891345536977373,0.2636394040991391,0.15,0.0,1,3410,
17,16,cell_mediated_immunity,Medium,0.5,,False,0.19494963847188304,0.1710596565737086,0.2987279133859257,0.3,0.0,1,2968,
17,17,cell_mediated_immunity,Medium,0.5,True,True,0.2301202173577691,0.8358686304547555,0.35123955255287564,0.44999999999999996,0.0,0,4049,
17,18,antigen_recognition,Medium,0.5,,False,0.1284137101632773,0.18776602454652846,0.1970997188086013,0.3,0.0,2,3734,
17,19,antigen_recognition,Easy,0.2,,False,0.49564968799200576,0.17387223552433034,0.20963392035000747,0.44999999999999996,0.0,3,3165,
17,20,antigen_recognition,Medium,0.5,False,False,0.14903415587105015,0.1527860962791861,0.21860739537969404,0.6,0.0,1,2891,
17,21,antigen_recognition,Medium,0.5,False,False,0.15599221350002432,0.15238840337503132,0.22415214167391062,0.75,0.0,3,3098,
17,22,antigen_recognition,Hard,0.8,False,False,0.05,0.15238108934893718,0.22415214167391062,0.9,0.0,2,3190,
17,23,antigen_recognition,Easy,0.2,True,True,0.5361649467947066,0.8168282395517206,0.23296078309056661,1.0,0.0,0,4178,
17,24,tolerance_autoimmunity,Easy,0.2,True,True,0.7390656805208813,0.9439656379849666,0.43820796825451064,0.0,0.0,0,5189,
17,25,humoral_immunity,Hard,0.8,,False,0.05,0.3430278884462152,0.22557125607391382,0.0,0.0,1,4416,
17,26,humoral_immunity,Medium,0.5,False,False,0.161572729170216,0.15687848341588578,0.26253174864218454,0.0,0.0,1,3827,
17,27,humoral_immunity,Medium,0.5,True,True,0.19390871151175598,0.8217240820193382,0.33292477069211934,0.0,0.0,0,2058,
17,28,,,,,,,,,,,,,all_kcs_mastered
18,0,innate_immunity,Medium,0.5,False,False,0.07841382343821515,0.151473136915078,0.13601933984838252,0.0,0.0,3,4901,
18,1,antigen_recognition,Easy,0.2,False,False,0.29622392959204924,0.151473136915078,0.10086340382900365,0.0,0.0,1,3893,
18,2,cell_mediated_immunity,Medium,0.5,False,True,0.15846897307702387,0.2,0.2778669505339114,0.0,0.0,0,3741,
18,3,humoral_immunity,Hard,0.8,,False,0.06796418698547681,0.16164383561643833,0.4142143168324538,0.0,0.0,2,3345,
18,4,tolerance_autoimmunity,Medium,0.5,True,True,0.2616663764558773,0.7384615384615385,0.3809139744222931,0.0,0.0,0,3289,
18,5,innate_immunity,Medium,0.5,,False,0.10120707884660401,0.1685530193297038,0.18032636357002885,0.0,0.0,2,4130,
18,6,antigen_recognition,Hard,0.8,False,False,0.05,0.15236428212260275,0.10086340382900365,0.0,0.0,1,4202,
18,7,antigen_recognition,Hard,0.8,False,False,0.05,0.15238064594829565,0.10086340382900365,0.0,0.0,3,4012,
18,8,antigen_recognition,Easy,0.2,True,False,0.3555297852356739,0.22806105629874535,0.13735775227697372,0.15,0.0,2,3736,
18,9,humoral_immunity,Hard,0.8,False,False,0.08991165508899185,0.15255307234129206,0.4608017989933429,0.0,0.0,2,5993,
18,10,humoral_immunity,Hard,0.8,False,False,0.11555750566073865,0.15238411698161172,0.5036841829306716,0.0,0.0,1,4719,
18,11,humoral_immunity,Hard,0.8,,True,0.14456326567637454,0.5301293720235979,0.5707865010567376,0.15,0.0,0,3069,
18,12,innate_immunity,Easy,0.2,True,True,0.4705237639149856,0.8335008392948863,0.26439606773895696,0.0,0.0,0,3496,
18,13,cell_mediated_immunity,Medium,0.5,False,False,0.20869687081919905,0.15330739299610896,0.30391399587574863,0.0,0.0,1,4303,
18,14,cell_mediated_immunity,Hard,0.8,False,False,0.05,0.15239800083060046,0.30391399587574863,0.0,0.0,3,2940,
18,15,cell_mediated_immunity,Medium,0.5,True,False,0.23567920239618254,0.2280705819127759,0.32525540403585246,0.15,0.0,1,3999,
18,16,antigen_recognition,Easy,0.2,False,False,0.40712737373991625,0.15390577245528558,0.16619207653595033,0.3,0.0,1,2603,
18,17,antigen_recognition,Medium,0.5,False,False,0.11890427254353614,0.15240903174641343,0.1880903422655896,0.44999999999999996,0.0,2,6017,
18,18,antigen_recognition,Medium,0.5,,False,0.13337311610033956,0.16868529081955083,0.20359808947359417,0.6,0.0,3,3405,
18,19,antigen_recognition,Easy,0.2,True,True,0.5053969246022487,0.8336271286897129,0.22261251950710076,0.75,0.0,0,3926,
18,20,cell_mediated_immunity,Hard,0.8,False,False,0.054760584248637875,0.1539059828190304,0.342291838206484,0.3,0.0,2,4230,
18,21,cell_mediated_immunity,Hard,0.8,False,False,0.06029884411730565,0.15240903562708846,0.3553396344242711,0.44999999999999996,0.0,2,3490,
18,22,cell_mediated_immunity,Medium,0.5,,True,0.2956785039998515,0.5301699090363011,0.3739417441431393,0.6,0.0,0,2249,
18,23,humoral_immunity,Hard,0.8,False,False,0.20176796228888277,0.16472492586761966,0.5946812184591411,0.3,0.0,2,5711,
18,24,humoral_immunity,Easy,0.2,,True,0.9143612064875479,0.5496561738238179,0.6527041570265779,0.09999999999999998,0.0,0,4324,
18,25,cell_mediated_immunity,Easy,0.2,True,True,0.739553751354799,0.9643616145407394,0.4010397440848261,0.39999999999999997,0.0,0,3422,
18,26,humoral_immunity,Medium,0.5,True,True,0.7142722876240476,0.9669461899479366,0.7079449707029598,0.0,0.0,0,5079,
18,27,tolerance_autoimmunity,Easy,0.2,False,False,0.7224562411521941,0.18011187072715973,0.38505449938837916,0.0,0.0,3,3809,
18,28,tolerance_autoimmunity,Hard,0.8,False,True,0.0765853193334082,0.243482294205453,0.4342232217141112,0.0,0.0,0,3533,
18,29,tolerance_autoimmunity,Medium,0.5,True,True,0.40259584462631043,0.8869287520624446,0.4794605984933835,0.0,0.0,0,2886,
18,30,innate_immunity,Medium,0.5,True,True,0.18867812545238402,0.9891059581210999,0.3331125994162608,0.0,0.0,0,4893,
18,31,antigen_recognition,Medium,0.5,False,False,0.15918228680823154,0.19771631387459265,0.2300367005199192,0.9,0.0,3,2942,
18,32,antigen_recognition,Hard,0.8,False,False,0.05,0.15326050138524427,0.2300367005199192,1.0,0.0,2,4943,
18,33,antigen_recognition,Hard,0.8,False,False,0.05,0.15239713704680377,0.2300367005199192,1.0,0.0,2,1746,
18,34,antigen_recognition,Medium,0.5,,True,0.16523524113082244,0.5301505533066193,0.24474325819420187,1.0,0.0,0,4535,
18,35,antigen_recognition,Hard,0.8,False,True,0.05,0.4800243723856249,0.24474325819420187,0.8,0.0,0,2947,
18,36,antigen_recognition,Easy,0.2,True,True,0.5667146875160943,0.9568399380728501,0.2735945731588449,0.6000000000000001,0.0,0,3263,
18,37,,,,,,,,,,,,,all_kcs_mastered
19,0,innate_immunity,Hard,0.8,,False,0.05,0.16164383561643833,0.2930440318481361,0.0,0.0,3,2520,
19,1,antigen_recognition,Easy,0.2,True,False,0.6007389523305432,0.2,0.3131216204454451,0.0,0.0,3,4302,
19,2,cell_mediated_immunity,Easy,0.2,False,True,0.8013625286116358,0.2,0.5095725871732762,0.0,0.0,0,3904,
19,3,humoral_immunity,Hard,0.8,False,False,0.09882805057963887,0.151473136915078,0.4477044120311051,0.0,0.0,1,3317,
19,4,tolerance_autoimmunity,Easy,0.2,,True,0.8108483620333636,0.43333333333333335,0.505722365323799,0.0,0.0,0,4475,
19,5,humoral_immunity,Medium,0.5,,True,0.4221939317784585,0.5286442405708461,0.478973791659632,0.0,0.0,0,5414,
19,6,innate_immunity,Hard,0.8,False,False,0.05,0.15255307234129206,0.2930440318481361,0.0,0.0,2,3000,
19,7,innate_immunity,Medium,0.5,False,True,0.22413398759529776,0.2281557032482157,0.34278815514918753,0.0,0.0,0,3671,
19,8,antigen_recognition,Medium,0.5,False,False,0.2457757361779069,0.15330739299610896,0.35538187978100494,0.0,0.0,1,4794,
19,9,antigen_recognition,Easy,0.2,True,False,0.7175399049687344,0.22856993900213754,0.3950420725367039,0.0,0.0,1,3408,
19,10,cell_mediated_immunity,Easy,0.2,True,True,0.8649977572674119,0.8597938144329896,0.576198796810464,0.0,0.0,0,4397,
19,11,innate_immunity,Easy,0.2,True,True,0.7019767815214195,0.8783256709426541,0.38903209185522514,0.0,0.0,0,3927,
19,12,antigen_recognition,Hard,0.8,True,False,0.08093224191984387,0.2714276921695571,0.42667915373372606,0.15,0.0,2,3575,
19,13,antigen_recognition,Easy,0.2,False,True,0.7957718742995216,0.297263896362791,0.47606222315857966,0.3,0.0,0,3429,
19,14,antigen_recognition,Easy,0.2,True,True,0.8397505660353168,0.9111430578908223,0.5340858042922201,0.09999999999999998,0.0,0,4598,
19,15,tolerance_autoimmunity,Hard,0.8,,False,0.14608215648957182,0.22416107382550338,0.533713876944328,0.0,0.0,1,4792,
19,16,tolerance_autoimmunity,Hard,0.8,True,True,0.16830097413716955,0.8759265105120273,0.5865265171138742,0.0,0.0,0,5944,
19,17,humoral_immunity,Easy,0.2,,True,0.842087487238405,0.8594327813740568,0.5084727894063322,0.0,0.0,0,6026,
19,18,,,,,,,,,,,,,all_kcs_mastered
20,0,innate_immunity,Medium,0.5,True,False,0.3179020494520224,0.2,0.399537710569077,0.0,0.0,2,4298,
20,1,antigen_recognition,Medium,0.5,False,False,0.08021241153548932,0.151473136915078,0.15150016675355274,0.0,0.0,3,4873,
20,2,cell_mediated_immunity,Easy,0.2,,True,0.8544768695011299,0.43333333333333335,0.5480801931167542,0.0,0.0,0,4219,
20,3,humoral_immunity,Easy,0.2,True,True,0.9169149961493253,0.7384615384615385,0.6518932712588733,0.0,0.0,0,3412,
20,4,tolerance_autoimmunity,Hard,0.8,False,False,0.08559718822832586,0.151473136915078,0.42995459554641513,0.0,0.0,1,4333,
20,5,antigen_recognition,Hard,0.8,,False,0.05,0.1685530193297038,0.15150016675355274,0.0,0.0,3,5062,
20,6,tolerance_autoimmunity,Easy,0.2,True,True,0.7989472437604523,0.8158135829516033,0.4773478012818049,0.0,0.0,0,3952,
20,7,antigen_recognition,Easy,0.2,False,True,0.4277593130654873,0.23700535667704026,0.2602141476773521,0.0,0.0,0,2368,
20,8,innate_immunity,Medium,0.5,,False,0.3537093632402373,0.17575757575757575,0.42517071079573887,0.0,0.0,3,4495,
20,9,innate_immunity,Medium,0.5,True,False,0.3896043217576029,0.24103405826836272,0.44970946961509645,0.0,0.0,2,4887,
20,10,antigen_recognition,Easy,0.2,,True,0.5893514331192187,0.6455103576268562,0.35499915750980726,0.0,0.0,0,3100,
20,11,innate_immunity,Hard,0.8,True,False,0.10892750852079097,0.2788298232234907,0.46967701446780696,0.15,0.0,1,4278,
20,12,innate_immunity,Medium,0.5,False,False,0.45464057445115297,0.15510416447221848,0.48552420189878415,0.3,0.0,2,2987,
20,13,innate_immunity,Easy,0.2,,True,0.8472437877245026,0.5345272219405451,0.5096827782650413,0.44999999999999996,0.0,0,4789,
20,14,cell_mediated_immunity,Medium,0.5,False,False,0.5716242548405506,0.1600363306085377,0.5718203752419074,0.0,0.0,3,2878,
20,15,cell_mediated_immunity,Easy,0.2,True,True,0.9029921757869803,0.8250375596781553,0.6168065082646765,0.0,0.0,0,3460,
20,16,innate_immunity,Medium,0.5,True,False,0.5145200835839254,0.4835805206843316,0.5180551951025948,0.6,0.0,3,3321,
20,17,innate_immunity,Medium,0.5,True,True,0.5270563375358046,0.9574197545882243,0.5427435557419582,0.39999999999999997,0.0,0,4017,
20,18,antigen_recognition,Hard,0.8,False,False,0.06476666241851006,0.17351550982793082,0.3963195010966909,0.0,0.0,3,2673,
20,19,antigen_recognition,Medium,0.5,,False,0.34930785545464976,0.17173613487874498,0.43499276163861855,0.0,0.0,1,3935,
20,20,antigen_recognition,Easy,0.2,True,False,0.8037590934662047,0.23878193070005627,0.4657591543751443,0.15,0.0,2,3757,
20,21,antigen_recognition,Medium,0.5,False,False,0.44881862563446523,0.15414579581625953,0.48971650402743,0.3,0.0,3,5600,
20,22,antigen_recognition,Easy,0.2,True,True,0.850470881026227,0.8187747629360799,0.5256755242184551,0.44999999999999996,0.0,0,4061,
20,23,humoral_immunity,Easy,0.2,True,True,0.9228968774164937,0.9825095460330928,0.6636798946521413,0.0,0.0,0,5510,
20,24,tolerance_autoimmunity,Easy,0.2,,False,0.836066864674912,0.4058487330478092,0.49350950179376923,0.0,0.0,2,3611,
20,25,tolerance_autoimmunity,Hard,0.8,False,False,0.13717635133954026,0.15897626050080296,0.5114059508901263,0.15,0.0,3,5240,
20,26,tolerance_autoimmunity,Easy,0.2,True,True,0.8662771717610838,0.8239363080455856,0.5520273436943496,0.0,0.0,0,4985,
20,27,,,,,,,,,,,,,all_kcs_mastered
21,0,innate_immunity,Hard,0.8,False,True,0.08697062054801057,0.2,0.450932343358469,0.0,0.0,0,3862,
21,1,antigen_recognition,Hard,0.8,False,False,0.06098921149630372,0.151473136915078,0.3850653276112384,0.0,0.0,2,3736,
21,2,cell_mediated_immunity,Easy,0.2,,True,0.6665735380571419,0.43333333333333335,0.3530444564109393,0.0,0.0,0,4008,
21,3,humoral_immunity,Hard,0.8,False,False,0.05,0.151473136915078,0.15740763527846818,0.0,0.0,1,3670,
21,4,tolerance_autoimmunity,Easy,0.2,,False,0.26741726482779865,0.16164383561643833,0.08949039252641527,0.0,0.0,1,3775,
21,5,antigen_recognition,Hard,0.8,False,False,0.07658991409185976,0.15236428212260275,0.4232859821671854,0.0,0.0,3,4285,
21,6,humoral_immunity,Medium,0.5,False,False,0.11349236336332559,0.15236428212260275,0.16972516633746282,0.0,0.0,3,5061,
21,7,antigen_recognition,Hard,0.8,True,False,0.09446606300499216,0.22805207479018869,0.4591310698535487,0.0,0.0,2,3371,
21,8,humoral_immunity,Hard,0.8,True,False,0.05,0.22805207479018869,0.16972516633746282,0.0,0.0,1,3200,
21,9,tolerance_autoimmunity,Easy,0.2,False,False,0.34005308889368135,0.15255307234129206,0.143531880529633,0.0,0.0,1,3910,
21,10,tolerance_autoimmunity,Medium,0.5,False,False,0.10538164657288746,0.15238411698161172,0.19436584342643753,0.0,0.0,1,3801,
21,11,tolerance_autoimmunity,Hard,0.8,False,False,0.05,0.1523810105539718,0.19436584342643753,0.15,0.0,3,4260,
21,12,tolerance_autoimmunity,Medium,0.5,False,False,0.13778562023755705,0.15238095345030941,0.22783761327385343,0.3,0.0,1,5701,
21,13,tolerance_autoimmunity,Easy,0.2,,True,0.5416596147175804,0.530124225342211,0.2782507933412679,0.44999999999999996,0.0,0,4363,
21,14,innate_immunity,Medium,0.5,,False,0.42692556383855684,0.17575757575757575,0.47078424375888483,0.0,0.0,2,3622,
21,15,innate_immunity,Hard,0.8,,True,0.12182133737876247,0.5662288930581614,0.5090525276621503,0.0,0.0,0,5033,
21,16,antigen_recognition,Easy,0.2,,True,0.8256039647066203,0.6351005399285546,0.5162802619459003,0.15,0.0,0,3754,
21,17,humoral_immunity,Hard,0.8,False,False,0.05,0.15390557411223033,0.16972516633746282,0.15,0.0,3,2747,
21,18,humoral_immunity,Medium,0.5,,False,0.12114316306818437,0.16889731973736594,0.17822139243151705,0.3,0.0,1,4068,
21,19,humoral_immunity,Medium,0.5,False,False,0.12667625777153044,0.1526904825863751,0.18482868697913393,0.44999999999999996,0.0,3,4520,
21,20,humoral_immunity,Hard,0.8,False,False,0.05,0.15238664431478374,0.18482868697913393,0.6,0.0,3,3762,
21,21,humoral_immunity,Medium,0.5,False,False,0.13112731584959927,0.15238105701277868,0.187807855313354,0.75,0.0,2,2796,
21,22,humoral_immunity,Hard,0.8,False,False,0.05,0.1523809543043318,0.187807855313354,0.9,0.0,1,4664,
21,23,humoral_immunity,Medium,0.5,False,False,0.1331773307437578,0.1523809524163086,0.19018247971939298,1.0,0.0,3,5669,
21,24,humoral_immunity,Hard,0.8,False,False,0.05,0.15238095238160232,0.19018247971939298,1.0,0.0,3,2808,
21,25,humoral_immunity,Medium,0.5,False,False,0.134830719980635,0.15238095238096433,0.1925501613827489,1.0,0.0,3,4010,
21,26,humoral_immunity,Hard,0.8,False,False,0.05,0.15238095238095262,0.1925501613827489,1.0,0.0,3,3993,
21,27,humoral_immunity,Medium,0.5,False,False,0.13649649362065727,0.1523809523809524,0.19491092060207443,1.0,0.0,3,3866,
21,28,humoral_immunity,Easy,0.2,False,True,0.49236697395091816,0.22806122448979593,0.19961863463127466,1.0,0.0,0,4385,
21,29,humoral_immunity,Hard,0.8,False,False,0.05,0.1539057761695741,0.19961863463127466,1.0,0.0,1,3423,
21,30,humoral_immunity,Easy,0.2,False,True,0.49942795219650704,0.2288987500804251,0.20429882056209686,0.8,0.0,0,4535,
21,31,humoral_immunity,Medium,0.5,,False,0.14501991770583797,0.18041150280332505,0.20895163936357944,0.6000000000000001,0.0,2,4429,
21,32,humoral_immunity,Hard,0.8,,False,0.05,0.1727619204067094,0.20895163936357944,0.7500000000000001,0.0,1,4909,
21,33,humoral_immunity,Easy,0.2,,False,0.5134242320749718,0.17162492166413607,0.21126444521354132,0.9000000000000001,0.0,1,4980,
21,34,humoral_immunity,Easy,0.2,True,True,0.516890238817769,0.836395248179543,0.2158765329086993,1.0,0.0,0,2262,
21,35,cell_mediated_immunity,Hard,0.8,False,False,0.05470960911120829,0.1584452757647547,0.343621502331708,0.0,0.0,2,4894,
21,36,cell_mediated_immunity,Hard,0.8,,False,0.060752488764868814,0.16954444489027531,0.36164303791621066,0.0,0.0,2,4347,
21,37,cell_mediated_immunity,Hard,0.8,False,False,0.06722356026095071,0.15270285618802876,0.3765407635979232,0.15,0.0,1,3939,
21,38,cell_mediated_immunity,Medium,0.5,True,False,0.322838976645379,0.22823793384775204,0.38852315637580104,0.3,0.0,2,3224,
21,39,cell_mediated_immunity,Medium,0.5,False,False,0.33875191501756446,0.1539096794506069,0.3977569497657286,0.44999999999999996,0.0,2,6199,
21,40,cell_mediated_immunity,Hard,0.8,False,False,0.08215217405056588,0.15240910382083014,0.4043710266124697,0.6,0.0,2,4603,
21,41,cell_mediated_immunity,Easy,0.2,True,True,0.7731573814912792,0.816859402946835,0.41254782458589206,0.75,0.0,0,4267,
21,42,tolerance_autoimmunity,Medium,0.5,False,False,0.1908447867894051,0.16201092796465286,0.2768313684866043,0.6,0.0,1,3793,
21,43,tolerance_autoimmunity,Hard,0.8,,False,0.05,0.1700569215029507,0.2768313684866043,0.75,0.0,3,3283,
21,44,tolerance_autoimmunity,Hard,0.8,False,False,0.05,0.1527126686255497,0.2768313684866043,0.9,0.0,2,4930,
21,45,tolerance_autoimmunity,Medium,0.5,False,False,0.20767261645662793,0.15238705244941894,0.28541581583421083,1.0,0.0,2,5401,
21,46,tolerance_autoimmunity,Easy,0.2,True,False,0.6253911537381662,0.22806457263165536,0.2938983606198802,1.0,0.0,3,3363,
21,47,tolerance_autoimmunity,Medium,0.5,False,False,0.22502664402710704,0.15390585010942043,0.30228021248841636,1.0,0.0,2,2141,
21,48,tolerance_autoimmunity,Medium,0.5,False,True,0.23391797526260524,0.2288987907217178,0.3188449209624052,1.0,0.0,0,4060,
21,49,tolerance_autoimmunity,Medium,0.5,False,False,0.252196730676704,0.15392429245961672,0.3269306421299787,1.0,0.0,2,3657,
21,50,tolerance_autoimmunity,Easy,0.2,False,False,0.6816975065536213,0.15240937340055677,0.3349203809158424,1.0,0.0,2,5738,
21,51,tolerance_autoimmunity,Easy,0.2,False,True,0.6920076968952336,0.22807682408537244,0.3507101724615462,0.8,0.0,0,4616,
21,52,tolerance_autoimmunity,Hard,0.8,False,False,0.06322525867987702,0.15390612067398457,0.3584176338957845,0.9500000000000001,0.0,2,2424,
21,53,tolerance_autoimmunity,Hard,0.8,,False,0.06602019125363189,0.1688973972910198,0.36603360311924005,1.0,0.0,2,5237,
21,54,tolerance_autoimmunity,Easy,0.2,,True,0.7303111164320019,0.5560184415395183,0.38108472927991316,0.8,0.0,0,1910,
21,55,innate_immunity,Medium,0.5,False,True,0.4131295724111935,0.4447100297618569,0.48187925140950105,0.0,0.0,0,4115,
21,56,innate_immunity,Hard,0.8,,True,0.1291242167045664,0.8153728828956708,0.5193452407898324,0.0,0.0,0,3800,
21,57,antigen_recognition,Easy,0.2,True,True,0.8165846352271063,0.9662812511701775,0.5174028243040979,0.0,0.0,0,4046,
21,58,tolerance_autoimmunity,Medium,0.5,False,True,0.3288277784008112,0.5013038014418464,0.41047231785939836,0.6000000000000001,0.0,0,3918,
21,59,tolerance_autoimmunity,Medium,0.5,True,False,0.3688470672003168,0.457022092156412,0.43146646414877093,0.4000000000000001,0.0,2,5217,
22,0,innate_immunity,Hard,0.8,False,False,0.0754615185387001,0.151473136915078,0.420808268284871,0.0,0.0,2,5139,
22,1,antigen_recognition,Hard,0.8,False,True,0.05,0.2,0.1163147508433081,0.0,0.0,0,2772,
22,2,cell_mediated_immunity,Hard,0.8,False,False,0.05,0.151473136915078,0.1525865159988434,0.0,0.0,1,5113,
22,3,humoral_immunity,Easy,0.2,True,False,0.34162526467080756,0.2,0.11080110964576585,0.0,0.0,2,3619,
22,4,tolerance_autoimmunity,Hard,0.8,True,False,0.28676781724805755,0.2,0.6771993465537047,0.0,0.0,2,4924,
22,5,innate_immunity,Hard,0.8,False,False,0.09320201200907889,0.15236428212260275,0.4568384731220397,0.0,0.0,3,4011,
22,6,cell_mediated_immunity,Medium,0.5,False,False,0.11061437085232938,0.15236428212260275,0.1897402355762503,0.0,0.0,2,4041,
22,7,innate_immunity,Medium,0.5,,False,0.43561712805302905,0.1686789605945943,0.49062732058215447,0.0,0.0,2,5324,
22,8,cell_mediated_immunity,Medium,0.5,False,False,0.1345214894128244,0.15238064594829565,0.22526499962663526,0.0,0.0,2,3924,
22,9,cell_mediated_immunity,Hard,0.8,False,False,0.05,0.15238094674800115,0.22526499962663526,0.15,0.0,2,3240,
22,10,cell_mediated_immunity,Medium,0.5,True,True,0.16132395812381775,0.8168280809000883,0.2728191187098866,0.3,0.0,0,4991,
22,11,innate_immunity,Hard,0.8,,True,0.13514237139602167,0.555688263267478,0.5444950843190607,0.15,0.0,0,3920,
22,12,antigen_recognition,Easy,0.2,True,True,0.3770445881059307,0.8597938144329896,0.20288017639243122,0.0,0.0,0,4050,
22,13,humoral_immunity,Hard,0.8,False,False,0.05,0.15330739299610896,0.11080110964576585,0.0,0.0,2,4057,
22,14,humoral_immunity,Medium,0.5,False,False,0.08824990278191067,0.15239800083060046,0.1304992752740609,0.0,0.0,2,2600,
22,15,humoral_immunity,Hard,0.8,False,False,0.05,0.1523812657777585,0.1304992752740609,0.15,0.0,3,4276,
22,16,humoral_immunity,Easy,0.2,,False,0.3972338050135667,0.16868136301353626,0.14398253378096892,0.3,0.0,3,4604,
22,17,humoral_immunity,Medium,0.5,False,False,0.10563683438275749,0.15268635751075316,0.15441224271028192,0.44999999999999996,0.0,2,4348,
22,18,humoral_immunity,Hard,0.8,,False,0.05,0.1687245337304886,0.15441224271028192,0.6,0.0,3,4996,
22,19,humoral_immunity,Easy,0.2,False,False,0.4320415393808845,0.15268718196366615,0.15909525791560788,0.75,0.0,3,3748,
22,20,humoral_immunity,Hard,0.8,False,False,0.05,0.1523865835982827,0.15909525791560788,0.9,0.0,3,5453,
22,21,humoral_immunity,Easy,0.2,False,True,0.4389490307273187,0.22806431529286195,0.16654658565201488,1.0,0.0,0,4640,
22,22,tolerance_autoimmunity,Hard,0.8,False,False,0.31255856049234076,0.15310397847395735,0.6959987775969753,0.0,0.0,2,4869,
22,23,tolerance_autoimmunity,Hard,0.8,,False,0.34887059530903275,0.16878367057074217,0.7211021536690567,0.0,0.0,1,3874,
22,24,tolerance_autoimmunity,Medium,0.5,True,False,0.7902798204520891,0.23713390918973268,0.7406780153934837,0.15,0.0,1,3170,
22,25,humoral_immunity,Easy,0.2,True,False,0.44998767685080593,0.27112930750198533,0.17023923609892544,1.0,0.0,3,3902,
22,26,tolerance_autoimmunity,Medium,0.5,True,True,0.8090838284697807,0.8834759661757621,0.7706575008463014,0.3,0.0,0,5054,
22,27,humoral_immunity,Easy,0.2,True,False,0.45547709355220023,0.2970802192739423,0.17391552610254266,1.0,0.0,1,3360,
22,28,humoral_immunity,Hard,0.8,False,False,0.05,0.1555763290890572,0.17391552610254266,1.0,0.0,1,4634,
22,29,humoral_immunity,Medium,0.5,False,False,0.12384558472978792,0.15243990909435973,0.17757552814849947,1.0,0.0,1,1409,
22,30,humoral_immunity,Medium,0.5,False,False,0.12624816821921908,0.15238203621806773,0.18121931440127811,1.0,0.0,3,1743,
22,31,humoral_immunity,Easy,0.2,False,True,0.4718587427610754,0.22806181937359132,0.18847459900998806,1.0,0.0,0,4392,
22,32,humoral_immunity,Hard,0.8,False,False,0.05,0.1539057893068498,0.18847459900998806,1.0,0.0,1,4228,
22,33,humoral_immunity,Medium,0.5,False,False,0.1336398266931971,0.15240903205728176,0.19207009647038223,1.0,0.0,1,4637,
22,34,humoral_immunity,Hard,0.8,,True,0.05,0.5301699032293615,0.19207009647038223,0.8,0.0,0,5344,
22,35,innate_immunity,Easy,0.2,True,False,0.8762551341552633,0.47820575054089465,0.546869339388067,0.3,0.0,3,3482,
22,36,innate_immunity,Medium,0.5,,True,0.5698443261986057,0.8341168518054218,0.5976081557877858,0.09999999999999998,0.0,0,4352,
22,37,humoral_immunity,Hard,0.8,False,False,0.05,0.16472728053361213,0.19207009647038223,0.9500000000000001,0.0,1,3480,
22,38,humoral_immunity,Medium,0.5,,False,0.13615735126402245,0.17044983914814155,0.1956496639278807,1.0,0.0,2,4920,
22,39,humoral_immunity,Easy,0.2,,True,0.49347486636037546,0.5583559273059366,0.20277707999418346,0.8,0.0,0,3246,
22,40,humoral_immunity,Easy,0.2,,False,0.5041655236160012,0.26599695740152896,0.2063092097103354,0.9500000000000001,0.0,1,3373,
22,41,humoral_immunity,Medium,0.5,,True,0.1465219294846583,0.676900037840094,0.2151004108771238,0.75,0.0,0,5414,
22,42,humoral_immunity,Easy,0.2,False,True,0.5226351344800315,0.6098138301741752,0.23074929893609053,0.55,0.0,0,3070,
22,43,humoral_immunity,Hard,0.8,False,False,0.05,0.17026218641227966,0.23074929893609053,0.35000000000000003,0.0,2,4764,
22,44,humoral_immunity,Hard,0.8,False,False,0.05,0.1527166021878374,0.23074929893609053,0.15000000000000002,0.0,2,3334,
22,45,humoral_immunity,Medium,0.5,False,False,0.16582582867573556,0.15238712481346633,0.24267799061410392,0.30000000000000004,0.0,3,3401,
22,46,humoral_immunity,Easy,0.2,False,False,0.5636694607886815,0.1523810658455964,0.2519051950057913,0.45000000000000007,0.0,1,4313,
22,47,humoral_immunity,Easy,0.2,,True,0.5772345550087438,0.5301244081969722,0.2651630571415144,0.6000000000000001,0.0,0,1963,
22,48,humoral_immunity,Medium,0.5,,False,0.19638841257641973,0.2550576310444338,0.2692327146633681,0.7500000000000001,0.0,2,1185,
22,49,humoral_immunity,Easy,0.2,False,True,0.602381098886871,0.2872667079321932,0.28380234319148,0.55,0.0,0,3328,
22,50,humoral_immunity,Hard,0.8,True,False,0.05,0.3070926739130035,0.28380234319148,0.35000000000000003,0.0,3,4134,
22,51,humoral_immunity,Hard,0.8,False,False,0.05,0.1558456952162699,0.28380234319148,0.5,0.0,2,3819,
22,52,humoral_immunity,Hard,0.8,False,False,0.05,0.15244489909136494,0.28380234319148,0.65,0.0,3,4042,
22,53,humoral_immunity,Medium,0.5,True,False,0.2146389994422187,0.22809632384397172,0.28697548706726483,0.8,0.0,2,5190,
22,54,humoral_immunity,Easy,0.2,True,False,0.6275809393657943,0.27114819242040217,0.2901345721954948,0.9500000000000001,0.0,1,3770,
22,55,humoral_immunity,Medium,0.5,,False,0.22111291865886154,0.18777079222893467,0.293279660864043,1.0,0.0,2,4610,
22,56,humoral_immunity,Hard,0.8,,False,0.05,0.17387296084942838,0.293279660864043,1.0,0.0,2,5599,
22,57,humoral_immunity,Medium,0.5,False,True,0.22437993588451724,0.2399775494383689,0.29954196930558374,1.0,0.0,0,3903,
22,58,humoral_immunity,Medium,0.5,,False,0.2309866906337346,0.18227465900839637,0.3026453781051137,1.0,0.0,2,4154,
22,59,humoral_immunity,Medium,0.5,False,False,0.23431083098537586,0.1529501752877554,0.30573503712128053,1.0,0.0,2,3712,
23,0,innate_immunity,Hard,0.8,False,False,0.13251561228738673,0.151473136915078,0.5247132770028176,0.0,0.0,2,5161,
23,1,antigen_recognition,Medium,0.5,False,False,0.08231603503299796,0.151473136915078,0.15808491734179972,0.0,0.0,3,5301,
23,2,cell_mediated_immunity,Hard,0.8,False,False,0.20683333908201118,0.151473136915078,0.5964276196927469,0.0,0.0,2,2564,
23,3,humoral_immunity,Easy,0.2,,True,0.8682434135290527,0.43333333333333335,0.5974645001373832,0.0,0.0,0,3003,
23,4,tolerance_autoimmunity,Hard,0.8,False,False,0.05,0.151473136915078,0.06576584192889245,0.0,0.0,3,3117,
23,5,innate_immunity,Medium,0.5,,True,0.5370021435949223,0.5286442405708461,0.5948514285793604,0.0,0.0,0,4454,
23,6,antigen_recognition,Medium,0.5,True,False,0.11390186157266702,0.22756316558780537,0.21406387663278817,0.0,0.0,2,5052,
23,7,cell_mediated_immunity,Easy,0.2,True,True,0.9151781614174819,0.8158135829516033,0.6353507642963202,0.0,0.0,0,4261,
23,8,tolerance_autoimmunity,Medium,0.5,False,True,0.06879137609165337,0.2275631655878054,0.13075668230138976,0.0,0.0,0,2141,
23,9,antigen_recognition,Hard,0.8,,False,0.05,0.1801899398371758,0.21406387663278817,0.0,0.0,2,3626,
23,10,antigen_recognition,Medium,0.5,False,False,0.1524366171335911,0.15290915800335053,0.2584822557392937,0.15,0.0,3,2596,
23,11,antigen_recognition,Medium,0.5,True,False,0.19013911992502716,0.22835121144498752,0.2929947317979478,0.3,0.0,1,4347,
23,12,tolerance_autoimmunity,Hard,0.8,False,False,0.05,0.15389478410989638,0.13075668230138976,0.0,0.0,3,4928,
23,13,tolerance_autoimmunity,Medium,0.5,False,False,0.09837074951760469,0.15240882904207578,0.15645630227072507,0.15,0.0,2,2049,
23,14,tolerance_autoimmunity,Hard,0.8,,False,0.05,0.16868526214396296,0.15645630227072507,0.3,0.0,3,5144,
23,15,tolerance_autoimmunity,Hard,0.8,False,False,0.05,0.15268643197095788,0.15645630227072507,0.44999999999999996,0.0,3,4533,
23,16,tolerance_autoimmunity,Medium,0.5,,False,0.1129193368963444,0.16872454426991254,0.168192677639303,0.6,0.0,2,4689,
23,17,tolerance_autoimmunity,Hard,0.8,False,False,0.05,0.1526871821649531,0.168192677639303,0.75,0.0,1,4184,
23,18,tolerance_autoimmunity,Hard,0.8,False,False,0.05,0.15238658360198545,0.168192677639303,0.9,0.0,2,4297,
23,19,tolerance_autoimmunity,Medium,0.5,False,False,0.12016760693643559,0.15238105589671996,0.17397922017162004,1.0,0.0,2,3579,
23,20,tolerance_autoimmunity,Hard,0.8,False,False,0.05,0.15238095428381598,0.17397922017162004,1.0,0.0,3,5225,
23,21,tolerance_autoimmunity,Easy,0.2,False,False,0.4610479192725338,0.1523809524159315,0.17972550809980195,1.0,0.0,3,4826,
23,22,tolerance_autoimmunity,Medium,0.5,False,False,0.12767802238469383,0.15238095238159538,0.18543182145862686,1.0,0.0,2,3324,
23,23,tolerance_autoimmunity,Hard,0.8,False,False,0.05,0.1523809523809642,0.18543182145862686,1.0,0.0,2,5237,
23,24,tolerance_autoimmunity,Medium,0.5,,False,0.13154016782371528,0.16868131868132036,0.19109843833478574,1.0,0.0,1,4013,
23,25,tolerance_autoimmunity,Medium,0.5,False,False,0.13547309464457713,0.1526863566641617,0.19672563488043446,1.0,0.0,1,4188,
23,26,tolerance_autoimmunity,Medium,0.5,,False,0.139476332685373,0.16872453361065837,0.20231368532665153,1.0,0.0,2,4213,
23,27,tolerance_autoimmunity,Hard,0.8,False,False,0.05,0.15268718196137757,0.20231368532665153,1.0,0.0,1,3231,
23,28,tolerance_autoimmunity,Medium,0.5,,True,0.143549341557831,0.5306220775535119,0.21341203866695305,1.0,0.0,0,4424,
23,29,antigen_recognition,Hard,0.8,False,False,0.05,0.15391218252749592,0.2929947317979478,0.44999999999999996,0.0,2,5249,
23,30,antigen_recognition,Hard,0.8,,False,0.05,0.16889825743541645,0.2929947317979478,0.6,0.0,2,3399,
23,31,antigen_recognition,Easy,0.2,True,False,0.6359823349234869,0.23719778411943443,0.304746932210559,0.75,0.0,1,4407,
23,32,antigen_recognition,Medium,0.5,,False,0.23658063479003386,0.18180289343201855,0.3139924117085241,0.9,0.0,2,4300,
23,33,antigen_recognition,Easy,0.2,,True,0.6646207219319078,0.5749781602508799,0.33223747781995666,1.0,0.0,0,4470,
23,34,humoral_immunity,Medium,0.5,True,True,0.6336456000297426,0.9393107794831457,0.6613253499839031,0.0,0.0,0,4386,
23,35,innate_immunity,Hard,0.8,True,True,0.20076052007373194,0.9563575264557531,0.6332352728633471,0.0,0.0,0,3696,
23,36,tolerance_autoimmunity,Easy,0.2,True,False,0.520107208349694,0.4804066446854919,0.21888400864281782,1.0,0.0,2,4515,
23,37,tolerance_autoimmunity,Medium,0.5,,False,0.15621084943929628,0.238059549702138,0.22431791236685994,1.0,0.0,2,1913,
23,38,tolerance_autoimmunity,Hard,0.8,False,False,0.05,0.15412941495508597,0.22431791236685994,1.0,0.0,3,5837,
23,39,tolerance_autoimmunity,Medium,0.5,,False,0.1605565998628507,0.16892908850936117,0.22971401465038765,1.0,0.0,3,4699,
23,40,tolerance_autoimmunity,Medium,0.5,,False,0.1649683608697596,0.17106194374302053,0.23507257846252544,1.0,0.0,2,4483,
23,41,tolerance_autoimmunity,Hard,0.8,False,False,0.05,0.1527319464460114,0.23507257846252544,1.0,0.0,2,2137,
23,42,tolerance_autoimmunity,Easy,0.2,True,True,0.5524155833145916,0.8172179185827056,0.2457151514235334,1.0,0.0,0,2673,
23,43,antigen_recognition,Medium,0.5,False,False,0.26765063740586287,0.16759521968952917,0.3411173878762397,1.0,0.0,3,3605,
23,44,antigen_recognition,Medium,0.5,,False,0.278222518801203,0.17086705901431926,0.3498792128349191,1.0,0.0,1,5137,
23,45,antigen_recognition,Medium,0.5,True,False,0.2889015893492829,0.23829634763461033,0.3585245229923365,1.0,0.0,1,4043,
23,46,antigen_recognition,Medium,0.5,,True,0.29967355124310874,0.6469820248969217,0.37558521253371047,1.0,0.0,0,4997,
23,47,antigen_recognition,Easy,0.2,,True,0.7414485901495503,0.9080805447224664,0.3921921557697932,0.8,0.0,0,4361,
23,48,cell_mediated_immunity,Easy,0.2,,True,0.899368387845261,0.9259127379140709,0.6069883048065667,0.0,0.0,0,5069,
23,49,,,,,,,,,,,,,all_kcs_mastered
24,0,innate_immunity,Medium,0.5,False,False,0.1601699037252711,0.151473136915078,0.2492579373877647,0.0,0.0,3,5662,
24,1,antigen_recognition,Easy,0.2,,True,0.8043033762582688,0.43333333333333335,0.5387913285300295,0.0,0.0,0,3782,
24,2,cell_mediated_immunity,Hard,0.8,False,False,0.05,0.151473136915078,0.30127706469914195,0.0,0.0,2,3350,
24,3,humoral_immunity,Hard,0.8,False,False,0.05,0.151473136915078,0.18243718457954522,0.0,0.0,3,3352,
24,4,tolerance_autoimmunity,Easy,0.2,False,False,0.37620554738620243,0.151473136915078,0.14504645563765822,0.0,0.0,3,3821,
24,5,innate_immunity,Medium,0.5,False,False,0.18176240648877356,0.15236428212260275,0.2738441746390794,0.0,0.0,1,4261,
24,6,cell_mediated_immunity,Hard,0.8,False,False,0.05,0.15236428212260275,0.30127706469914195,0.0,0.0,2,4095,
24,7,humoral_immunity,Hard,0.8,,False,0.05,0.1685530193297038,0.18243718457954522,0.0,0.0,3,3299,
24,8,tolerance_autoimmunity,Easy,0.2,True,False,0.41830844493687475,0.22756316558780537,0.17340113998844026,0.0,0.0,3,3609,
24,9,innate_immunity,Medium,0.5,,False,0.20473890446646725,0.1686789605945943,0.29762523113353784,0.0,0.0,2,4342,
24,10,cell_mediated_immunity,Hard,0.8,False,False,0.05,0.15238064594829565,0.30127706469914195,0.0,0.0,2,2869,
24,11,cell_mediated_immunity,Hard,0.8,False,False,0.05,0.15238094674800115,0.30127706469914195,0.15,0.0,2,1367,
24,12,cell_mediated_immunity,Medium,0.5,,False,0.23284111647539385,0.16868131788449775,0.3372566333088581,0.3,0.0,3,3961,
24,13,humoral_immunity,Hard,0.8,False,True,0.05,0.23700535667704026,0.18243718457954522,0.0,0.0,0,4154,
24,14,innate_immunity,Medium,0.5,True,True,0.22895017123630124,0.8336210882048541,0.33672904729540504,0.15,0.0,0,4437,
24,15,cell_mediated_immunity,Hard,0.8,False,False,0.05860955726729772,0.15268635664894514,0.36407059545789333,0.44999999999999996,0.0,3,4286,
24,16,cell_mediated_immunity,Hard,0.8,,False,0.06814265100216722,0.16872453360850453,0.3827826644836565,0.6,0.0,2,3181,
24,17,cell_mediated_immunity,Medium,0.5,True,True,0.33108009310381026,0.8336645675674462,0.40548450313034456,0.75,0.0,0,2184,
24,18,tolerance_autoimmunity,Medium,0.5,,False,0.1235110837221221,0.1801899398371758,0.20081543625622753,0.0,0.0,2,5422,
24,19,tolerance_autoimmunity,Hard,0.8,,False,0.05,0.17272873419971976,0.20081543625622753,0.15,0.0,2,3819,
24,20,tolerance_autoimmunity,Hard,0.8,,True,0.05,0.5617585452217062,0.20081543625622753,0.3,0.0,0,4461,
24,21,humoral_immunity,Medium,0.5,False,False,0.12950112567226005,0.154105564382461,0.23585619398606517,0.15,0.0,3,4221,
24,22,humoral_immunity,Hard,0.8,,False,0.05,0.16892570281508293,0.23585619398606517,0.3,0.0,3,2780,
24,23,humoral_immunity,Easy,0.2,,False,0.5535778006391795,0.1710614484008413,0.2681629655346792,0.44999999999999996,0.0,3,2860,
24,24,humoral_immunity,Medium,0.5,False,True,0.19924461749909914,0.23840492512702594,0.313167901083026,0.6,0.0,0,3394,
24,25,humoral_immunity,Medium,0.5,True,False,0.24582721406891156,0.27726094567489173,0.3263670632976702,0.75,0.0,3,4922,
24,26,humoral_immunity,Medium,0.5,False,False,0.2608032908371515,0.15506466443462233,0.33672346966677436,0.9,0.0,3,1963,
24,27,humoral_immunity,Medium,0.5,False,False,0.272959414633979,0.15243043912670168,0.3469206570502288,1.0,0.0,2,3511,
24,28,humoral_immunity,Hard,0.8,False,False,0.06189188925642743,0.1523818621159156,0.356961073274479,1.0,0.0,3,5423,
24,29,humoral_immunity,Medium,0.5,,False,0.29770853759242866,0.16868144736990706,0.36684712853318274,1.0,0.0,2,4986,
24,30,humoral_immunity,Hard,0.8,False,False,0.06920813817438269,0.15268635912166728,0.3765811959657749,1.0,0.0,1,3558,
24,31,humoral_immunity,Hard,0.8,False,False,0.07306643339792582,0.15238656846179097,0.38616561222713763,1.0,0.0,2,4005,
24,32,humoral_immunity,Easy,0.2,True,True,0.7534306480212754,0.8168343352079432,0.40503974386988767,1.0,0.0,0,3250,
24,33,antigen_recognition,Easy,0.2,False,True,0.8484442027138074,0.3755838867979064,0.5808784314150837,0.0,0.0,0,4527,
24,34,antigen_recognition,Medium,0.5,True,True,0.6189916727098664,0.9355097991887507,0.6575270928841146,0.0,0.0,0,3478,
24,35,tolerance_autoimmunity,Hard,0.8,False,False,0.05,0.1666902454098632,0.20081543625622753,0.44999999999999996,0.0,2,4367,
24,36,tolerance_autoimmunity,Hard,0.8,False,False,0.05,0.15264842322854819,0.20081543625622753,0.6,0.0,3,4389,
24,37,tolerance_autoimmunity,Medium,0.5,,False,0.14244768426306084,0.1687191645519128,0.20744171033638042,0.75,0.0,3,4577,
24,38,tolerance_autoimmunity,Hard,0.8,,True,0.05,0.5557490574460083,0.20744171033638042,0.9,0.0,0,2640,
24,39,tolerance_autoimmunity,Easy,0.2,False,False,0.51116071135731,0.16629604681823035,0.21269877729193498,1.0,0.0,3,4235,
24,40,tolerance_autoimmunity,Easy,0.2,,True,0.5190389562229881,0.5520656376945438,0.22314317058374677,0.8,0.0,0,3939,
24,41,tolerance_autoimmunity,Hard,0.8,,False,0.05,0.26346903456508186,0.22314317058374677,0.6000000000000001,0.0,3,3764,
24,42,tolerance_autoimmunity,Hard,0.8,,False,0.05,0.18638060167204062,0.22314317058374677,0.7500000000000001,0.0,1,3738,
24,43,tolerance_autoimmunity,Medium,0.5,,False,0.15960889387680707,0.17366177237864286,0.2282960892023312,0.9000000000000001,0.0,1,3915,
24,44,tolerance_autoimmunity,Medium,0.5,False,False,0.16379975108776532,0.15278202847228145,0.23341482833084184,1.0,0.0,3,3902,
24,45,tolerance_autoimmunity,Medium,0.5,False,False,0.1680499662606114,0.15238832852930392,0.23849961468303618,1.0,0.0,1,4802,
24,46,tolerance_autoimmunity,Easy,0.2,False,False,0.5574939928043642,0.15238108797307298,0.2435506734688713,1.0,0.0,3,5272,
24,47,tolerance_autoimmunity,Easy,0.2,False,True,0.5649568268563423,0.22806129891197457,0.2535857833400862,1.0,0.0,0,4634,
24,48,tolerance_autoimmunity,Hard,0.8,False,False,0.05,0.15390577781309517,0.2535857833400862,1.0,0.0,1,4794,
24,49,tolerance_autoimmunity,Hard,0.8,False,False,0.05,0.1524090318452513,0.2535857833400862,1.0,0.0,2,3455,
24,50,tolerance_autoimmunity,Medium,0.5,False,False,0.18565631480552802,0.15238146856436102,0.25853677503966754,1.0,0.0,2,2714,
24,51,tolerance_autoimmunity,Easy,0.2,False,False,0.5869135520903552,0.15238096186962366,0.2634549266375169,1.0,0.0,2,3053,
24,52,tolerance_autoimmunity,Medium,0.5,,False,0.1947759810340127,0.16868132002355862,0.2683404559631818,1.0,0.0,2,3815,
24,53,tolerance_autoimmunity,Easy,0.2,True,True,0.6010981260422343,0.8336233396811501,0.2780467028394956,1.0,0.0,0,3840,
24,54,innate_immunity,Hard,0.8,False,False,0.05,0.18202131392405907,0.2955901027237542,0.3,0.0,2,3543,
24,55,innate_immunity,Medium,0.5,False,True,0.22680171711592664,0.24455909001058654,0.33711411142712144,0.09999999999999998,0.0,0,3480,
24,56,innate_immunity,Easy,0.2,,True,0.6948059233716207,0.6540195502996216,0.38053213883933884,0.0,0.0,0,2861,
24,57,innate_immunity,Medium,0.5,False,False,0.32809645362329887,0.17438576423113883,0.4008192448409205,0.0,0.0,3,4965,
24,58,innate_immunity,Easy,0.2,,False,0.7693980636924632,0.17186478061758415,0.4204419633968835,0.0,0.0,2,3438,
24,59,innate_immunity,Easy,0.2,True,True,0.789622555352267,0.8366179040413511,0.45840214199470947,0.0,0.0,0,4243,
25,0,innate_immunity,Easy,0.2,,True,0.8977492986029735,0.43333333333333335,0.6023970678387661,0.0,0.0,0,4893,
25,1,antigen_recognition,Medium,0.5,,True,0.6949880556949902,0.43333333333333335,0.695809883893066,0.0,0.0,0,3875,
25,2,cell_mediated_immunity,Medium,0.5,,False,0.2612839720394917,0.16164383561643833,0.34972819605899397,0.0,0.0,1,3220,
25,3,humoral_immunity,Hard,0.8,False,False,0.24967200958673774,0.151473136915078,0.6314743614187482,0.0,0.0,2,2914,
25,4,tolerance_autoimmunity,Easy,0.2,,False,0.5916007097035809,0.16164383561643833,0.30323476900717367,0.0,0.0,2,3852,
25,5,humoral_immunity,Hard,0.8,True,False,0.26675410480176664,0.22756316558780537,0.6457658583748177,0.0,0.0,3,3446,
25,6,cell_mediated_immunity,Medium,0.5,False,True,0.2887154779426322,0.23316749585406296,0.39405567635479755,0.0,0.0,0,3937,
25,7,tolerance_autoimmunity,Easy,0.2,True,True,0.6500840351249633,0.8266866566716642,0.38151625881479145,0.0,0.0,0,3194,
25,8,humoral_immunity,Easy,0.2,,True,0.9355108137489321,0.6345216370462498,0.6732403981450323,0.0,0.0,0,4358,
25,9,cell_mediated_immunity,Hard,0.8,,False,0.08049311034405741,0.18112401687587895,0.41470856711828324,0.0,0.0,1,5116,
25,10,cell_mediated_immunity,Hard,0.8,False,False,0.09015461011082578,0.1529275108308759,0.43166518445580243,0.15,0.0,2,3655,
25,11,cell_mediated_immunity,Hard,0.8,False,False,0.0988552809373621,0.15239100577470724,0.44522489527929227,0.3,0.0,2,4283,
25,12,cell_mediated_immunity,Easy,0.2,True,True,0.8132623972442313,0.8168392715949416,0.46602462903022285,0.44999999999999996,0.0,0,4291,
25,13,innate_immunity,Hard,0.8,False,False,0.23404364182401852,0.1600363306085377,0.6207008622973066,0.0,0.0,3,4466,
25,14,innate_immunity,Easy,0.2,,True,0.925821367666027,0.5423647901263318,0.6556232076486049,0.0,0.0,0,4475,
25,15,antigen_recognition,Hard,0.8,,False,0.34861318497416366,0.22416107382550338,0.7203605097422697,0.0,0.0,2,4771,
25,16,antigen_recognition,Hard,0.8,,False,0.38276302991202726,0.17962847004800667,0.7429296996483815,0.0,0.0,3,6208,
25,17,antigen_recognition,Medium,0.5,,True,0.8111619869764154,0.5718573387499839,0.7844250436894508,0.0,0.0,0,4211,
25,18,innate_immunity,Easy,0.2,,True,0.938988407467998,0.8657857893246181,0.6873302274596926,0.0,0.0,0,1775,
25,19,antigen_recognition,Medium,0.5,True,True,0.8463883018289583,0.969694073009742,0.8192223616468707,0.0,0.0,0,4154,
25,20,humoral_immunity,Easy,0.2,,True,0.9354318777736039,0.8914317746923839,0.6730393599279698,0.0,0.0,0,3815,
25,21,tolerance_autoimmunity,Hard,0.8,False,False,0.06787595395807526,0.19596560648558695,0.39913201174948404,0.0,0.0,1,3445,
25,22,tolerance_autoimmunity,Easy,0.2,,True,0.7675970264606776,0.5946156384565027,0.46663945788156697,0.0,0.0,0,4603,
25,23,tolerance_autoimmunity,Hard,0.8,False,False,0.11918578260023502,0.16904439513114272,0.4966009542252755,0.0,0.0,2,3049,
25,24,tolerance_autoimmunity,Easy,0.2,,True,0.8556481741505682,0.5562404577645166,0.5531577764060085,0.0,0.0,0,3353,
25,25,tolerance_autoimmunity,Medium,0.5,False,False,0.5790675233104593,0.16632789375038518,0.578259111415251,0.0,0.0,1,3571,
25,26,tolerance_autoimmunity,Hard,0.8,False,False,0.2090857117008335,0.15264153891835006,0.5983966900875795,0.15,0.0,2,4785,
25,27,tolerance_autoimmunity,Hard,0.8,False,False,0.22976831935058123,0.15238574402068614,0.6141887193172619,0.3,0.0,3,4649,
25,28,tolerance_autoimmunity,Easy,0.2,True,True,0.9230929451766672,0.8168334180165648,0.6380289373292416,0.44999999999999996,0.0,0,4674,
25,29,,,,,,,,,,,,,all_kcs_mastered
26,0,innate_immunity,Easy,0.2,True,True,0.7415513962746396,0.7384615384615385,0.4254581062605725,0.0,0.0,0,4866,
26,1,antigen_recognition,Hard,0.8,False,False,0.05,0.151473136915078,0.24875564742845552,0.0,0.0,3,4665,
26,2,cell_mediated_immunity,Hard,0.8,False,False,0.05,0.151473136915078,0.14334038684180278,0.0,0.0,1,4116,
26,3,humoral_immunity,Easy,0.2,,False,0.6972639791404941,0.16164383561643833,0.3710961036015526,0.0,0.0,2,3219,
26,4,tolerance_autoimmunity,Hard,0.8,,False,0.05,0.16164383561643833,0.2559335833426461,0.0,0.0,1,3759,
26,5,antigen_recognition,Hard,0.8,False,False,0.05,0.15236428212260275,0.24875564742845552,0.0,0.0,2,4557,
26,6,cell_mediated_immunity,Medium,0.5,False,False,0.10527337571344904,0.15236428212260275,0.17450495937475863,0.0,0.0,2,3812,
26,7,antigen_recognition,Easy,0.2,False,True,0.5726163563484239,0.22805207479018869,0.3278876809419844,0.0,0.0,0,3791,
26,8,cell_mediated_immunity,Medium,0.5,,False,0.12422984435605393,0.1686789605945943,0.20453579037695493,0.0,0.0,1,4374,
26,9,humoral_immunity,Medium,0.5,,True,0.31573902645739566,0.5448818897637795,0.4320799402021371,0.0,0.0,0,2368,
26,10,tolerance_autoimmunity,Easy,0.2,True,True,0.5831216806292632,0.8266866566716642,0.3125065754638058,0.0,0.0,0,3084,
26,11,cell_mediated_immunity,Medium,0.5,False,True,0.14519629680069124,0.23707554604696957,0.25373095827277437,0.15,0.0,0,1713,
26,12,antigen_recognition,Medium,0.5,False,True,0.2625660385963786,0.27112208580917674,0.3986843722908081,0.0,0.0,0,2772,
26,13,cell_mediated_immunity,Easy,0.2,,True,0.5799055673289,0.6455905569573277,0.30802826684850326,0.0,0.0,0,3942,
26,14,antigen_recognition,Medium,0.5,False,False,0.3525398078902796,0.1549117043674246,0.4303540469054741,0.0,0.0,3,3575,
26,15,antigen_recognition,Hard,0.8,False,False,0.09815668938554964,0.15242761030380572,0.46035576505271913,0.0,0.0,1,2131,
26,16,antigen_recognition,Medium,0.5,,True,0.4408124538202304,0.530200122843949,0.5171989819621788,0.0,0.0,0,2813,
26,17,antigen_recognition,Medium,0.5,False,True,0.5257756033463855,0.4800645495484628,0.5680546405890385,0.0,0.0,0,2456,
26,18,antigen_recognition,Hard,0.8,False,False,0.19914094076846123,0.16208838939635828,0.5908040393298872,0.0,0.0,1,4700,
26,19,antigen_recognition,Medium,0.5,False,True,0.6329339426316178,0.23341368149312705,0.6339065376881219,0.0,0.0,0,4810,
26,20,antigen_recognition,Medium,0.5,False,False,0.6907096838645097,0.1540247870684773,0.6531876943647629,0.0,0.0,1,4169,
26,21,antigen_recognition,Medium,0.5,True,True,0.7148640225863163,0.8186423518738133,0.6897190345319,0.0,0.0,0,3283,
26,22,humoral_immunity,Easy,0.2,,True,0.7933765309272298,0.8541796185835503,0.4800645020239891,0.0,0.0,0,2283,
26,23,cell_mediated_immunity,Medium,0.5,False,False,0.24015491204221215,0.17352352528351395,0.3332016296840087,0.0,0.0,1,4391,
26,24,cell_mediated_immunity,Easy,0.2,True,False,0.6898054196306149,0.23978186422005024,0.3574592062726368,0.0,0.0,3,4883,
26,25,cell_mediated_immunity,Hard,0.8,False,False,0.06566648628834569,0.1541685208360021,0.3773280462813595,0.15,0.0,3,2867,
26,26,cell_mediated_immunity,Medium,0.5,False,False,0.32387250560344927,0.15241388026124605,0.3931846519593756,0.3,0.0,3,6712,
26,27,cell_mediated_immunity,Hard,0.8,False,False,0.08010714956625228,0.15238155769595227,0.40532614590948995,0.44999999999999996,0.0,3,3645,
26,28,cell_mediated_immunity,Easy,0.2,False,False,0.774160889710849,0.15238096350807415,0.41397964430002687,0.6,0.0,3,4609,
26,29,cell_mediated_immunity,Medium,0.5,,False,0.37375945458736815,0.16868132025532906,0.41930937900459375,0.75,0.0,2,2031,
26,30,cell_mediated_immunity,Medium,0.5,False,False,0.3812741232645032,0.1526863566942198,0.42353438849476954,0.9,0.0,1,3828,
26,31,cell_mediated_immunity,Easy,0.2,False,True,0.7926882521308962,0.22822887514031326,0.43192292652624176,1.0,0.0,0,2867,
26,32,cell_mediated_immunity,Hard,0.8,False,False,0.09899312891279012,0.15390947931289228,0.43605616191837476,1.0,0.0,3,2572,
26,33,cell_mediated_immunity,Medium,0.5,False,False,0.4052437238098995,0.15240910012876763,0.4401593245693174,1.0,0.0,2,3828,
26,34,cell_mediated_immunity,Easy,0.2,True,False,0.8086026417229214,0.22807667409125892,0.4442326332833904,1.0,0.0,1,2982,
26,35,cell_mediated_immunity,Easy,0.2,True,True,0.8123565613552023,0.878278870008421,0.4523199772624703,1.0,0.0,0,4030,
26,36,innate_immunity,Hard,0.8,False,False,0.0873018704433351,0.1757345335607056,0.4323977223104657,0.0,0.0,3,3644,
26,37,innate_immunity,Medium,0.5,False,True,0.3999643466027554,0.24102112949305038,0.4776581417302197,0.0,0.0,0,5204,
26,38,innate_immunity,Medium,0.5,True,True,0.46653730716999375,0.8856079244962463,0.5193095101532254,0.0,0.0,0,4030,
26,39,tolerance_autoimmunity,Medium,0.5,False,False,0.21693358970325824,0.19596560648558695,0.31320341377625815,0.0,0.0,2,4696,
26,40,tolerance_autoimmunity,Medium,0.5,True,True,0.24586671971748897,0.8567936208102691,0.36542205581069315,0.0,0.0,0,3646,
26,41,antigen_recognition,Medium,0.5,,False,0.7316350334028997,0.4086253382290254,0.6846856704744654,0.0,0.0,2,4492,
26,42,antigen_recognition,Hard,0.8,,True,0.33361365964464446,0.7931566113134085,0.7178991835024175,0.0,0.0,0,3830,
26,43,antigen_recognition,Easy,0.2,True,True,0.95,0.989192646979057,0.7178991835024175,0.0,0.0,0,2919,
26,44,,,,,,,,,,,,,all_kcs_mastered
27,0,innate_immunity,Hard,0.8,False,False,0.05999098871965091,0.151473136915078,0.36685281978490275,0.0,0.0,3,4662,
27,1,antigen_recognition,Hard,0.8,False,False,0.05098226189079021,0.151473136915078,0.3546014774938224,0.0,0.0,1,3686,
27,2,cell_mediated_immunity,Easy,0.2,True,True,0.8072212697283864,0.7384615384615385,0.5070671156686407,0.0,0.0,0,3698,
27,3,humoral_immunity,Medium,0.5,False,False,0.22544723868218688,0.151473136915078,0.31942564585556005,0.0,0.0,1,6576,
27,4,tolerance_autoimmunity,Easy,0.2,False,True,0.5055150955527653,0.2,0.3241331868585362,0.0,0.0,0,2616,
27,5,innate_immunity,Easy,0.2,,True,0.7312781214956848,0.5286442405708461,0.4158204124454721,0.0,0.0,0,2524,
27,6,antigen_recognition,Medium,0.5,False,True,0.2947570002415949,0.2275631655878054,0.4333393633988164,0.0,0.0,0,4312,
27,7,humoral_immunity,Medium,0.5,,False,0.2528544236644327,0.1685530193297038,0.34365666335946327,0.0,0.0,2,4975,
27,8,humoral_immunity,Hard,0.8,False,False,0.060764527952496594,0.15268390696295708,0.3670249651208484,0.0,0.0,3,3128,
27,9,humoral_immunity,Medium,0.5,True,False,0.3104855676631938,0.22822753017773875,0.3861808217849243,0.15,0.0,1,4822,
27,10,tolerance_autoimmunity,Easy,0.2,False,True,0.6780443992288587,0.25479452054794516,0.4263685966909178,0.0,0.0,0,4915,
27,11,antigen_recognition,Easy,0.2,False,True,0.8021896297777501,0.27083370775443005,0.5024713167511394,0.0,0.0,0,3933,
27,12,humoral_immunity,Medium,0.5,True,True,0.3356110001892469,0.8783681838271596,0.4167768153385781,0.3,0.0,0,3446,
27,13,tolerance_autoimmunity,Easy,0.2,True,True,0.7954688788818627,0.8927270618257742,0.5131393042766937,0.0,0.0,0,5837,
27,14,antigen_recognition,Hard,0.8,False,True,0.14366565877614848,0.29689831014481594,0.563169250399935,0.0,0.0,0,3274,
27,15,antigen_recognition,Hard,0.8,False,False,0.19450729182062396,0.15557150455954225,0.5898156777795962,0.0,0.0,2,2351,
27,16,antigen_recognition,Medium,0.5,,True,0.6315551119761894,0.5352773729184178,0.6398576986965224,0.0,0.0,0,4823,
27,17,innate_immunity,Easy,0.2,,True,0.784979203661164,0.8594327813740568,0.46100085228296983,0.0,0.0,0,5132,
27,18,antigen_recognition,Easy,0.2,True,False,0.9333388623466202,0.48419182155462165,0.6618261743288196,0.0,0.0,1,3985,
27,19,antigen_recognition,Hard,0.8,,False,0.30384747053431255,0.2392634229968385,0.6793603237707818,0.15,0.0,1,3311,
27,20,antigen_recognition,Hard,0.8,,False,0.32654837709921714,0.18215318456851132,0.6930515103432736,0.3,0.0,1,2546,
27,21,antigen_recognition,Hard,0.8,False,False,0.3448644006502593,0.15294777962476258,0.7033495361931767,0.44999999999999996,0.0,2,3999,
27,22,antigen_recognition,Medium,0.5,True,True,0.7720806573884705,0.8174569704632622,0.7178259439061564,0.6,0.0,0,4476,
27,23,cell_mediated_immunity,Easy,0.2,,True,0.8530954835193775,0.9265805877114871,0.5549318363798859,0.0,0.0,0,4940,
27,24,,,,,,,,,,,,,all_kcs_mastered
28,0,innate_immunity,Medium,0.5,,True,0.8031746639124379,0.43333333333333335,0.7637755038481472,0.0,0.0,0,4239,
28,1,antigen_recognition,Hard,0.8,False,False,0.05272595024835966,0.151473136915078,0.3443028963979436,0.0,0.0,2,4595,
28,2,cell_mediated_immunity,Easy,0.2,False,False,0.7205124051610203,0.151473136915078,0.4036246306834786,0.0,0.0,3,4327,
28,3,humoral_immunity,Easy,0.2,,False,0.33355238208061255,0.16164383561643833,0.12220471718300663,0.0,0.0,1,3969,
28,4,tolerance_autoimmunity,Medium,0.5,False,True,0.6580721059340084,0.2,0.6460196983695572,0.0,0.0,0,4438,
28,5,antigen_recognition,Medium,0.5,False,False,0.2820769222430055,0.15236428212260275,0.36904871373082493,0.0,0.0,1,5051,
28,6,cell_mediated_immunity,Easy,0.2,,True,0.7723709806991793,0.5286442405708461,0.48867534157782866,0.0,0.0,0,2863,
28,7,antigen_recognition,Medium,0.5,True,True,0.31309104790650194,0.8168095390336143,0.41667254854782093,0.0,0.0,0,4127,
28,8,humoral_immunity,Easy,0.2,False,False,0.38538062371952425,0.15255307234129206,0.15822809514062247,0.0,0.0,3,4538,
28,9,humoral_immunity,Hard,0.8,False,False,0.05,0.15238411698161172,0.15822809514062247,0.0,0.0,3,2029,
28,10,humoral_immunity,Easy,0.2,False,False,0.43766808898458465,0.1523810105539718,0.18759137364641223,0.15,0.0,1,4313,
28,11,humoral_immunity,Easy,0.2,True,False,0.48139565343321433,0.22806125641910469,0.21092938024456911,0.3,0.0,3,4643,
28,12,tolerance_autoimmunity,Medium,0.5,True,True,0.7060171694145291,0.8597938144329896,0.6794367400728492,0.0,0.0,0,4227,
28,13,humoral_immunity,Medium,0.5,False,False,0.15002261185248983,0.15390577687469306,0.22873961954514238,0.44999999999999996,0.0,1,3700,
28,14,humoral_immunity,Medium,0.5,False,False,0.16416457776927987,0.15240903182794022,0.241400158845239,0.6,0.0,3,3031,
28,15,humoral_immunity,Medium,0.5,False,False,0.17485543608870308,0.15238146856404278,0.24918310360794246,0.75,0.0,3,4340,
28,16,humoral_immunity,Medium,0.5,False,False,0.18169563818146336,0.1523809618696178,0.25534557938450325,0.9,0.0,2,2943,
28,17,humoral_immunity,Easy,0.2,True,False,0.5822637998741746,0.2280612296978206,0.26145747544198844,1.0,0.0,1,3624,
28,18,humoral_immunity,Medium,0.5,False,True,0.19290319306889983,0.2711274870441776,0.2735809384045807,1.0,0.0,0,3479,
28,19,humoral_immunity,Hard,0.8,True,False,0.05,0.2970790988190413,0.2735809384045807,1.0,0.0,1,4093,
28,20,humoral_immunity,Medium,0.5,,False,0.20448186224837703,0.19265172266550168,0.27954316420453956,1.0,0.0,2,4531,
28,21,humoral_immunity,Medium,0.5,True,False,0.210362621523,0.2505898318166133,0.28545645387607194,1.0,0.0,3,4715,
28,22,humoral_immunity,Medium,0.5,,False,0.21631672887889605,0.1841027457977054,0.29132120907197423,1.0,0.0,2,4559,
28,23,humoral_immunity,Medium,0.5,,False,0.2223415428845563,0.17331705960030855,0.29713782814839934,1.0,0.0,3,4386,
28,24,humoral_immunity,Medium,0.5,False,True,0.22843432718007178,0.23966627309563338,0.3086755842354298,1.0,0.0,0,3537,
28,25,humoral_immunity,Easy,0.2,,True,0.6574730661091541,0.6485357643377812,0.3200239435660903,0.8,0.0,0,3297,
28,26,innate_immunity,Medium,0.5,False,True,0.8285969927719994,0.39006479481641465,0.7888929591792654,0.0,0.0,0,5094,
28,27,innate_immunity,Medium,0.5,True,True,0.84984141021943,0.9390691830285185,0.8122585371502407,0.0,0.0,0,3650,
28,28,cell_mediated_immunity,Medium,0.5,False,True,0.4620892717792453,0.4577349638410395,0.549595237939905,0.0,0.0,0,4674,
28,29,cell_mediated_immunity,Easy,0.2,True,True,0.8906669102484389,0.9530214472798787,0.6138286841456291,0.0,0.0,0,3972,
28,30,humoral_immunity,Easy,0.2,False,True,0.672638651502221,0.5829136579796765,0.3423480867576,0.6000000000000001,0.0,0,3196,
28,31,humoral_immunity,Medium,0.5,False,True,0.27970779933918877,0.5241138829855784,0.3666382139764739,0.4000000000000001,0.15,0,3273,
28,32,humoral_immunity,Easy,0.2,True,False,0.7310250124755067,0.4751484274209674,0.387431974388233,0.20000000000000007,0.0,2,2025,
28,33,humoral_immunity,Medium,0.5,True,False,0.33728692444507075,0.4367994834022875,0.41257083072902717,5.551115123125783e-17,0.0,1,4097,
28,34,humoral_immunity,Easy,0.2,,True,0.7816700012720612,0.8106925097305389,0.4607852228594263,0.0,0.0,0,4029,
28,35,antigen_recognition,Medium,0.5,False,True,0.3676233626460333,0.6702450390186122,0.45415900742379284,0.0,0.0,0,2868,
28,36,antigen_recognition,Medium,0.5,True,False,0.43166874219545875,0.603417531688885,0.47475888718670095,0.0,0.0,1,2582,
28,37,antigen_recognition,Hard,0.8,,True,0.12439569846244544,0.8916776081160096,0.5144037798116512,0.0,0.0,0,3447,
28,38,,,,,,,,,,,,,all_kcs_mastered
29,0,innate_immunity,Hard,0.8,False,False,0.05,0.151473136915078,0.044604788338159576,0.0,0.0,2,4070,
29,1,antigen_recognition,Easy,0.2,,True,0.5944829390375265,0.43333333333333335,0.32128182770085423,0.0,0.0,0,2845,
29,2,cell_mediated_immunity,Medium,0.5,False,False,0.13622589616719266,0.151473136915078,0.2352250701881656,0.0,0.0,3,4465,
29,3,humoral_immunity,Medium,0.5,False,False,0.47446822800372723,0.151473136915078,0.5014457984906413,0.0,0.0,3,2936,
29,4,tolerance_autoimmunity,Medium,0.5,False,False,0.07440585630748331,0.151473136915078,0.1296125607105074,0.0,0.0,1,4400,
29,5,innate_immunity,Easy,0.2,,False,0.2824438829685275,0.1685530193297038,0.06958107791790816,0.0,0.0,3,2657,
29,6,cell_mediated_immunity,Medium,0.5,False,False,0.16957397655979695,0.15236428212260275,0.275987931309021,0.0,0.0,3,4638,
29,7,humoral_immunity,Easy,0.2,,True,0.8592016344796546,0.5286442405708461,0.5370881044605338,0.0,0.0,0,4022,
29,8,tolerance_autoimmunity,Medium,0.5,,True,0.0977635660074248,0.5286442405708461,0.22375562855919104,0.0,0.0,0,2767,
29,9,cell_mediated_immunity,Hard,0.8,,False,0.05,0.1686789605945943,0.275987931309021,0.0,0.0,3,4629,
29,10,innate_immunity,Hard,0.8,False,False,0.05,0.15268390696295708,0.06958107791790816,0.0,0.0,2,3503,
29,11,innate_immunity,Medium,0.5,False,False,0.07027233394232994,0.15238652335356928,0.09025592569088536,0.15,0.0,3,5309,
29,12,innate_immunity,Hard,0.8,True,False,0.05,0.22806428222629388,0.09025592569088536,0.3,0.0,3,3945,
29,13,cell_mediated_immunity,Easy,0.2,True,True,0.6120476432800155,0.8336210882048541,0.34159123998747026,0.15,0.0,0,3934,
29,14,innate_immunity,Hard,0.8,False,False,0.05,0.15390584369612853,0.09025592569088536,0.44999999999999996,0.0,2,4185,
29,15,innate_immunity,Easy,0.2,,True,0.3410846367963279,0.5325964494308812,0.10928221442756969,0.6,0.0,0,2025,
29,16,antigen_recognition,Hard,0.8,False,False,0.05353952554162865,0.1600363306085377,0.3477978653079617,0.0,0.0,3,5140,
29,17,antigen_recognition,Easy,0.2,,False,0.708226717056284,0.16977266126264093,0.37327797920022326,0.0,0.0,2,3832,
29,18,antigen_recognition,Hard,0.8,False,False,0.07173542310938773,0.1527072244001445,0.39408994143776016,0.15,0.0,3,3508,
29,19,antigen_recognition,Easy,0.2,,True,0.7621566138050605,0.5306546373785996,0.42723015836006717,0.3,0.0,0,2576,
29,20,humoral_immunity,Medium,0.5,False,True,0.5554037171506936,0.4577349638410395,0.5701822943559746,0.0,0.0,0,4064,
29,21,humoral_immunity,Medium,0.5,True,False,0.6037449488476089,0.4236567743318395,0.5855464153777828,0.0,0.0,2,3587,
29,22,humoral_immunity,Medium,0.5,,True,0.6255747145542991,0.8026856789425019,0.6151762558819882,0.0,0.0,0,5513,
29,23,tolerance_autoimmunity,Hard,0.8,,False,0.05,0.2451898138571731,0.21659402817844337,0.0,0.0,3,4371,
29,24,tolerance_autoimmunity,Hard,0.8,True,False,0.05,0.28131792493806884,0.21659402817844337,0.15,0.0,1,2457,
29,25,tolerance_autoimmunity,Hard,0.8,False,False,0.05,0.15516715403862896,0.21659402817844337,0.3,0.0,3,3177,
29,26,tolerance_autoimmunity,Hard,0.8,False,False,0.05,0.15243233511819024,0.21659402817844337,0.44999999999999996,0.0,1,4453,
29,27,tolerance_autoimmunity,Medium,0.5,False,False,0.15440835163122388,0.15238189697277202,0.23354101942143868,0.6,0.0,3,3764,
29,28,tolerance_autoimmunity,Hard,0.8,False,False,0.05,0.1523809697447916,0.23354101942143868,0.75,0.0,1,5178,
29,29,tolerance_autoimmunity,Easy,0.2,True,False,0.5501424126126636,0.2280612340202514,0.24183121256470633,0.9,0.0,1,1945,
29,30,tolerance_autoimmunity,Medium,0.5,,False,0.17522890714570308,0.18027248982838853,0.2500317371097917,1.0,0.0,2,3422,
29,31,tolerance_autoimmunity,Hard,0.8,,False,0.05,0.17274109694025944,0.2500317371097917,1.0,0.0,1,2679,
29,32,tolerance_autoimmunity,Medium,0.5,True,False,0.1824539263878169,0.23934393614604924,0.25814356293246987,1.0,0.0,3,2423,
29,33,tolerance_autoimmunity,Easy,0.2,True,True,0.5863414387457472,0.8846950414548217,0.2741917359037717,1.0,0.0,0,4518,
29,34,antigen_recognition,Hard,0.8,False,False,0.09647460622770315,0.1632909233006789,0.43947133047180675,0.44999999999999996,0.0,1,5204,
29,35,antigen_recognition,Hard,0.8,False,True,0.10310674729110467,0.23408013926587595,0.47231927801693435,0.24999999999999994,0.0,0,4249,
29,36,antigen_recognition,Medium,0.5,True,False,0.4585740976355185,0.2746889717840539,0.49190384539368276,0.04999999999999993,0.0,2,3566,
29,37,antigen_recognition,Easy,0.2,True,True,0.8521322030986218,0.9019501207778412,0.5316042609518201,0.0,0.0,0,2351,
29,38,innate_immunity,Medium,0.5,False,False,0.08553916877285409,0.1633878178509276,0.11095528200621006,0.75,0.0,2,4319,
29,39,innate_immunity,Medium,0.5,False,False,0.08832436110342748,0.15258589687819693,0.11560362816807428,0.9,0.0,1,4281,
29,40,innate_immunity,Easy,0.2,,False,0.37604293575558184,0.16871031553556862,0.12022767057827875,1.0,0.0,1,4914,
29,41,innate_immunity,Easy,0.2,True,True,0.38257474362288957,0.8336510046087557,0.12942740203837919,1.0,0.0,0,2982,
29,42,cell_mediated_immunity,Medium,0.5,False,False,0.278793817598387,0.1885180456957095,0.3661566861851171,0.3,0.0,3,4645,
29,43,cell_mediated_immunity,Hard,0.8,False,False,0.06894175092456742,0.1530742517221854,0.38473796582888986,0.44999999999999996,0.0,1,4069,
29,44,cell_mediated_immunity,Hard,0.8,,False,0.07645111575798853,0.16877945949117046,0.3978554673965851,0.6,0.0,3,2704,
29,45,cell_mediated_immunity,Easy,0.2,True,True,0.7662278764383866,0.8337169462631725,0.41390275987467046,0.75,0.0,0,2949,
29,46,humoral_immunity,Easy,0.2,True,True,0.923512537371994,0.9871273778798098,0.6426878195009668,0.0,0.0,0,2938,
29,47,,,,,,,,,,,,,all_kcs_mastered
30,0,innate_immunity,Medium,0.5,False,False,0.09704804407140734,0.151473136915078,0.16568385004007408,0.0,0.0,1,4584,
30,1,antigen_recognition,Medium,0.5,False,False,0.21564851427027246,0.151473136915078,0.31953970394735814,0.0,0.0,2,4887,
30,2,cell_mediated_immunity,Easy,0.2,False,False,0.6060042763120296,0.151473136915078,0.31180921919164883,0.0,0.0,2,2748,
30,3,humoral_immunity,Medium,0.5,,False,0.08039983361252007,0.16164383561643833,0.1473778378839096,0.0,0.0,1,4494,
30,4,tolerance_autoimmunity,Hard,0.8,True,False,0.05,0.2,0.12225701743583332,0.0,0.0,3,3749,
30,5,innate_immunity,Medium,0.5,False,False,0.11858517432985152,0.15236428212260275,0.20150463245366604,0.0,0.0,3,4425,
30,6,antigen_recognition,Medium,0.5,False,False,0.2529837320175201,0.15236428212260275,0.3525930998915064,0.0,0.0,2,3330,
30,7,cell_mediated_immunity,Medium,0.5,True,False,0.24431898082445602,0.22756316558780537,0.3496578870880346,0.0,0.0,2,5030,
30,8,innate_immunity,Hard,0.8,False,False,0.05,0.15238064594829565,0.20150463245366604,0.0,0.0,1,4129,
30,9,antigen_recognition,Hard,0.8,,False,0.06389769986426207,0.1686789605945943,0.38404092532731143,0.0,0.0,1,4243,
30,10,innate_immunity,Medium,0.5,False,False,0.1429535696314169,0.15238094674800115,0.23064504822703372,0.15,0.0,3,2752,
30,11,innate_immunity,Medium,0.5,,False,0.1657393222439508,0.16868131788449775,0.2537672512783853,0.3,0.0,3,6853,
30,12,humoral_immunity,Hard,0.8,False,False,0.05,0.15255307234129206,0.1473778378839096,0.0,0.0,2,3468,
30,13,humoral_immunity,Easy,0.2,,False,0.42171600563019973,0.16870567050359922,0.19774765881924578,0.0,0.0,3,4782,
30,14,antigen_recognition,Hard,0.8,False,False,0.07615634545614414,0.1526863116330173,0.40947313408931485,0.15,0.0,3,3242,
30,15,antigen_recognition,Easy,0.2,True,True,0.7784814456158115,0.817167309928257,0.4496319586364122,0.3,0.0,0,4768,
30,16,innate_immunity,Medium,0.5,,False,0.1858209858492759,0.17102570288887886,0.2713886919130004,0.44999999999999996,0.0,1,3871,
30,17,humoral_immunity,Hard,0.8,False,False,0.05,0.15268682171279055,0.19774765881924578,0.15,0.0,3,4058,
30,18,humoral_immunity,Medium,0.5,False,False,0.14021395744767254,0.15238657697132718,0.23092356720632892,0.3,0.0,1,3846,
30,19,humoral_immunity,Hard,0.8,False,False,0.05,0.1523810557748313,0.23092356720632892,0.44999999999999996,0.0,1,5700,
30,20,humoral_immunity,Medium,0.5,False,False,0.1659705159122977,0.15238095428157536,0.2490972642677618,0.6,0.0,2,3516,
30,21,humoral_immunity,Medium,0.5,,True,0.18161907397466065,0.5301242266945897,0.2712775675833687,0.75,0.0,0,4445,
30,22,innate_immunity,Medium,0.5,,True,0.20235051405811363,0.5592189553752153,0.2964146268728553,0.6,0.0,0,6928,
30,23,tolerance_autoimmunity,Medium,0.5,True,False,0.09253874173256398,0.249079754601227,0.1660802330925018,0.0,0.0,3,2318,
30,24,cell_mediated_immunity,Easy,0.2,False,True,0.7105274941874345,0.264160902134041,0.42119207015781185,0.0,0.0,0,3147,
30,25,tolerance_autoimmunity,Hard,0.8,False,False,0.05,0.15438266744558177,0.1660802330925018,0.0,0.0,3,4092,
30,26,tolerance_autoimmunity,Easy,0.2,True,False,0.44929524409950566,0.22916093366469828,0.20358185559686232,0.15,0.0,1,4253,
30,27,tolerance_autoimmunity,Medium,0.5,False,True,0.14448735655270545,0.2717766429301168,0.2625715362791482,0.3,0.0,0,3109,
30,28,cell_mediated_immunity,Hard,0.8,False,False,0.0933968174184931,0.15474127741002566,0.44825003615331743,0.15,0.0,1,4579,
30,29,cell_mediated_immunity,Hard,0.8,True,False,0.1080804786906532,0.22935816627117017,0.46949138551179426,0.3,0.0,2,3554,
30,30,cell_mediated_immunity,Easy,0.2,True,False,0.8343738347810756,0.2718931428812753,0.48553849731456067,0.44999999999999996,0.0,3,2633,
30,31,tolerance_autoimmunity,Hard,0.8,False,False,0.05,0.15492789355708148,0.2625715362791482,0.44999999999999996,0.0,1,5539,
30,32,tolerance_autoimmunity,Easy,0.2,,True,0.5927702145154626,0.5342438673974431,0.32109338264118864,0.24999999999999994,0.0,0,4911,
30,33,cell_mediated_immunity,Easy,0.2,True,True,0.8472548882204014,0.9007224114008106,0.508173711971456,0.6,0.0,0,4299,
30,34,humoral_immunity,Medium,0.5,False,True,0.20224291942475725,0.48000303502988895,0.3100228149590187,0.55,0.0,0,3241,
30,35,humoral_immunity,Medium,0.5,False,False,0.2423454950064468,0.1620854529205328,0.3365176900897829,0.35000000000000003,0.0,2,3790,
30,36,humoral_immunity,Hard,0.8,False,False,0.058365410621925316,0.1525613716067511,0.36983439663872897,0.15000000000000002,0.0,3,4414,
30,37,humoral_immunity,Hard,0.8,,False,0.07037170097864147,0.1687068449115968,0.39589392336449036,0.30000000000000004,0.0,1,2609,
30,38,humoral_immunity,Easy,0.2,,True,0.7641131321184702,0.5557304295171995,0.4351511557986264,0.45000000000000007,0.0,0,4204,
30,39,tolerance_autoimmunity,Easy,0.2,True,False,0.6740499997980033,0.4833497502481372,0.3552158565934739,0.04999999999999993,0.0,1,2966,
30,40,tolerance_autoimmunity,Hard,0.8,,False,0.06484546230509751,0.23899440753924103,0.3825063381762591,0.19999999999999993,0.0,2,4747,
30,41,tolerance_autoimmunity,Easy,0.2,True,False,0.7493292276585104,0.2776123558320337,0.4037413606360561,0.3499999999999999,0.0,1,3253,
30,42,tolerance_autoimmunity,Easy,0.2,,False,0.7724940938022326,0.18896015588317647,0.41951426074392106,0.4999999999999999,0.0,2,2035,
30,43,tolerance_autoimmunity,Easy,0.2,,False,0.7886964117337452,0.1740541296378374,0.4302632211486967,0.6499999999999999,0.0,2,4606,
30,44,tolerance_autoimmunity,Medium,0.5,False,False,0.3968947308856351,0.15278961354577345,0.43629174683022615,0.7999999999999999,0.0,3,4293,
30,45,tolerance_autoimmunity,Medium,0.5,True,False,0.40558445520731357,0.22828556849507384,0.44225648319142047,0.95,0.0,1,4859,
30,46,tolerance_autoimmunity,Easy,0.2,True,True,0.8105424765881915,0.8784025195960984,0.45405972721426996,1.0,0.0,0,2905,
30,47,innate_immunity,Medium,0.5,,True,0.22467191495765637,0.8606594838765617,0.3299558057480924,0.39999999999999997,0.0,0,4361,
30,48,humoral_immunity,Medium,0.5,,True,0.403935645842179,0.8717752496476957,0.4852049833944442,0.25000000000000006,0.0,0,4537,
30,49,antigen_recognition,Easy,0.2,True,True,0.8078966523556804,0.9853172204586417,0.48841621461799045,0.09999999999999998,0.0,0,2134,
30,50,,,,,,,,,,,,,all_kcs_mastered
31,0,innate_immunity,Easy,0.2,,False,0.33668295461817555,0.16164383561643833,0.14094179505560417,0.0,0.0,1,4685,
31,1,antigen_recognition,Medium,0.5,False,False,0.3650728335030119,0.151473136915078,0.4294464535069242,0.0,0.0,2,4460,
31,2,cell_mediated_immunity,Medium,0.5,False,False,0.24379248668245948,0.151473136915078,0.35569427910391194,0.0,0.0,2,2469,
31,3,humoral_immunity,Hard,0.8,False,False,0.09418196191622588,0.151473136915078,0.4422385777371198,0.0,0.0,1,5941,
31,4,tolerance_autoimmunity,Hard,0.8,True,True,0.37467443308793624,0.7384615384615385,0.7386259872454299,0.0,0.0,0,4665,
31,5,antigen_recognition,Hard,0.8,False,False,0.09767569147872167,0.15236428212260275,0.4503346873459477,0.0,0.0,2,5516,
31,6,cell_mediated_immunity,Medium,0.5,False,False,0.2961218309058144,0.15236428212260275,0.39719745414314145,0.0,0.0,1,4233,
31,7,humoral_immunity,Medium,0.5,,False,0.4142147893354428,0.1685530193297038,0.4610862800333784,0.0,0.0,3,4708,
31,8,antigen_recognition,Easy,0.2,True,True,0.8178737897933178,0.8168095390336143,0.4905816988823388,0.0,0.0,0,4555,
31,9,cell_mediated_immunity,Easy,0.2,False,True,0.7655199425226646,0.22805207479018869,0.4748569215773139,0.0,0.0,0,4219,
31,10,innate_immunity,Medium,0.5,,False,0.10392550287611078,0.17000398883127243,0.19171303856446195,0.0,0.0,1,2956,
31,11,humoral_immunity,Hard,0.8,,False,0.11573207071548275,0.17100694419015453,0.47929708657516346,0.0,0.0,3,4212,
31,12,innate_immunity,Medium,0.5,True,False,0.13590556787017458,0.23781451495612546,0.23948364817843415,0.0,0.0,3,4303,
31,13,humoral_immunity,Hard,0.8,False,True,0.1273920001427586,0.23837447942167203,0.5092093219485891,0.15,0.0,0,4091,
31,14,cell_mediated_immunity,Hard,0.8,,False,0.12445978088204826,0.18027097096391204,0.5036101030840506,0.15,0.0,3,4758,
31,15,cell_mediated_immunity,Easy,0.2,True,True,0.8607652688024541,0.8441306538876402,0.5675603556155825,0.0,0.0,0,2946,
31,16,innate_immunity,Medium,0.5,,False,0.17320253765726767,0.18190731124242604,0.2776888670661405,0.15,0.0,3,4149,
31,17,innate_immunity,Hard,0.8,False,False,0.05,0.15294293276009532,0.2776888670661405,0.3,0.0,3,4204,
31,18,innate_immunity,Easy,0.2,,False,0.6144681298768583,0.1687608599267746,0.301168008310062,0.44999999999999996,0.0,2,5540,
31,19,innate_immunity,Medium,0.5,False,False,0.23272425498336657,0.15268787576842632,0.317688690618971,0.6,0.0,3,4400,
31,20,innate_immunity,Hard,0.8,False,False,0.05245753064850047,0.15238659636110777,0.32777001963662294,0.75,0.0,1,4053,
31,21,innate_immunity,Medium,0.5,True,False,0.26242936840884834,0.22806432229800505,0.33571591942095547,0.9,0.0,2,2842,
31,22,innate_immunity,Medium,0.5,False,False,0.2717613570213695,0.15390584458106915,0.3435678969982651,1.0,0.0,1,5714,
31,23,innate_immunity,Hard,0.8,False,False,0.0607341385132309,0.1524090330769501,0.35132706254879725,1.0,0.0,3,2821,
31,24,innate_immunity,Medium,0.5,False,False,0.2906895122717628,0.15238146858700402,0.3589945131302332,1.0,0.0,3,5041,
31,25,innate_immunity,Hard,0.8,False,False,0.0662339396388344,0.15238096187003988,0.36657133283280163,1.0,0.0,1,2312,
31,26,innate_immunity,Hard,0.8,False,False,0.06910161627445587,0.15238095255538414,0.3740585929325567,1.0,0.0,1,5327,
31,27,innate_immunity,Medium,0.5,,False,0.3195917811440232,0.1686813187059933,0.3814573520428443,1.0,0.0,3,4688,
31,28,innate_immunity,Medium,0.5,True,False,0.3293213943204462,0.23707686034521958,0.3887686562639778,1.0,0.0,2,2385,
31,29,innate_immunity,Hard,0.8,False,False,0.07817625643997293,0.1541071800747514,0.39599353933114473,1.0,0.0,3,5111,
31,30,innate_immunity,Easy,0.2,,False,0.7642208463448135,0.16892593216459226,0.4031330227605654,1.0,0.0,3,3275,
31,31,innate_immunity,Easy,0.2,True,True,0.7718519746305231,0.8338564989048751,0.4172432092272813,1.0,0.0,0,3832,
31,32,humoral_immunity,Easy,0.2,False,True,0.8403322597900661,0.2701810196476857,0.5121444483048924,0.0,0.0,0,3983,
31,33,humoral_immunity,Hard,0.8,False,False,0.15095462820088057,0.15488847874174513,0.5286299129406891,0.0,0.0,1,7142,
31,34,humoral_immunity,Medium,0.5,,False,0.5428395779860015,0.16903692635959752,0.5445583058299128,0.0,0.0,1,5883,
31,35,humoral_immunity,Hard,0.8,,False,0.17760626585696188,0.1710777227036283,0.5576399295386055,0.15,0.0,2,4797,
31,36,humoral_immunity,Easy,0.2,True,True,0.8952793606282251,0.8358855026923666,0.578567263011716,0.3,0.0,0,4686,
31,37,tolerance_autoimmunity,Hard,0.8,False,True,0.3400560724503635,0.5998045496498181,0.7156014917757282,0.0,0.0,0,3186,
31,38,tolerance_autoimmunity,Hard,0.8,False,True,0.37603992813038684,0.5388112586224186,0.7395150207577531,0.0,0.0,0,4899,
31,39,tolerance_autoimmunity,Hard,0.8,,True,0.41025535010614095,0.8641606911779273,0.7581323752174415,0.0,0.15,0,4797,
31,40,antigen_recognition,Easy,0.2,,True,0.7978888366274596,0.9261872146662979,0.47067808391358446,0.0,0.0,0,3446,
31,41,cell_mediated_immunity,Hard,0.8,False,False,0.17622465807551818,0.19045986547700378,0.572416262528624,0.0,0.0,1,5550,
31,42,cell_mediated_immunity,Easy,0.2,True,True,0.9033049135795169,0.8525381167512815,0.6275021701177156,0.0,0.0,0,4546,
31,43,,,,,,,,,,,,,all_kcs_mastered
32,0,innate_immunity,Easy,0.2,True,True,0.2806440180746179,0.7384615384615385,0.15296417938305754,0.0,0.0,0,3253,
32,1,antigen_recognition,Medium,0.5,,False,0.48757754520589186,0.16164383561643833,0.5264539555196808,0.0,0.0,3,3134,
32,2,cell_mediated_immunity,Hard,0.8,,False,0.05,0.16164383561643833,0.2805035933334189,0.0,0.0,3,3881,
32,3,humoral_immunity,Hard,0.8,False,False,0.08042034405566152,0.151473136915078,0.43918663352990706,0.0,0.0,3,2672,
32,4,tolerance_autoimmunity,Hard,0.8,False,False,0.39184774866913497,0.151473136915078,0.7472314500048116,0.0,0.0,1,4861,
32,5,humoral_immunity,Hard,0.8,False,False,0.10294888897958278,0.15236428212260275,0.4810965980800498,0.0,0.0,3,2697,
32,6,tolerance_autoimmunity,Hard,0.8,False,False,0.4215018212790353,0.15236428212260275,0.7661851142625737,0.0,0.0,3,2946,
32,7,humoral_immunity,Hard,0.8,,False,0.1285970741288642,0.1686789605945943,0.5198746024566151,0.0,0.0,2,3861,
32,8,tolerance_autoimmunity,Medium,0.5,,True,0.831614176115122,0.530097101887864,0.8012499895630694,0.0,0.0,0,2455,
32,9,antigen_recognition,Easy,0.2,True,True,0.8763947646977761,0.8266866566716642,0.5911804893528996,0.0,0.0,0,3852,
32,10,cell_mediated_immunity,Easy,0.2,,False,0.6184611178614812,0.17000398883127243,0.3088952604217787,0.0,0.0,3,3354,
32,11,humoral_immunity,Hard,0.8,,True,0.15699586637754534,0.555688263267478,0.5808707685776969,0.15,0.0,0,4419,
32,12,cell_mediated_immunity,Medium,0.5,False,False,0.24110545142864892,0.1527116545681278,0.3361665789544162,0.0,0.0,3,4066,
32,13,cell_mediated_immunity,Hard,0.8,,False,0.058249738215173236,0.16872811447815084,0.35843248149423124,0.15,0.0,3,3813,
32,14,cell_mediated_immunity,Hard,0.8,False,False,0.06602568461943954,0.15268725035078062,0.37615407101426523,0.3,0.0,2,4479,
32,15,cell_mediated_immunity,Hard,0.8,False,False,0.07289305397178149,0.152386584856291,0.3896935608176099,0.44999999999999996,0.0,2,4520,
32,16,cell_mediated_immunity,Medium,0.5,False,False,0.34032670870223514,0.15238105591977735,0.3993267526348852,0.6,0.0,3,3919,
32,17,cell_mediated_immunity,Easy,0.2,True,True,0.767805402382757,0.8168282023599035,0.4111781772633179,0.75,0.0,0,3032,
32,18,tolerance_autoimmunity,Easy,0.2,,True,0.95,0.8601156137434828,0.8012499895630694,0.0,0.0,0,3499,
32,19,humoral_immunity,Medium,0.5,False,True,0.6189808293839887,0.5010281809835699,0.6435143940012504,0.0,0.0,0,2696,
32,20,humoral_immunity,Easy,0.2,True,True,0.9346910136023544,0.9601564758726764,0.6967952179020142,0.0,0.0,0,3159,
32,21,innate_immunity,Medium,0.5,False,False,0.10713239723921418,0.18011187072715973,0.19558620027021445,0.0,0.0,3,3484,
32,22,innate_immunity,Hard,0.8,False,False,0.05,0.15290762595227023,0.19558620027021445,0.0,0.0,2,3605,
32,23,innate_immunity,Easy,0.2,,True,0.49337968732420645,0.530980034910573,0.2879268340999127,0.0,0.0,0,4325,
32,24,innate_immunity,Easy,0.2,True,True,0.6289140755878461,0.964472508785649,0.36966745999969397,0.0,0.0,0,5426,
32,25,antigen_recognition,Easy,0.2,True,True,0.9127020843279408,0.9886803474462543,0.6470598915694653,0.0,0.0,0,3188,
32,26,,,,,,,,,,,,,all_kcs_mastered
33,0,innate_immunity,Medium,0.5,,True,0.5688629134601467,0.43333333333333335,0.5566489437005542,0.0,0.0,0,5850,
33,1,antigen_recognition,Medium,0.5,True,True,0.373505597142561,0.7384615384615385,0.4704748220621734,0.0,0.0,0,3052,
33,2,cell_mediated_immunity,Hard,0.8,False,False,0.05,0.151473136915078,0.2423246279305998,0.0,0.0,1,4688,
33,3,humoral_immunity,Easy,0.2,True,True,0.5188836391367234,0.7384615384615385,0.28595131786068245,0.0,0.0,0,2544,
33,4,tolerance_autoimmunity,Easy,0.2,,True,0.3927041289937952,0.43333333333333335,0.2348680149157233,0.0,0.0,0,2801,
33,5,cell_mediated_immunity,Easy,0.2,True,False,0.5631479413290088,0.22756316558780537,0.27910426413785216,0.0,0.0,3,4638,
33,6,cell_mediated_immunity,Easy,0.2,False,True,0.6164779843254891,0.27083370775443005,0.34909276814835516,0.0,0.0,0,2524,
33,7,cell_mediated_immunity,Hard,0.8,False,False,0.0626529170851748,0.15490458092746984,0.37595006384976976,0.15,0.0,2,2132,
33,8,cell_mediated_immunity,Medium,0.5,,False,0.32206465234085463,0.1690392157423275,0.3971552281338525,0.3,0.0,2,4283,
33,9,cell_mediated_immunity,Easy,0.2,True,True,0.7654744622641854,0.8339643035873546,0.4498299513581545,0.09999999999999998,0.0,0,3161,
33,10,innate_immunity,Easy,0.2,True,True,0.8947205943397811,0.9484388938447815,0.5668551683568303,0.0,0.0,0,3481,
33,11,tolerance_autoimmunity,Hard,0.8,,False,0.05,0.22416107382550338,0.2348680149157233,0.0,0.0,3,4721,
33,12,tolerance_autoimmunity,Medium,0.5,,False,0.16927250984427644,0.17962847004800667,0.28200726841459167,0.0,0.0,2,3759,
33,13,tolerance_autoimmunity,Hard,0.8,True,False,0.05,0.2432099988956815,0.28200726841459167,0.15,0.0,3,3623,
33,14,tolerance_autoimmunity,Medium,0.5,False,False,0.21282901503408755,0.15424687693716999,0.3129717940533612,0.3,0.0,2,5594,
33,15,tolerance_autoimmunity,Medium,0.5,False,False,0.245609134332722,0.15241532674444985,0.33625182751919946,0.44999999999999996,0.0,1,5424,
33,16,tolerance_autoimmunity,Medium,0.5,False,False,0.27239818400920357,0.1523815842877896,0.35260905423141786,0.6,0.0,2,3464,
33,17,tolerance_autoimmunity,Easy,0.2,False,True,0.714155817701113,0.22806157132333088,0.37255170889778627,0.75,0.0,0,3605,
33,18,tolerance_autoimmunity,Easy,0.2,,True,0.737944103228424,0.6351117735835485,0.40734269942682166,0.55,0.0,0,3139,
33,19,tolerance_autoimmunity,Medium,0.5,False,True,0.3644865037883333,0.5705048963468885,0.45480986882580576,0.35000000000000003,0.0,0,4140,
33,20,tolerance_autoimmunity,Medium,0.5,True,False,0.4326270549423868,0.5135010132714016,0.48336033835861486,0.15000000000000002,0.0,3,3176,
33,21,tolerance_autoimmunity,Easy,0.2,,True,0.845555895800676,0.852167802506095,0.5470199642857687,0.0,0.0,0,4971,
33,22,antigen_recognition,Hard,0.8,False,False,0.10814091807557526,0.18011187072715973,0.4750220074109557,0.0,0.0,2,3488,
33,23,antigen_recognition,Hard,0.8,False,False,0.12456775700588989,0.15290762595227023,0.5004003558709004,0.0,0.0,3,4256,
33,24,antigen_recognition,Easy,0.2,True,True,0.8584410939445626,0.8174125353154452,0.5487033858575225,0.0,0.0,0,3457,
33,25,humoral_immunity,Medium,0.5,False,True,0.21455629636731663,0.6339622641509434,0.35045060302711817,0.0,0.0,0,2356,
33,26,humoral_immunity,Hard,0.8,,False,0.06313307900407078,0.30127118644067796,0.3807072707394031,0.0,0.0,3,2864,
33,27,humoral_immunity,Easy,0.2,False,True,0.7472962095103532,0.31591373577768966,0.4384018338109602,0.0,0.0,0,3836,
33,28,humoral_immunity,Easy,0.2,,True,0.8069653466960696,0.7238572179785632,0.4907214547093836,0.0,0.0,0,4975,
33,29,humoral_immunity,Hard,0.8,,False,0.13520839876633212,0.3597779562200835,0.5144441643134037,0.0,0.0,2,4989,
33,30,humoral_immunity,Medium,0.5,False,True,0.5216526957083728,0.35415311933023386,0.55967952791961,0.0,0.0,0,3052,
33,31,humoral_immunity,Hard,0.8,False,False,0.19124776352892298,0.15722096524055013,0.5801901007455424,0.0,0.0,2,4205,
33,32,humoral_immunity,Medium,0.5,False,False,0.6180171757087882,0.15247042471248576,0.5968119949090593,0.15,0.0,2,4299,
33,33,humoral_immunity,Easy,0.2,True,True,0.9153570176693584,0.8169275867072895,0.6343738048421227,0.0,0.0,0,5009,
33,34,cell_mediated_immunity,Easy,0.2,,True,0.7723913280095067,0.9421495154004741,0.46154143248690666,0.0,0.0,0,4435,
33,35,,,,,,,,,,,,,all_kcs_mastered
34,0,innate_immunity,Hard,0.8,False,False,0.05,0.151473136915078,0.18704288448688405,0.0,0.0,3,4165,
34,1,antigen_recognition,Medium,0.5,,False,0.08594466341557133,0.16164383561643833,0.14512952608126017,0.0,0.0,2,3483,
34,2,cell_mediated_immunity,Medium,0.5,True,False,0.6083532835992836,0.2,0.5944404520993338,0.0,0.0,2,4721,
34,3,humoral_immunity,Easy,0.2,True,False,0.4526067959655077,0.2,0.20824474853389568,0.0,0.0,2,4267,
34,4,tolerance_autoimmunity,Hard,0.8,,False,0.05,0.16164383561643833,0.255850095501087,0.0,0.0,1,3856,
34,5,innate_immunity,Medium,0.5,False,False,0.13264836768537588,0.15236428212260275,0.22633669958971447,0.0,0.0,3,3964,
34,6,innate_immunity,Easy,0.2,False,True,0.5394230494515543,0.22805207479018869,0.3011258418410362,0.0,0.0,0,4823,
34,7,antigen_recognition,Medium,0.5,False,False,0.1062887923390882,0.15255307234129206,0.18257495928310036,0.0,0.0,1,4984,
34,8,antigen_recognition,Medium,0.5,False,False,0.1295943427536096,0.15238411698161172,0.2183801902432536,0.0,0.0,1,5179,
34,9,antigen_recognition,Hard,0.8,False,False,0.05,0.1523810105539718,0.2183801902432536,0.15,0.0,1,4721,
34,10,antigen_recognition,Hard,0.8,False,False,0.05,0.15238095345030941,0.2183801902432536,0.3,0.0,1,3823,
34,11,antigen_recognition,Hard,0.8,False,False,0.05,0.15238095240060967,0.2183801902432536,0.44999999999999996,0.0,1,2699,
34,12,antigen_recognition,Hard,0.8,False,False,0.05,0.15238095238131374,0.2183801902432536,0.6,0.0,2,4941,
34,13,antigen_recognition,Hard,0.8,False,False,0.05,0.15238095238095903,0.2183801902432536,0.75,0.0,2,2682,
34,14,antigen_recognition,Medium,0.5,False,True,0.1558128165387247,0.22806122448979954,0.2320749396905311,0.9,0.0,0,3494,
34,15,tolerance_autoimmunity,Hard,0.8,,False,0.05,0.17000398883127243,0.255850095501087,0.0,0.0,3,5169,
34,16,tolerance_autoimmunity,Easy,0.2,,False,0.5829999048110593,0.1712193807621569,0.303398405826955,0.0,0.0,2,3343,
34,17,tolerance_autoimmunity,Easy,0.2,True,False,0.650307341701375,0.23849315400253296,0.34123203892566123,0.15,0.0,1,4622,
34,18,cell_mediated_immunity,Hard,0.8,False,False,0.2255943621450382,0.15330739299610896,0.6144438294579179,0.0,0.0,2,3653,
34,19,cell_mediated_immunity,Medium,0.5,True,True,0.6652241786425024,0.8178541533310356,0.6524773345853714,0.0,0.0,0,4505,
34,20,humoral_immunity,Hard,0.8,,False,0.05,0.17421289355322336,0.20586065608369306,0.0,0.0,3,4198,
34,21,humoral_immunity,Medium,0.5,,False,0.146185691016347,0.17183920753548843,0.24399290820934583,0.0,0.0,3,6495,
34,22,humoral_immunity,Hard,0.8,False,False,0.05,0.15274688700333142,0.24399290820934583,0.15,0.0,2,3120,
34,23,humoral_immunity,Easy,0.2,False,False,0.565608870436881,0.15238768197223138,0.26940378512616386,0.3,0.0,2,3286,
34,24,humoral_immunity,Easy,0.2,False,False,0.6026269198770331,0.1523810760876385,0.28869838827682204,0.44999999999999996,0.0,2,4467,
34,25,humoral_immunity,Easy,0.2,False,True,0.6299938265382113,0.22806129238843936,0.3160220891899151,0.6,0.0,0,3175,
34,26,innate_immunity,Easy,0.2,,False,0.6274223724267878,0.1784033878915405,0.31616115440674275,0.15,0.0,3,4319,
34,27,innate_immunity,Hard,0.8,False,False,0.052003830931150845,0.15287416970861795,0.33929822480354976,0.3,0.0,3,3693,
34,28,innate_immunity,Easy,0.2,True,True,0.6975776638099846,0.8173754984191275,0.39678057807298506,0.09999999999999998,0.0,0,2968,
34,29,antigen_recognition,Hard,0.8,False,False,0.05,0.15390577616957418,0.2320749396905311,1.0,0.0,2,3226,
34,30,antigen_recognition,Medium,0.5,False,True,0.1669289914416092,0.22889875008042515,0.24552974362966945,0.8,0.0,0,3815,
34,31,tolerance_autoimmunity,Easy,0.2,True,True,0.6859089422855069,0.877380639832646,0.3900957423778429,0.3,0.0,0,6092,
34,32,humoral_immunity,Medium,0.5,False,False,0.2490159495682243,0.153905777669031,0.3242327446445251,0.75,0.0,2,3349,
34,33,humoral_immunity,Hard,0.8,False,False,0.05444384204271905,0.15240903184259375,0.3307224186688336,0.9,0.0,1,3232,
34,34,humoral_immunity,Hard,0.8,,False,0.056483489588736925,0.16868529083315698,0.33714976965424376,1.0,0.0,2,4342,
34,35,humoral_immunity,Medium,0.5,False,False,0.27346731128031493,0.152686432518827,0.34351539611481996,1.0,0.0,2,4194,
34,36,humoral_immunity,Easy,0.2,,True,0.7028888326044693,0.530620859993317,0.35612438551887454,1.0,0.0,0,5868,
34,37,antigen_recognition,Easy,0.2,False,True,0.5678730456745508,0.2716218127890469,0.27196786865526335,0.6000000000000001,0.0,0,4161,
34,38,antigen_recognition,Medium,0.5,False,False,0.2029119856314056,0.15492406156522628,0.2911016294118577,0.4000000000000001,0.0,1,5010,
34,39,antigen_recognition,Easy,0.2,True,True,0.6333486761443263,0.8196226605719649,0.3407840220411296,0.20000000000000007,0.0,0,3099,
34,40,humoral_immunity,Easy,0.2,True,False,0.7184419595465115,0.48040565732532686,0.3623077908512116,1.0,0.0,1,5051,
34,41,humoral_immunity,Easy,0.2,True,True,0.7258855713387774,0.956902475891984,0.37455583788935903,0.8,0.0,0,3918,
34,42,cell_mediated_immunity,Medium,0.5,True,False,0.6959720132646744,0.6712277053533479,0.653206949159766,0.15,0.0,3,1915,
34,43,cell_mediated_immunity,Hard,0.8,True,False,0.2930206641196831,0.6043586804636187,0.6651803390307243,0.3,0.0,3,4208,
34,44,cell_mediated_immunity,Medium,0.5,True,False,0.729301591375212,0.5428245153671196,0.6742631931592014,0.44999999999999996,0.0,3,2607,
34,45,cell_mediated_immunity,Easy,0.2,True,True,0.9450897134975548,0.9660593467811625,0.6871162231037217,0.6,0.0,0,4137,
34,46,innate_immunity,Hard,0.8,,False,0.07363947347828799,0.40737680962410094,0.4005347916619337,0.24999999999999997,0.0,2,3934,
34,47,innate_immunity,Hard,0.8,False,False,0.08341770721025338,0.15903268372784932,0.41791967551929304,0.39999999999999997,0.0,2,3904,
34,48,innate_immunity,Medium,0.5,,True,0.37930905893816436,0.5407840104626811,0.4629349044088596,0.19999999999999996,0.0,0,5722,
34,49,innate_immunity,Hard,0.8,True,False,0.11687202663756525,0.48869529170261866,0.4798080807487512,0.35,0.0,3,5820,
34,50,innate_immunity,Medium,0.5,False,True,0.4697491131689751,0.44720005297528553,0.5225514825778185,0.14999999999999997,0.0,0,4014,
34,51,innate_immunity,Hard,0.8,True,False,0.1591332766267431,0.4158264828616718,0.5456286823546682,0.0,0.0,3,3876,
34,52,innate_immunity,Easy,0.2,True,True,0.8883277076708032,0.9448566074824405,0.5895522355234382,0.0,0.0,0,3850,
34,53,antigen_recognition,Medium,0.5,,False,0.25139653268567136,0.4095971297471588,0.34800429179195186,5.551115123125783e-17,0.0,2,4323,
34,54,antigen_recognition,Easy,0.2,,True,0.708482588870056,0.7937851284821712,0.4051223289319541,0.0,0.0,0,3524,
34,55,antigen_recognition,Medium,0.5,False,False,0.3614062026702777,0.19822324836513677,0.4311794367334831,0.0,0.0,2,1662,
34,56,antigen_recognition,Medium,0.5,False,False,0.3982113571517898,0.15327088780407405,0.45235781766620203,0.15,0.0,3,4263,
34,57,antigen_recognition,Easy,0.2,,True,0.8196749651404074,0.5315691158456233,0.5003339716748606,0.0,0.0,0,4173,
34,58,antigen_recognition,Medium,0.5,False,True,0.500500957344665,0.4811750447755936,0.5441071781610078,0.0,0.0,0,2978,
34,59,antigen_recognition,Medium,0.5,False,True,0.5657773165141962,0.4414071208415901,0.5840456360401675,0.0,0.0,0,3867,
35,0,innate_immunity,Easy,0.2,True,True,0.8546619443876977,0.7384615384615385,0.5644577795326244,0.0,0.0,0,3764,
35,1,antigen_recognition,Hard,0.8,False,True,0.12416250305348624,0.2,0.5331448951923894,0.0,0.0,0,3646,
35,2,cell_mediated_immunity,Medium,0.5,False,False,0.15154427026899894,0.151473136915078,0.23403945249784847,0.0,0.0,2,4500,
35,3,humoral_immunity,Easy,0.2,False,True,0.6010075347820276,0.2,0.34856388867891563,0.0,0.0,0,4024,
35,4,tolerance_autoimmunity,Easy,0.2,True,True,0.8400794222599586,0.7384615384615385,0.5460264364855636,0.0,0.0,0,4360,
35,5,cell_mediated_immunity,Easy,0.2,,True,0.5508824315588946,0.5286442405708461,0.2751639518068811,0.0,0.0,0,3625,
35,6,antigen_recognition,Medium,0.5,True,False,0.5495541321967518,0.25479452054794516,0.5592337634151492,0.0,0.0,1,5625,
35,7,humoral_immunity,Easy,0.2,,True,0.7091755612326341,0.5999999999999999,0.4200410657927255,0.0,0.0,0,3651,
35,8,antigen_recognition,Hard,0.8,True,False,0.190834421231431,0.28710734245519365,0.5838647295219516,0.0,0.0,1,4045,
35,9,antigen_recognition,Hard,0.8,False,False,0.2147021046273498,0.15531538550008267,0.6036310840164483,0.15,0.0,1,4511,
35,10,antigen_recognition,Easy,0.2,True,True,0.91847361771252,0.8200465906678258,0.6346410115813106,0.3,0.0,0,6067,
35,11,cell_mediated_immunity,Medium,0.5,,False,0.20603124301792738,0.2545118308122718,0.29462221219658874,0.0,0.0,1,4026,
35,12,cell_mediated_immunity,Hard,0.8,False,True,0.05,0.2869361638834066,0.29462221219658874,0.0,0.0,0,3366,
35,13,cell_mediated_immunity,Medium,0.5,False,False,0.22578494177809816,0.15531096888669751,0.31355811460156663,0.0,0.0,2,5022,
35,14,cell_mediated_immunity,Hard,0.8,,False,0.05123922603507294,0.16909702004441507,0.32922154667632875,0.15,0.0,1,4336,
35,15,cell_mediated_immunity,Medium,0.5,False,True,0.26411859996238235,0.2373085981054355,0.36523570971668534,0.0,0.0,0,3860,
35,16,cell_mediated_immunity,Medium,0.5,,False,0.308191947421152,0.18182164470659173,0.3797199472841034,0.15,0.0,3,4069,
35,17,cell_mediated_immunity,Hard,0.8,True,False,0.07435221639264503,0.2444463986757705,0.39137596186459,0.3,0.0,2,4952,
35,18,cell_mediated_immunity,Medium,0.5,,False,0.3425965870636912,0.18303920525695033,0.40036216056931473,0.44999999999999996,0.0,1,3206,
35,19,cell_mediated_immunity,Hard,0.8,False,False,0.08333854597012491,0.15296526935792484,0.4068010838255462,0.6,0.0,3,3688,
35,20,cell_mediated_immunity,Hard,0.8,,False,0.08633779311381289,0.16876402325706547,0.41078219755553674,0.75,0.0,2,2584,
35,21,cell_mediated_immunity,Medium,0.5,,False,0.36928001057838583,0.17103779796849108,0.4139457138996248,0.9,0.0,1,2703,
35,22,cell_mediated_immunity,Easy,0.2,True,True,0.7830745716308077,0.835848212710859,0.4202387766852699,1.0,0.0,0,2215,
35,23,humoral_immunity,Medium,0.5,True,True,0.3617045747474042,0.9694717059929004,0.4705855681426867,0.0,0.0,0,5307,
35,24,innate_immunity,Easy,0.2,,True,0.8811417273473302,0.9265805877114871,0.5977730001584391,0.0,0.0,0,2308,
35,25,tolerance_autoimmunity,Medium,0.5,False,True,0.5667428303636145,0.6339622641509434,0.6052455511449926,0.0,0.0,0,5911,
35,26,tolerance_autoimmunity,Easy,0.2,,True,0.9191960297995441,0.9033411488862836,0.6576929029859356,0.0,0.0,0,4825,
35,27,,,,,,,,,,,,,all_kcs_mastered
36,0,innate_immunity,Hard,0.8,,False,0.05,0.16164383561643833,0.1401085905276868,0.0,0.0,1,2684,
36,1,antigen_recognition,Medium,0.5,False,True,0.18369306364843627,0.2,0.3129870098371542,0.0,0.0,0,4335,
36,2,cell_mediated_immunity,Hard,0.8,,False,0.05,0.16164383561643833,0.13415999344299123,0.0,0.0,2,4497,
36,3,humoral_immunity,Medium,0.5,False,False,0.5155298938155034,0.151473136915078,0.5316440167629607,0.0,0.0,3,4522,
36,4,tolerance_autoimmunity,Medium,0.5,False,False,0.10900345474513612,0.151473136915078,0.19243979087602706,0.0,0.0,2,3396,
36,5,humoral_immunity,Easy,0.2,True,True,0.8797287592905632,0.8158135829516033,0.5723679060205019,0.0,0.0,0,4236,
36,6,tolerance_autoimmunity,Easy,0.2,,False,0.48866163044084054,0.1685530193297038,0.2329051391432944,0.0,0.0,2,3164,
36,7,innate_immunity,Easy,0.2,False,False,0.41111729531393637,0.15255307234129206,0.1797910298323936,0.0,0.0,3,4957,
36,8,innate_immunity,Medium,0.5,,False,0.12772181422054715,0.16870567050359922,0.21764219605793558,0.0,0.0,2,2235,
36,9,cell_mediated_immunity,Hard,0.8,False,False,0.05,0.15255307234129206,0.13415999344299123,0.0,0.0,3,4714,
36,10,cell_mediated_immunity,Medium,0.5,False,False,0.10019678029082738,0.15238411698161172,0.16601195148265735,0.0,0.0,2,2253,
36,11,cell_mediated_immunity,Easy,0.2,,True,0.44919387709262854,0.5301293720235979,0.21816830671438373,0.15,0.0,0,3096,
36,12,tolerance_autoimmunity,Easy,0.2,False,True,0.5491980052848802,0.23700535667704026,0.3097805481787892,0.0,0.0,0,4866,
36,13,innate_immunity,Easy,0.2,True,False,0.5264386118735215,0.23709043304106403,0.2483309386926184,0.15,0.0,3,3170,
36,14,antigen_recognition,Medium,0.5,,True,0.24562605029082019,0.5999999999999999,0.3694966416240156,0.0,0.0,0,4091,
36,15,tolerance_autoimmunity,Easy,0.2,True,False,0.658964545610637,0.2764274262042812,0.33917832515658597,0.15,0.0,3,3730,
36,16,innate_immunity,Medium,0.5,False,False,0.1809366638481513,0.15410748679601777,0.2726126597352817,0.3,0.0,2,3255,
36,17,innate_immunity,Medium,0.5,,False,0.20353843093176913,0.16892597570413823,0.29107484811710194,0.44999999999999996,0.0,2,4239,
36,18,innate_immunity,Easy,0.2,False,True,0.633311360731616,0.23721323633986557,0.3172473429240327,0.6,0.0,0,4626,
36,19,innate_immunity,Hard,0.8,,False,0.05232606145586036,0.18180550788826894,0.32512429418092764,0.75,0.0,2,3026,
36,20,innate_immunity,Easy,0.2,,True,0.6793411759355372,0.5749818951523845,0.3531541623078099,0.55,0.0,0,4191,
36,21,tolerance_autoimmunity,Easy,0.2,True,True,0.6974258758584901,0.9027029728780623,0.4054034286547019,0.0,0.0,0,4930,
36,22,cell_mediated_immunity,Hard,0.8,,False,0.05,0.25505946585312983,0.21816830671438373,0.3,0.0,2,6016,
36,23,cell_mediated_immunity,Medium,0.5,False,True,0.15564566886716472,0.28726781941697965,0.2699390336154799,0.09999999999999998,0.0,0,2131,
36,24,cell_mediated_immunity,Easy,0.2,True,True,0.6033957142300421,0.907223412147445,0.3236530479635724,0.0,0.0,0,4148,
36,25,innate_immunity,Hard,0.8,False,False,0.06409935468280104,0.16759548303786,0.37255716281127854,0.35000000000000003,0.0,1,4298,
36,26,innate_immunity,Medium,0.5,False,False,0.31763603112344896,0.15266564751582226,0.3870348410562524,0.5,0.0,2,4112,
36,27,innate_immunity,Hard,0.8,,False,0.07742985696902951,0.16872160240850592,0.3969353742592928,0.65,0.0,1,2386,
36,28,innate_immunity,Medium,0.5,False,True,0.35014822025490944,0.23709931300211556,0.40806751264055985,0.8,0.0,0,4500,
36,29,innate_immunity,Medium,0.5,False,False,0.36549445361972643,0.15410768747475218,0.41353083620522707,0.9500000000000001,0.0,3,4302,
36,30,innate_immunity,Hard,0.8,False,False,0.08957665367001488,0.1524127574358196,0.41894373526201606,1.0,0.0,1,2825,
36,31,innate_immunity,Medium,0.5,False,False,0.38075671694664265,0.15238153705423158,0.4243066752109648,1.0,0.0,3,5196,
36,32,innate_immunity,Hard,0.8,False,False,0.09499123979834563,0.15238096312863023,0.4296201171566368,1.0,0.0,3,4223,
36,33,innate_immunity,Easy,0.2,True,False,0.7986246856733735,0.22806123038885223,0.4348845179477663,1.0,0.0,2,5208,
36,34,innate_immunity,Easy,0.2,True,False,0.8036566333240006,0.271127487451876,0.44010033021653855,1.0,0.0,3,3488,
36,35,innate_immunity,Easy,0.2,True,True,0.8085478543817674,0.9003824890818685,0.4504356746184751,1.0,0.0,0,4213,
36,36,antigen_recognition,Hard,0.8,False,False,0.0628703839066408,0.16724813100747596,0.3764534857521201,0.0,0.0,1,4165,
36,37,antigen_recognition,Hard,0.8,False,True,0.07301455323569014,0.23627860973607262,0.42774273999719103,0.0,0.0,0,4554,
36,38,antigen_recognition,Easy,0.2,True,True,0.796807034793972,0.882999155976985,0.4748132430490353,0.0,0.0,0,4843,
36,39,humoral_immunity,Medium,0.5,False,True,0.568818632816767,0.6693092589183426,0.5856327968220055,0.0,0.0,0,5349,
36,40,humoral_immunity,Hard,0.8,,True,0.21649614867516614,0.9159071951683706,0.6216623228623237,0.0,0.0,0,5313,
36,41,,,,,,,,,,,,,all_kcs_mastered
37,0,innate_immunity,Hard,0.8,False,False,0.05,0.151473136915078,0.1444076687739247,0.0,0.0,2,4069,
37,1,antigen_recognition,Hard,0.8,,True,0.23791631645460642,0.43333333333333335,0.6355098061378918,0.0,0.0,0,3431,
37,2,cell_mediated_immunity,Hard,0.8,,False,0.05,0.16164383561643833,0.09366671487526441,0.0,0.0,1,4505,
37,3,humoral_immunity,Hard,0.8,,False,0.06927099429644402,0.16164383561643833,0.411491706839284,0.0,0.0,1,3460,
37,4,tolerance_autoimmunity,Easy,0.2,True,False,0.49488596709444066,0.2,0.22348883921710452,0.0,0.0,3,7551,
37,5,innate_immunity,Medium,0.5,False,False,0.10587807156503935,0.15236428212260275,0.17138223482944545,0.0,0.0,1,3624,
37,6,innate_immunity,Medium,0.5,False,False,0.12220570023696856,0.15238064594829565,0.19750636407373282,0.0,0.0,1,3246,
37,7,innate_immunity,Hard,0.8,False,False,0.05,0.15238094674800115,0.19750636407373282,0.15,0.0,3,4199,
37,8,innate_immunity,Hard,0.8,,False,0.05,0.16868131788449775,0.19750636407373282,0.3,0.0,2,3842,
37,9,cell_mediated_immunity,Easy,0.2,True,False,0.3456988473741419,0.233167495854063,0.1030948298289468,0.0,0.0,1,3784,
37,10,humoral_immunity,Medium,0.5,,False,0.3702720817184937,0.17000398883127243,0.45284785109260817,0.0,0.0,3,3128,
37,11,innate_immunity,Hard,0.8,,False,0.05,0.17102570288887886,0.19750636407373282,0.44999999999999996,0.0,3,3785,
37,12,humoral_immunity,Medium,0.5,True,False,0.4297397865705446,0.23781451495612546,0.4912977819800747,0.0,0.0,2,4032,
37,13,innate_immunity,Hard,0.8,False,False,0.05,0.15273125049543107,0.19750636407373282,0.6,0.0,3,2569,
37,14,innate_immunity,Hard,0.8,False,False,0.05,0.15238739429785922,0.19750636407373282,0.75,0.0,2,4812,
37,15,innate_immunity,Medium,0.5,False,False,0.14003951405772425,0.15238107079942603,0.20256646496556943,0.9,0.0,2,3147,
37,16,innate_immunity,Easy,0.2,,False,0.5038496213792615,0.16868133543245462,0.20759465953455275,1.0,0.0,2,3827,
37,17,innate_immunity,Hard,0.8,,False,0.05,0.17102570545492643,0.20759465953455275,1.0,0.0,2,5259,
37,18,innate_immunity,Medium,0.5,False,False,0.14748905944544957,0.152731250544706,0.21259114896509784,1.0,0.0,3,2781,
37,19,innate_immunity,Easy,0.2,False,False,0.5188777458361803,0.15238739429876577,0.21755613317305714,1.0,0.0,3,2788,
37,20,innate_immunity,Medium,0.5,False,False,0.155163567755611,0.15238107079944269,0.2224898108137193,1.0,0.0,1,4582,
37,21,innate_immunity,Medium,0.5,False,True,0.15908376912477165,0.2280612894859176,0.23229494776579607,1.0,0.0,0,3026,
37,22,tolerance_autoimmunity,Medium,0.5,False,False,0.15824762969508605,0.15310397847395735,0.24751201956363655,0.0,0.0,3,3627,
37,23,tolerance_autoimmunity,Easy,0.2,False,False,0.5707892799411269,0.15239425443996632,0.27270547093000336,0.0,0.0,1,2233,
37,24,tolerance_autoimmunity,Medium,0.5,False,False,0.2036287198715002,0.15238119690786295,0.29340294497609454,0.15,0.0,1,3693,
37,25,tolerance_autoimmunity,Easy,0.2,,True,0.636549175518272,0.5301246214207358,0.3265227643032493,0.3,0.0,0,5264,
37,26,cell_mediated_immunity,Easy,0.2,,False,0.35037357327835517,0.17919367653978774,0.1064928073146731,0.0,0.0,2,4561,
37,27,cell_mediated_immunity,Hard,0.8,False,False,0.05,0.1528896284963578,0.1064928073146731,0.15,0.0,2,4635,
37,28,cell_mediated_immunity,Hard,0.8,False,False,0.05,0.15239030855648503,0.1064928073146731,0.3,0.0,3,4899,
37,29,cell_mediated_immunity,Hard,0.8,False,False,0.05,0.15238112437133677,0.1064928073146731,0.44999999999999996,0.0,2,4261,
37,30,cell_mediated_immunity,Easy,0.2,False,True,0.36330612789597455,0.22806131888981923,0.11392856072930792,0.6,0.0,0,5436,
37,31,humoral_immunity,Medium,0.5,False,True,0.4616555072973169,0.2698677376152987,0.5371784814296284,0.15,0.0,0,2526,
37,32,innate_immunity,Hard,0.8,False,False,0.05,0.1539057776049324,0.23229494776579607,1.0,0.0,3,4212,
37,33,innate_immunity,Easy,0.2,True,False,0.5482914175389669,0.2288987508693747,0.23713569022849976,1.0,0.0,3,3530,
37,34,cell_mediated_immunity,Medium,0.5,False,False,0.0897714573681391,0.15390577825428098,0.11623289610011722,0.75,0.0,3,4563,
37,35,cell_mediated_immunity,Medium,0.5,False,False,0.09090764212565852,0.15240903185339008,0.11807157023569292,0.9,0.0,1,3991,
37,36,cell_mediated_immunity,Medium,0.5,,False,0.09182349234743133,0.16868529083468428,0.11990641901664531,1.0,0.0,2,4441,
37,37,cell_mediated_immunity,Medium,0.5,,False,0.09274569668074545,0.17102628385797025,0.1217374504016103,1.0,0.0,3,2251,
37,38,cell_mediated_immunity,Easy,0.2,True,False,0.3847167698980543,0.23838528225744177,0.12356467233266587,1.0,0.0,1,1917,
37,39,innate_immunity,Easy,0.2,,False,0.5554742182793267,0.18041150293439687,0.24194590952671205,1.0,0.0,3,5046,
37,40,innate_immunity,Easy,0.2,False,False,0.5625888449450921,0.15291350758184874,0.24672579812338213,1.0,0.0,2,3506,
37,41,innate_immunity,Easy,0.2,True,False,0.5696332029786163,0.22835359997687807,0.2514755472678895,1.0,0.0,2,4779,
37,42,innate_immunity,Easy,0.2,True,True,0.576605336019148,0.8784427492708303,0.26091514673950267,1.0,0.0,0,4566,
37,43,cell_mediated_immunity,Hard,0.8,,False,0.05,0.18200407390775547,0.12356467233266587,1.0,0.0,1,3106,
37,44,cell_mediated_immunity,Hard,0.8,False,False,0.05,0.15294483988717733,0.12356467233266587,1.0,0.0,2,4765,
37,45,cell_mediated_immunity,Medium,0.5,,False,0.09460919869599853,0.1687611300103571,0.12538809273536655,1.0,0.0,1,5672,
37,46,cell_mediated_immunity,Hard,0.8,False,False,0.05,0.15268788092705535,0.12538809273536655,1.0,0.0,3,2789,
37,47,cell_mediated_immunity,Medium,0.5,False,False,0.09555051073366114,0.15238659645600294,0.1272077195187778,1.0,0.0,2,4941,
37,48,cell_mediated_immunity,Hard,0.8,False,False,0.05,0.15238105613301015,0.1272077195187778,1.0,0.0,2,5190,
37,49,cell_mediated_immunity,Medium,0.5,,True,0.09649820558638236,0.530124392395667,0.13083940163224272,1.0,0.0,0,3872,
37,50,humoral_immunity,Easy,0.2,,True,0.8712581254141696,0.6668537423714295,0.5863344376466432,0.0,0.0,0,5354,
37,51,antigen_recognition,Hard,0.8,False,False,0.2082245965671602,0.15718345824734603,0.5932275999254899,0.0,0.0,1,3045,
37,52,antigen_recognition,Easy,0.2,True,True,0.9136757819812865,0.8220484525032773,0.6237158986824926,0.0,0.0,0,5898,
37,53,tolerance_autoimmunity,Hard,0.8,False,False,0.05332666072679262,0.16201094492728507,0.33309129520050595,0.44999999999999996,0.0,2,4976,
37,54,tolerance_autoimmunity,Medium,0.5,,True,0.26865599168478704,0.5454541899081873,0.3665836547936044,0.24999999999999994,0.0,0,3775,
37,55,cell_mediated_immunity,Easy,0.2,False,False,0.39772254465613355,0.16472463660255218,0.13264768698799786,1.0,0.0,3,4187,
37,56,cell_mediated_immunity,Medium,0.5,True,False,0.09938166932578898,0.23487570686214265,0.13445221021287182,1.0,0.0,3,4973,
37,57,cell_mediated_immunity,Easy,0.2,True,True,0.40292633628527535,0.882210911718779,0.13805374805505563,0.8,0.0,0,3719,
37,58,tolerance_autoimmunity,Easy,0.2,,False,0.730960640611898,0.2608694269643812,0.3867302180442851,0.04999999999999993,0.0,3,2726,
37,59,tolerance_autoimmunity,Medium,0.5,,False,0.3363464119625736,0.18591546829380826,0.4031561361483368,0.19999999999999993,0.0,2,3308,
38,0,innate_immunity,Hard,0.8,False,False,0.05,0.151473136915078,0.19998642894330573,0.0,0.0,3,3305,
38,1,antigen_recognition,Easy,0.2,False,False,0.3094272308201205,0.151473136915078,0.09596207036326346,0.0,0.0,2,3327,
38,2,cell_mediated_immunity,Medium,0.5,,False,0.669636454259174,0.16164383561643833,0.6353444902851416,0.0,0.0,3,4536,
38,3,humoral_immunity,Easy,0.2,,True,0.7128500000030517,0.43333333333333335,0.4198883380471546,0.0,0.0,0,1854,
38,4,tolerance_autoimmunity,Easy,0.2,False,False,0.28063260631565784,0.151473136915078,0.07982047628278494,0.0,0.0,3,3441,
38,5,innate_immunity,Hard,0.8,,False,0.05,0.1685530193297038,0.19998642894330573,0.0,0.0,3,3233,
38,6,antigen_recognition,Hard,0.8,False,False,0.05,0.15236428212260275,0.09596207036326346,0.0,0.0,1,4929,
38,7,tolerance_autoimmunity,Medium,0.5,,False,0.07439373987741639,0.1685530193297038,0.11512039653419107,0.0,0.0,2,2905,
38,8,antigen_recognition,Easy,0.2,False,False,0.34882056650455195,0.15238064594829565,0.1247753153621057,0.0,0.0,2,4597,
38,9,antigen_recognition,Easy,0.2,True,True,0.3890402891847154,0.8168277462426223,0.17219667474244363,0.15,0.0,0,3625,
38,10,cell_mediated_immunity,Hard,0.8,False,True,0.27132053060136263,0.23316749585406296,0.6689012501115413,0.0,0.0,0,3486,
38,11,innate_immunity,Easy,0.2,True,True,0.4999796434149698,0.8335008392948863,0.23905171008905451,0.0,0.0,0,4497,
38,12,tolerance_autoimmunity,Hard,0.8,False,False,0.05,0.15268390696295708,0.11512039653419107,0.0,0.0,3,2641,
38,13,tolerance_autoimmunity,Easy,0.2,,False,0.37536288334195644,0.16872418687009033,0.1439742797547359,0.15,0.0,1,5152,
38,14,tolerance_autoimmunity,Hard,0.8,False,False,0.05,0.15268717533916368,0.1439742797547359,0.3,0.0,1,1666,
38,15,tolerance_autoimmunity,Medium,0.5,,True,0.10563215554596982,0.5306220667949416,0.18009701751064178,0.44999999999999996,0.0,0,4514,
38,16,cell_mediated_immunity,Easy,0.2,False,True,0.9433960546762883,0.27414760266857496,0.699370010168166,0.0,0.0,0,4133,
38,17,cell_mediated_immunity,Easy,0.2,True,True,0.95,0.9017140373293461,0.699370010168166,0.0,0.0,0,3449,
38,18,humoral_immunity,Medium,0.5,False,False,0.38209393365119526,0.1600363306085377,0.4504587616814541,0.0,0.0,2,2742,
38,19,humoral_immunity,Hard,0.8,True,False,0.10936464443843133,0.2322781487675949,0.4794182009786442,0.0,0.0,3,4069,
38,20,humoral_immunity,Easy,0.2,,True,0.8424417389383188,0.6400589605410149,0.5342849005337454,0.0,0.0,0,5222,
38,21,tolerance_autoimmunity,Hard,0.8,,False,0.05,0.2552417315809583,0.18009701751064178,0.6,0.0,3,3397,
38,22,tolerance_autoimmunity,Medium,0.5,False,False,0.12792649265576816,0.15452747306011705,0.1879602955856761,0.75,0.0,3,4585,
38,23,tolerance_autoimmunity,Medium,0.5,False,True,0.13328295343714402,0.2292405676023754,0.21599661074068402,0.55,0.0,0,6190,
38,24,tolerance_autoimmunity,Medium,0.5,,False,0.1539409152701746,0.1804683117528477,0.22501939044976316,0.7000000000000001,0.0,2,3779,
38,25,tolerance_autoimmunity,Medium,0.5,,False,0.1611246742445329,0.17277043184211632,0.23096535056045925,0.8500000000000001,0.0,2,5342,
38,26,tolerance_autoimmunity,Medium,0.5,False,False,0.16600522180865604,0.1527648232612695,0.2368656908953799,1.0,0.0,3,3887,
38,27,tolerance_autoimmunity,Medium,0.5,True,False,0.17096466861693352,0.22827195684532767,0.24272076146762697,1.0,0.0,1,4030,
38,28,tolerance_autoimmunity,Medium,0.5,False,False,0.17600161030545833,0.15391043117567274,0.2485309096048623,1.0,0.0,3,4775,
38,29,tolerance_autoimmunity,Hard,0.8,False,False,0.05,0.15240911768837645,0.2485309096048623,1.0,0.0,3,3709,
38,30,tolerance_autoimmunity,Hard,0.8,False,False,0.05,0.15238147014246245,0.2485309096048623,1.0,0.0,2,4721,
38,31,tolerance_autoimmunity,Medium,0.5,,False,0.18111454436352958,0.16868139192239898,0.25429647996991145,1.0,0.0,1,5158,
38,32,tolerance_autoimmunity,Easy,0.2,True,True,0.580731960225975,0.8336234082895945,0.2657391491925074,1.0,0.0,0,3927,
38,33,humoral_immunity,Medium,0.5,False,False,0.5512467634241093,0.17297869388268244,0.5551456114877359,0.15,0.0,3,4757,
38,34,humoral_immunity,Medium,0.5,False,True,0.5819719387529387,0.23947688575071643,0.6020310233983229,0.0,0.0,0,4375,
38,35,humoral_immunity,Hard,0.8,,False,0.23365015321761584,0.18218947491725723,0.6230029862219402,0.0,0.0,2,4261,
38,36,humoral_immunity,Hard,0.8,False,False,0.2569308583654004,0.15294849525318838,0.6398897604406737,0.15,0.0,3,2338,
38,37,humoral_immunity,Easy,0.2,True,False,0.9333508301449359,0.2283728134961135,0.6531735923480053,0.3,0.0,2,4889,
38,38,humoral_immunity,Medium,0.5,True,True,0.7148467754962549,0.8784541074397313,0.6732781584089099,0.44999999999999996,0.0,0,4053,
38,39,antigen_recognition,Medium,0.5,False,False,0.12273086570912084,0.18568954040992508,0.19066513659311013,0.3,0.0,2,5241,
38,40,antigen_recognition,Easy,0.2,True,True,0.48600136420805906,0.8486915921367851,0.2370959480599162,0.09999999999999998,0.0,0,4080,
38,41,innate_immunity,Hard,0.8,False,False,0.05,0.18849663615855644,0.22593008609300783,0.15,0.0,1,4715,
38,42,innate_immunity,Hard,0.8,,False,0.05,0.17398347069809508,0.22593008609300783,0.3,0.0,3,5459,
38,43,innate_immunity,Hard,0.8,False,False,0.05,0.152788247041054,0.22593008609300783,0.44999999999999996,0.0,3,3352,
38,44,innate_immunity,Easy,0.2,,False,0.5388168628999935,0.1687389571045742,0.2334897725551514,0.6,0.0,3,4111,
38,45,innate_immunity,Hard,0.8,,False,0.05,0.17103413200291073,0.2334897725551514,0.75,0.0,2,4168,
38,46,innate_immunity,Easy,0.2,False,True,0.5500663142287094,0.2383896661647414,0.24097562995046373,0.9,0.0,0,2680,
38,47,innate_immunity,Medium,0.5,False,False,0.17448823165300614,0.1541368969675728,0.24468200462774514,1.0,0.0,1,3702,
38,48,innate_immunity,Hard,0.8,,False,0.05,0.1689301506477857,0.24468200462774514,1.0,0.0,2,5334,
38,49,innate_immunity,Easy,0.2,True,True,0.5666244407371025,0.8338605153458054,0.25205855695414797,0.8,0.0,0,5694,
38,50,cell_mediated_immunity,Hard,0.8,True,False,0.35347938019909136,0.7085690583883456,0.7132024740918406,0.0,0.0,3,4446,
38,51,cell_mediated_immunity,Medium,0.5,,False,0.7823160959560329,0.34811855677280656,0.726398484352636,0.0,0.0,3,4516,
38,52,cell_mediated_immunity,Easy,0.2,True,True,0.95,0.9280510425319933,0.726398484352636,0.0,0.0,0,3894,
38,53,tolerance_autoimmunity,Medium,0.5,,False,0.18758964221279478,0.42403912810157235,0.2614190413396395,1.0,0.0,3,5251,
38,54,tolerance_autoimmunity,Hard,0.8,False,False,0.05,0.15966683888448624,0.2614190413396395,1.0,0.0,2,5858,
38,55,tolerance_autoimmunity,Medium,0.5,,True,0.192867292421393,0.5417836560979676,0.27275241630307984,0.8,0.0,0,4435,
38,56,tolerance_autoimmunity,Medium,0.5,False,False,0.20367440079961519,0.16541856896030002,0.27833214961508046,0.9500000000000001,0.0,1,2411,
38,57,tolerance_autoimmunity,Medium,0.5,,False,0.20915819041022018,0.17055018192757324,0.2838690729892676,1.0,0.0,3,4492,
38,58,tolerance_autoimmunity,Easy,0.2,False,True,0.6232144381604456,0.23811939659974882,0.2948579567718253,0.8,0.0,0,4113,
38,59,tolerance_autoimmunity,Medium,0.5,False,False,0.22603229521877835,0.15413077089968108,0.30026808756702383,0.9500000000000001,0.0,2,4358,
39,0,innate_immunity,Easy,0.2,True,True,0.8970536977923415,0.7384615384615385,0.6156170278465718,0.0,0.0,0,4830,
39,1,antigen_recognition,Easy,0.2,False,True,0.8979292394943447,0.2,0.6088801294949566,0.0,0.0,0,3557,
39,2,cell_mediated_immunity,Easy,0.2,False,False,0.5877231819925944,0.151473136915078,0.3036938000368139,0.0,0.0,3,5611,
39,3,humoral_immunity,Medium,0.5,,False,0.12250785997646636,0.16164383561643833,0.2235366593247481,0.0,0.0,1,3823,
39,4,tolerance_autoimmunity,Easy,0.2,True,True,0.7164161791049345,0.7384615384615385,0.42549927202355003,0.0,0.0,0,2899,
39,5,cell_mediated_immunity,Medium,0.5,True,False,0.23544129628577198,0.22756316558780537,0.34560929195979656,0.0,0.0,3,4059,
39,6,humoral_immunity,Hard,0.8,False,False,0.05,0.15255307234129206,0.2235366593247481,0.0,0.0,2,2475,
39,7,humoral_immunity,Easy,0.2,,False,0.5352464315927175,0.16870567050359922,0.27199638693469863,0.0,0.0,3,3628,
39,8,humoral_immunity,Easy,0.2,False,True,0.6063459742851086,0.23709043304106403,0.34923642313240355,0.15,0.0,0,4876,
39,9,antigen_recognition,Hard,0.8,False,True,0.24108884045701606,0.25479452054794516,0.6504200009249124,0.0,0.0,0,4118,
39,10,cell_mediated_immunity,Easy,0.2,True,False,0.7055058141033217,0.27083370775443,0.3850016001695816,0.0,0.0,1,6001,
39,11,humoral_immunity,Easy,0.2,,True,0.7100071017977385,0.645607564271566,0.43046582321214377,0.0,0.0,0,2862,
39,12,antigen_recognition,Easy,0.2,,True,0.937175180043091,0.665170166545981,0.6875480256333271,0.0,0.0,0,3772,
39,13,cell_mediated_immunity,Medium,0.5,,False,0.33403520904572925,0.18771337891102663,0.41646946070678026,0.15,0.0,2,2723,
39,14,cell_mediated_immunity,Medium,0.5,False,False,0.37726264431999623,0.15305815535259368,0.4410581814814858,0.3,0.0,3,4410,
39,15,cell_mediated_immunity,Easy,0.2,,True,0.8094359192036051,0.5312242581664881,0.47806941793011365,0.44999999999999996,0.0,0,4185,
39,16,cell_mediated_immunity,Easy,0.2,,True,0.8413645863014714,0.8606436944918598,0.5251973418914354,0.24999999999999994,0.0,0,4462,
39,17,humoral_immunity,Medium,0.5,True,False,0.39718574761354986,0.5801895900262758,0.4660109283393157,0.0,0.0,2,4525,
39,18,humoral_immunity,Hard,0.8,False,False,0.11879045061841899,0.16796707040405626,0.49933763367592976,0.0,0.0,1,3383,
39,19,humoral_immunity,Easy,0.2,True,True,0.8576644696770487,0.8329395633241374,0.5618311491470357,0.0,0.0,0,5505,
39,20,antigen_recognition,Medium,0.5,True,True,0.7549682966918637,0.9793831845804014,0.7157550625258724,0.0,0.15,0,3716,
39,21,innate_immunity,Easy,0.2,True,False,0.9236991374658496,0.6339622641509434,0.6395977481929834,0.0,0.0,3,5765,
39,22,innate_immunity,Hard,0.8,True,True,0.27639523011004,0.9764361246070306,0.6845669910519065,0.0,0.0,0,2297,
39,23,tolerance_autoimmunity,Easy,0.2,,True,0.7925258736000083,0.9265805877114871,0.4868266226513667,0.0,0.0,0,3225,
39,24,,,,,,,,,,,,,all_kcs_mastered
40,0,innate_immunity,Medium,0.5,False,False,0.16722652701961907,0.151473136915078,0.26504005425190846,0.0,0.0,1,5416,
40,1,antigen_recognition,Easy,0.2,True,True,0.7463898048741451,0.7384615384615385,0.4277078992931903,0.0,0.0,0,3807,
40,2,cell_mediated_immunity,Medium,0.5,False,False,0.34457827449847284,0.151473136915078,0.43830397338764926,0.0,0.0,3,2122,
40,3,humoral_immunity,Medium,0.5,True,False,0.38803814514708207,0.2,0.45825756272622686,0.0,0.0,2,5864,
40,4,tolerance_autoimmunity,Hard,0.8,False,False,0.05,0.151473136915078,0.16055784901387551,0.0,0.0,2,5790,
40,5,innate_immunity,Easy,0.2,True,False,0.5963405514321487,0.22756316558780537,0.29626350370455373,0.0,0.0,1,4400,
40,6,cell_mediated_immunity,Hard,0.8,False,False,0.10246083220614084,0.15236428212260275,0.48036327573361554,0.0,0.0,3,3670,
40,7,tolerance_autoimmunity,Hard,0.8,False,True,0.05,0.2275631655878054,0.16055784901387551,0.0,0.0,0,3803,
40,8,cell_mediated_immunity,Medium,0.5,False,True,0.4705789400938743,0.22805207479018869,0.5581831536052844,0.0,0.0,0,3229,
40,9,humoral_immunity,Easy,0.2,,True,0.8248480603588016,0.5999999999999999,0.5225698590616005,0.0,0.0,0,4202,
40,10,innate_immunity,Easy,0.2,,False,0.6405106098519602,0.1801899398371758,0.32616048114826585,0.0,0.0,1,3989,
40,11,innate_immunity,Hard,0.8,,False,0.05504235570213834,0.17272873419971976,0.3504933106257273,0.15,0.0,3,2226,
40,12,innate_immunity,Medium,0.5,True,False,0.2896591298609062,0.23933701927660117,0.3698084958701875,0.3,0.0,1,4422,
40,13,tolerance_autoimmunity,Easy,0.2,False,False,0.4411113535744093,0.15389478410989638,0.17896380629936504,0.0,0.0,1,5945,
40,14,tolerance_autoimmunity,Easy,0.2,False,False,0.4684875331726808,0.15240882904207578,0.1942658298269433,0.15,0.0,3,4531,
40,15,tolerance_autoimmunity,Hard,0.8,False,False,0.05,0.1523814648361199,0.1942658298269433,0.3,0.0,3,2218,
40,16,tolerance_autoimmunity,Easy,0.2,True,False,0.4913995930860728,0.2280615057600985,0.20398260398015158,0.44999999999999996,0.0,2,4350,
40,17,cell_mediated_immunity,Hard,0.8,,False,0.1898629279151119,0.18027097096391204,0.5863035805392443,0.15,0.0,2,4153,
40,18,cell_mediated_immunity,Easy,0.2,True,True,0.9103422907394801,0.8441306538876402,0.6482580255100716,0.0,0.0,0,4212,
40,19,tolerance_autoimmunity,Hard,0.8,False,False,0.05,0.15390578238107971,0.20398260398015158,0.6,0.0,1,3576,
40,20,tolerance_autoimmunity,Hard,0.8,False,False,0.05,0.152409031929519,0.20398260398015158,0.75,0.0,2,6387,
40,21,tolerance_autoimmunity,Medium,0.5,False,False,0.14478483157317587,0.15238146856591014,0.20747336559426313,0.9,0.0,2,4259,
40,22,tolerance_autoimmunity,Easy,0.2,,False,0.5112081704852346,0.16868139169938423,0.2109488192305497,1.0,0.0,3,5466,
40,23,tolerance_autoimmunity,Medium,0.5,False,True,0.15003748512992052,0.23707690102828324,0.21786924480710507,1.0,0.0,0,5158,
40,24,tolerance_autoimmunity,Easy,0.2,True,True,0.5267782204703061,0.8834442731875574,0.22472897433335615,0.8,0.0,0,3666,
40,25,innate_immunity,Medium,0.5,,True,0.3140722977651091,0.6481630720280014,0.39925830188665135,0.44999999999999996,0.0,0,4037,
40,26,humoral_immunity,Hard,0.8,,False,0.1497365045519555,0.27082294264339146,0.5396070628344889,0.0,0.0,2,3397,
40,27,humoral_immunity,Medium,0.5,False,True,0.5591325686054699,0.2968916864104105,0.5942620519372501,0.0,0.0,0,2590,
40,28,humoral_immunity,Hard,0.8,True,True,0.22540741636871714,0.9110011340289519,0.6424287403023545,0.0,0.0,0,4544,
40,29,innate_immunity,Hard,0.8,True,False,0.08283397623193477,0.5825664059125621,0.40946687347134963,0.6,0.0,3,2845,
40,30,innate_immunity,Hard,0.8,True,False,0.08760789170243573,0.5238147846353046,0.4157388075178751,0.75,0.0,1,2667,
40,31,innate_immunity,Easy,0.2,,False,0.7848965490959274,0.25274915786721686,0.42070306439095934,0.9,0.0,2,3796,
40,32,innate_immunity,Medium,0.5,,True,0.3832487292794812,0.6629758125994429,0.4305472191325625,1.0,0.0,0,3691,
40,33,innate_immunity,Easy,0.2,,True,0.7995177973720624,0.9137244803425971,0.4402240894011782,0.8,0.0,0,6228,
40,34,antigen_recognition,Easy,0.2,True,False,0.7566021216639945,0.5998045496498181,0.4125718441472388,0.0,0.0,2,2427,
40,35,antigen_recognition,Medium,0.5,,False,0.37178448599014025,0.28411851911096386,0.4352127305797297,0.0,0.0,1,4686,
40,36,antigen_recognition,Hard,0.8,True,False,0.10076769229898747,0.30512670350783466,0.4537157452094306,0.15,0.0,1,3297,
40,37,antigen_recognition,Medium,0.5,False,False,0.4310163857877841,0.15579220572126798,0.46845431664925435,0.3,0.0,3,5549,
40,38,antigen_recognition,Easy,0.2,False,True,0.8335121436875363,0.2299365509298421,0.49099006312917903,0.44999999999999996,0.0,0,3097,
40,39,antigen_recognition,Easy,0.2,True,True,0.8514400331513289,0.8793733275953957,0.5204177541384015,0.24999999999999994,0.0,0,4051,
40,40,cell_mediated_immunity,Medium,0.5,True,False,0.6647061632471494,0.6963459052819385,0.6429554250947145,0.0,0.0,1,2981,
40,41,cell_mediated_immunity,Medium,0.5,,True,0.7021867015861744,0.9249083034459502,0.6964257899021632,0.0,0.0,0,5141,
40,42,,,,,,,,,,,,,all_kcs_mastered
41,0,innate_immunity,Medium,0.5,True,False,0.18150080563517396,0.2,0.26961581326643375,0.0,0.0,2,4319,
41,1,antigen_recognition,Hard,0.8,,False,0.05809286339678712,0.16164383561643833,0.36653472240613333,0.0,0.0,3,4558,
41,2,cell_mediated_immunity,Easy,0.2,True,False,0.7454802763113816,0.2,0.41611138514336454,0.0,0.0,2,4133,
41,3,humoral_immunity,Medium,0.5,False,False,0.29761124955622664,0.151473136915078,0.3980189426699985,0.0,0.0,2,2940,
41,4,tolerance_autoimmunity,Hard,0.8,,False,0.05,0.16164383561643833,0.23726108575640717,0.0,0.0,2,5840,
41,5,humoral_immunity,Hard,0.8,False,False,0.0822707825440982,0.15236428212260275,0.436523241741474,0.0,0.0,3,4579,
41,6,humoral_immunity,Easy,0.2,False,True,0.8052034739388796,0.22805207479018869,0.5086061664635324,0.0,0.0,0,3908,
41,7,antigen_recognition,Medium,0.5,True,False,0.30985619940587467,0.233167495854063,0.3959478725804601,0.0,0.0,2,3483,
41,8,tolerance_autoimmunity,Hard,0.8,False,False,0.05,0.15255307234129206,0.23726108575640717,0.0,0.0,3,3846,
41,9,tolerance_autoimmunity,Hard,0.8,False,False,0.05,0.15238411698161172,0.23726108575640717,0.0,0.0,1,3355,
41,10,tolerance_autoimmunity,Easy,0.2,,False,0.5556599884640469,0.16868176633798276,0.27541700088614396,0.15,0.0,1,2972,
41,11,tolerance_autoimmunity,Easy,0.2,True,False,0.6112339431934259,0.23707710983416247,0.30526761182899115,0.3,0.0,3,4679,
41,12,innate_immunity,Easy,0.2,,True,0.6029315234332857,0.5999999999999999,0.3097825221712409,0.0,0.0,0,1803,
41,13,cell_mediated_immunity,Hard,0.8,True,False,0.09084740759081934,0.25479452054794516,0.4509091289930996,0.0,0.0,1,3716,
41,14,humoral_immunity,Hard,0.8,,False,0.1482537904008888,0.18027097096391204,0.5353223872868988,0.15,0.0,2,4504,
41,15,humoral_immunity,Hard,0.8,True,True,0.16965621679533813,0.8441306538876402,0.5947664031869414,0.0,0.0,0,4709,
41,16,antigen_recognition,Easy,0.2,True,True,0.7641714713473508,0.8812406520523938,0.45204274175592096,0.0,0.0,0,4403,
41,17,tolerance_autoimmunity,Easy,0.2,False,False,0.6528534540103054,0.15410718571270693,0.32775542785505135,0.44999999999999996,0.0,3,4560,
41,18,tolerance_autoimmunity,Medium,0.5,False,False,0.26241242243280766,0.15241274817525807,0.34358081487555114,0.6,0.0,2,4775,
41,19,tolerance_autoimmunity,Easy,0.2,True,True,0.7029707968777037,0.816863456311235,0.3628968645744166,0.75,0.0,0,3864,
41,20,cell_mediated_immunity,Hard,0.8,False,False,0.10962812792208607,0.1545168847494429,0.4836330475511237,0.0,0.0,2,3684,
41,21,cell_mediated_immunity,Easy,0.2,,False,0.8457694554006809,0.16898411445127381,0.5097906807256749,0.15,0.0,2,3774,
41,22,cell_mediated_immunity,Hard,0.8,,False,0.1491534801562292,0.1710699947666984,0.5302410278014345,0.3,0.0,2,3715,
41,23,cell_mediated_immunity,Medium,0.5,False,True,0.5452374979926464,0.2384096992149656,0.5610366404692093,0.44999999999999996,0.0,0,3516,
41,24,cell_mediated_immunity,Easy,0.2,True,True,0.8971747619103148,0.8841819703542679,0.6002776895898249,0.24999999999999994,0.0,0,4562,
41,25,innate_immunity,Easy,0.2,True,True,0.6589672073008039,0.9729083665338645,0.3477403052346237,0.0,0.0,0,4792,
41,26,,,,,,,,,,,,,all_kcs_mastered
42,0,innate_immunity,Hard,0.8,False,False,0.05,0.151473136915078,0.2998779926113358,0.0,0.0,3,3029,
42,1,antigen_recognition,Easy,0.2,,True,0.9205668195427991,0.43333333333333335,0.6774699610381241,0.0,0.0,0,3800,
42,2,cell_mediated_immunity,Easy,0.2,,False,0.3771640072459452,0.16164383561643833,0.1668769615443893,0.0,0.0,2,3660,
42,3,humoral_immunity,Easy,0.2,False,True,0.7406020291135544,0.2,0.4344267481994338,0.0,0.0,0,5278,
42,4,tolerance_autoimmunity,Hard,0.8,,False,0.05,0.16164383561643833,0.061293358599067906,0.0,0.0,3,2354,
42,5,innate_immunity,Easy,0.2,,True,0.6454888081670073,0.5286442405708461,0.34598041560004233,0.0,0.0,0,4384,
42,6,cell_mediated_immunity,Medium,0.5,False,False,0.11933546336696449,0.15255307234129206,0.21447081176850394,0.0,0.0,2,4020,
42,7,cell_mediated_immunity,Hard,0.8,False,False,0.05,0.15238411698161172,0.21447081176850394,0.0,0.0,3,5001,
42,8,cell_mediated_immunity,Medium,0.5,,True,0.1527523402762329,0.5301293720235979,0.29075823459758543,0.15,0.0,0,4351,
42,9,tolerance_autoimmunity,Hard,0.8,False,False,0.05,0.15255307234129206,0.061293358599067906,0.0,0.0,1,2861,
42,10,tolerance_autoimmunity,Medium,0.5,,False,0.06709212074387866,0.16870567050359922,0.11550168268566408,0.0,0.0,3,3880,
42,11,tolerance_autoimmunity,Easy,0.2,False,True,0.3758994269878632,0.23709043304106403,0.2023341262323458,0.15,0.0,0,3578,
42,12,humoral_immunity,Hard,0.8,False,False,0.10034117212430657,0.15330739299610896,0.46137629528882124,0.0,0.0,3,4633,
42,13,humoral_immunity,Medium,0.5,True,True,0.44232234114563457,0.8178541533310356,0.5127070993795804,0.0,0.0,0,2818,
42,14,tolerance_autoimmunity,Medium,0.5,False,False,0.1435644206058175,0.15410748679601777,0.23457858877650992,0.3,0.0,3,3106,
42,15,tolerance_autoimmunity,Hard,0.8,False,False,0.05,0.1524127537320751,0.23457858877650992,0.44999999999999996,0.0,3,4165,
42,16,tolerance_autoimmunity,Medium,0.5,,False,0.1690284566180676,0.16868581735268284,0.2522591761261422,0.6,0.0,3,4562,
42,17,tolerance_autoimmunity,Easy,0.2,False,False,0.577752772128319,0.15268644257362252,0.2630542890841265,0.75,0.0,1,5224,
42,18,tolerance_autoimmunity,Medium,0.5,False,False,0.19439924575554104,0.1523865699969201,0.27156570046008843,0.9,0.0,2,6057,
42,19,tolerance_autoimmunity,Easy,0.2,,False,0.605729000370413,0.1686821133374927,0.2799788086333344,1.0,0.0,1,5256,
42,20,tolerance_autoimmunity,Easy,0.2,True,False,0.6177178501238828,0.23707730323538362,0.2882947489642925,1.0,0.0,2,4035,
42,21,tolerance_autoimmunity,Easy,0.2,False,False,0.6294291152000071,0.1541071900831936,0.2965146437004581,1.0,0.0,2,4824,
42,22,tolerance_autoimmunity,Easy,0.2,False,True,0.6408574964444824,0.2290094683927665,0.3127645605552265,1.0,0.0,0,3608,
42,23,tolerance_autoimmunity,Medium,0.5,True,False,0.24537882330239735,0.2716871916704551,0.32070183931350155,1.0,0.0,1,4951,
42,24,tolerance_autoimmunity,Easy,0.2,True,True,0.6735336409882406,0.9006311349105935,0.33639305240259465,0.8,0.0,0,4573,
42,25,antigen_recognition,Medium,0.5,,True,0.7244286957068157,0.7951177876408331,0.720904929710345,0.0,0.0,0,3701,
42,26,innate_immunity,Medium,0.5,,False,0.2641050720286261,0.2451898138571731,0.3512954158039086,0.0,0.0,1,4126,
42,27,innate_immunity,Easy,0.2,,True,0.7125441301147257,0.6547191002026878,0.3940120463621576,0.0,0.0,0,3628,
42,28,cell_mediated_immunity,Easy,0.2,False,False,0.6113606622700144,0.16326483298661634,0.3044776255508172,0.3,0.0,2,4175,
42,29,cell_mediated_immunity,Easy,0.2,,False,0.6517784420278252,0.17023802681414413,0.32633084818901253,0.44999999999999996,0.0,3,5419,
42,30,cell_mediated_immunity,Hard,0.8,True,False,0.05509554738438255,0.23794513424909358,0.3417247370779017,0.6,0.0,1,2831,
42,31,cell_mediated_immunity,Easy,0.2,False,True,0.7006402269299522,0.2769869894202495,0.36052739456282207,0.75,0.0,0,1865,
42,32,cell_mediated_immunity,Hard,0.8,,False,0.06680503874940623,0.1888443166635297,0.36783362953671495,0.9,0.0,1,5498,
42,33,cell_mediated_immunity,Hard,0.8,False,False,0.06959040451431221,0.1530807872967106,0.3750563878002064,1.0,0.0,3,6220,
42,34,cell_mediated_immunity,Medium,0.5,,True,0.32089502500937966,0.5312609623973893,0.38933685841721904,0.8,0.0,0,2364,
42,35,cell_mediated_immunity,Medium,0.5,,False,0.3398463853929254,0.25547851961925083,0.39631393353249966,0.9500000000000001,0.0,3,1847,
42,36,cell_mediated_immunity,Hard,0.8,True,False,0.08150168323751458,0.287521725148939,0.4032112927228301,1.0,0.0,2,4440,
42,37,cell_mediated_immunity,Easy,0.2,True,True,0.7719346624727758,0.9073258304825187,0.41684840082741215,0.8,0.0,0,4230,
42,38,innate_immunity,Hard,0.8,,False,0.08047373709803339,0.31286705414781607,0.4139639352256963,0.0,0.0,3,3878,
42,39,innate_immunity,Medium,0.5,True,False,0.3737373933408912,0.32331245390887386,0.4303646696125415,0.15,0.0,2,3282,
42,40,innate_immunity,Easy,0.2,,True,0.799342175597336,0.7301622517389174,0.4678746588339708,0.0,0.0,0,5119,
42,41,innate_immunity,Hard,0.8,False,False,0.11996601338586514,0.18448030909800012,0.4827666542341762,0.15,0.0,3,2001,
42,42,innate_immunity,Medium,0.5,,True,0.4741729882056382,0.5787812444860861,0.5168260185145541,0.0,0.0,0,5270,
42,43,innate_immunity,Hard,0.8,True,False,0.15459017994483315,0.5205624074938763,0.5327343109525131,0.0,0.0,3,4128,
42,44,innate_immunity,Medium,0.5,True,True,0.5489442311041312,0.963022559207408,0.5635033486591337,0.0,0.0,0,3273,
42,45,humoral_immunity,Medium,0.5,,False,0.4889208785375017,0.3714439337709202,0.5167896977495173,0.0,0.0,1,3615,
42,46,humoral_immunity,Medium,0.5,True,True,0.525163270101798,0.9344474514403214,0.5628396081832889,0.0,0.0,0,4434,
42,47,antigen_recognition,Hard,0.8,False,False,0.35912716197819866,0.18912075148318638,0.7296416543924897,0.0,0.0,2,5197,
42,48,antigen_recognition,Easy,0.2,True,True,0.95,0.8514736987238195,0.7296416543924897,0.0,0.0,0,4682,
42,49,,,,,,,,,,,,,all_kcs_mastered
43,0,innate_immunity,Easy,0.2,,True,0.8753715534085974,0.43333333333333335,0.5436888669480587,0.0,0.0,0,4420,
43,1,antigen_recognition,Easy,0.2,True,False,0.7686476608634688,0.2,0.41573783202725645,0.0,0.0,2,3292,
43,2,cell_mediated_immunity,Hard,0.8,False,False,0.16468944120271942,0.151473136915078,0.5576416610321528,0.0,0.0,3,6180,
43,3,humoral_immunity,Easy,0.2,,True,0.771483135357924,0.43333333333333335,0.438539081736261,0.0,0.0,0,5001,
43,4,tolerance_autoimmunity,Medium,0.5,False,False,0.06830328089615419,0.151473136915078,0.1353961835695296,0.0,0.0,2,1999,
43,5,cell_mediated_immunity,Easy,0.2,,True,0.8952803346332604,0.5286442405708461,0.6107771415263653,0.0,0.0,0,1523,
43,6,tolerance_autoimmunity,Medium,0.5,False,False,0.10086747611405852,0.15236428212260275,0.20092660584828004,0.0,0.0,3,4895,
43,7,tolerance_autoimmunity,Medium,0.5,False,False,0.14252918412115398,0.15238064594829565,0.26149031833183184,0.0,0.0,1,5297,
43,8,tolerance_autoimmunity,Easy,0.2,True,True,0.5912032818629911,0.8168277462426223,0.3566451691905536,0.15,0.0,0,5416,
43,9,antigen_recognition,Easy,0.2,,True,0.7848955609186367,0.5999999999999999,0.4461694918977913,0.0,0.0,0,1659,
43,10,innate_immunity,Hard,0.8,True,False,0.17684559353483184,0.4056555269922879,0.5527185765720561,0.0,0.0,3,4197,
43,11,innate_immunity,Easy,0.2,,True,0.8924784868797768,0.7912249017316477,0.5704206271301907,0.0,0.0,0,2919,
43,12,humoral_immunity,Medium,0.5,False,True,0.4088393516195263,0.40565552699228785,0.472153403479006,0.0,0.0,0,4585,
43,13,humoral_immunity,Easy,0.2,True,True,0.8365693144877174,0.9426495265054792,0.5037552563401786,0.0,0.0,0,2960,
43,14,cell_mediated_immunity,Medium,0.5,False,True,0.6603070536773593,0.47880455502328906,0.6575300605570851,0.0,0.0,0,3333,
43,15,cell_mediated_immunity,Medium,0.5,,True,0.7201448779923213,0.834436995018872,0.6986670827042946,0.0,0.0,0,4630,
43,16,antigen_recognition,Easy,0.2,,True,0.8141215859670259,0.8903225806451612,0.47501609976044207,0.0,0.0,0,5153,
43,17,innate_immunity,Medium,0.5,True,True,0.6040870061302585,0.9890667262718434,0.5874220838841804,0.0,0.0,0,3800,
43,18,,,,,,,,,,,,,all_kcs_mastered
44,0,innate_immunity,Hard,0.8,False,False,0.05,0.151473136915078,0.23229370881576056,0.0,0.0,2,3367,
44,1,antigen_recognition,Easy,0.2,True,True,0.828878669883488,0.7384615384615385,0.49209944193049193,0.0,0.0,0,4980,
44,2,cell_mediated_immunity,Medium,0.5,,True,0.43756202212832807,0.43333333333333335,0.4646583905077929,0.0,0.0,0,4362,
44,3,humoral_immunity,Hard,0.8,False,False,0.05,0.151473136915078,0.1495404500173436,0.0,0.0,2,5051,
44,4,tolerance_autoimmunity,Hard,0.8,True,False,0.05,0.2,0.2968369945937398,0.0,0.0,2,5096,
44,5,innate_immunity,Hard,0.8,False,True,0.05,0.2275631655878054,0.23229370881576056,0.0,0.0,0,1838,
44,6,humoral_immunity,Hard,0.8,False,False,0.05,0.15236428212260275,0.1495404500173436,0.0,0.0,1,2337,
44,7,humoral_immunity,Easy,0.2,False,False,0.4248835770641165,0.15238064594829565,0.19892791252188263,0.0,0.0,3,4009,
44,8,humoral_immunity,Easy,0.2,True,False,0.49839187432782184,0.22806105629874535,0.23846945218932522,0.15,0.0,1,3812,
44,9,tolerance_autoimmunity,Easy,0.2,False,True,0.6413025271405522,0.25479452054794516,0.3632472541707977,0.0,0.0,0,7037,
44,10,innate_immunity,Easy,0.2,,True,0.5482895764490953,0.6345216370462498,0.24847996077411685,0.0,0.0,0,3443,
44,11,humoral_immunity,Medium,0.5,True,False,0.17233285181896033,0.27112738474131665,0.26942570750303113,0.3,0.0,3,4464,
44,12,tolerance_autoimmunity,Easy,0.2,False,True,0.7270057243973136,0.2871073424551936,0.42338539399299996,0.0,0.0,0,4551,
44,13,humoral_immunity,Medium,0.5,False,False,0.2004561665052387,0.15491183531188796,0.29275975762101203,0.44999999999999996,0.0,1,4717,
44,14,humoral_immunity,Medium,0.5,False,False,0.2238375189440339,0.15242761272504513,0.3091879585638579,0.6,0.0,1,3251,
44,15,humoral_immunity,Hard,0.8,False,False,0.05,0.15238181015421717,0.3091879585638579,0.75,0.0,2,4012,
44,16,humoral_immunity,Medium,0.5,True,False,0.2414269337326049,0.22806169529426837,0.3172112569781816,0.9,0.0,3,4179,
44,17,humoral_immunity,Easy,0.2,False,True,0.6689118297068614,0.2711277617392034,0.33307148381446045,1.0,0.0,0,5023,
44,18,humoral_immunity,Easy,0.2,True,True,0.6896383079530095,0.9003826111436498,0.3485632997800724,0.8,0.0,0,4189,
44,19,tolerance_autoimmunity,Medium,0.5,False,False,0.38705992788935295,0.15531538550008267,0.45061458933350534,0.0,0.0,2,2756,
44,20,tolerance_autoimmunity,Easy,0.2,True,True,0.8181238151696711,0.8200465906678258,0.5025013175170094,0.0,0.0,0,5157,
44,21,cell_mediated_immunity,Easy,0.2,False,True,0.8201647212377385,0.39006479481641465,0.45947571984794067,0.0,0.0,0,5429,
44,22,cell_mediated_immunity,Easy,0.2,True,False,0.8259015047552285,0.3748754842280022,0.462718865528853,0.0,0.0,2,2358,
44,23,cell_mediated_immunity,Hard,0.8,False,False,0.116738304997028,0.15789058238936138,0.4659425523356799,0.0,0.0,3,3728,
44,24,cell_mediated_immunity,Medium,0.5,,False,0.449090855377455,0.16946505458262454,0.46866624531876794,0.15,0.0,2,2961,
44,25,cell_mediated_immunity,Easy,0.2,True,True,0.8336885244671555,0.8343685602426107,0.4731294488580903,0.3,0.0,0,2777,
44,26,innate_immunity,Hard,0.8,,False,0.05,0.30157126552499325,0.24847996077411685,0.0,0.0,2,3641,
44,27,innate_immunity,Hard,0.8,,False,0.05,0.19352785294902622,0.24847996077411685,0.0,0.0,1,3254,
44,28,innate_immunity,Hard,0.8,False,False,0.05,0.15317517533657865,0.24847996077411685,0.15,0.0,1,5081,
44,29,innate_immunity,Easy,0.2,False,True,0.5722115002274859,0.22849731039414617,0.2595714484855563,0.3,0.0,0,5473,
44,30,innate_immunity,Easy,0.2,False,True,0.5884178504390727,0.2713848226918447,0.27362146592925557,0.09999999999999998,0.0,0,3936,
44,31,innate_immunity,Easy,0.2,True,False,0.6086708909401882,0.2972375037878784,0.2812789165093948,0.0,0.0,1,4399,
44,32,innate_immunity,Hard,0.8,False,False,0.05,0.15558050250215497,0.2812789165093948,0.0,0.0,2,2886,
44,33,innate_immunity,Easy,0.2,True,False,0.6195582152349246,0.22981999289847016,0.2877191336711781,0.15,0.0,1,4432,
44,34,innate_immunity,Easy,0.2,False,True,0.6286231886902908,0.27216601879198465,0.29823150069217913,0.3,0.0,0,2513,
44,35,innate_immunity,Medium,0.5,False,False,0.2295929601328183,0.1549375375253105,0.3023004076636145,0.44999999999999996,0.0,1,4006,
44,36,innate_immunity,Easy,0.2,,False,0.6488077027065319,0.16904390169080583,0.30524245503836733,0.6,0.0,1,5156,
44,37,innate_immunity,Hard,0.8,False,False,0.05,0.1526932837054865,0.30524245503836733,0.75,0.0,2,5849,
44,38,innate_immunity,Medium,0.5,True,False,0.2371180342509611,0.22823267825619126,0.3067072757389208,0.9,0.0,3,4465,
44,39,innate_immunity,Hard,0.8,,False,0.05,0.18030092584070295,0.3067072757389208,1.0,0.0,2,4281,
44,40,innate_immunity,Easy,0.2,True,True,0.6548085369469532,0.8441564526230602,0.3096307403098506,1.0,0.0,0,4979,
44,41,antigen_recognition,Hard,0.8,True,False,0.1084969867830747,0.5686978170608121,0.4639229997961248,0.0,0.0,3,5212,
44,42,antigen_recognition,Easy,0.2,True,True,0.8297050014319809,0.9693150104997054,0.4930194808684049,0.0,0.0,0,3316,
44,43,tolerance_autoimmunity,Medium,0.5,False,False,0.4843398412773469,0.19438191910418878,0.5136609083088615,0.0,0.0,2,4752,
44,44,tolerance_autoimmunity,Easy,0.2,True,True,0.8678367190082852,0.8555890447386058,0.5595932242489167,0.0,0.0,0,4071,
44,45,cell_mediated_immunity,Easy,0.2,True,True,0.8273562590522541,0.9891596872708519,0.4669869267344834,0.09999999999999998,0.0,0,3029,
44,46,,,,,,,,,,,,,all_kcs_mastered
45,0,innate_immunity,Easy,0.2,False,True,0.4053797848741739,0.2,0.2749385790450053,0.0,0.0,0,4360,
45,1,antigen_recognition,Hard,0.8,True,False,0.28703227909035955,0.2,0.6630360369612283,0.0,0.0,3,3455,
45,2,cell_mediated_immunity,Medium,0.5,False,True,0.24861881148964343,0.2,0.41193186800230874,0.0,0.0,0,4776,
45,3,humoral_immunity,Easy,0.2,,True,0.5939014431383044,0.43333333333333335,0.3474344458617712,0.0,0.0,0,4178,
45,4,tolerance_autoimmunity,Hard,0.8,,False,0.05,0.16164383561643833,0.2249546783057993,0.0,0.0,1,5573,
45,5,tolerance_autoimmunity,Medium,0.5,False,False,0.16107220082493748,0.15255307234129206,0.25890841831140676,0.0,0.0,1,3306,
45,6,tolerance_autoimmunity,Hard,0.8,False,False,0.05,0.15238411698161172,0.25890841831140676,0.0,0.0,3,2253,
45,7,tolerance_autoimmunity,Easy,0.2,True,False,0.5874540677365513,0.22806296144035879,0.2865047480402223,0.15,0.0,2,3844,
45,8,innate_immunity,Easy,0.2,True,False,0.6105516100832326,0.25479452054794516,0.3331837004316319,0.0,0.0,2,3736,
45,9,antigen_recognition,Easy,0.2,True,True,0.9414872552439284,0.8597938144329896,0.6911635226135661,0.0,0.0,0,5351,
45,10,cell_mediated_immunity,Easy,0.2,True,False,0.7810150147997346,0.25479452054794516,0.4532931767165181,0.0,0.0,1,3825,
45,11,tolerance_autoimmunity,Easy,0.2,False,False,0.6269205663241683,0.15390581452804292,0.308384865397908,0.3,0.0,1,2732,
45,12,tolerance_autoimmunity,Easy,0.2,True,True,0.6570801350884825,0.8185120171196584,0.3417135131396678,0.44999999999999996,0.0,0,2209,
45,13,innate_immunity,Hard,0.8,True,False,0.05727567989656716,0.28710734245519365,0.38674991591139823,0.0,0.0,3,4358,
45,14,cell_mediated_immunity,Medium,0.5,False,True,0.43039470747318687,0.2871073424551936,0.530197564026802,0.0,0.0,0,3845,
45,15,cell_mediated_immunity,Easy,0.2,True,True,0.8788074680329947,0.907158601202032,0.5962839323629501,0.0,0.0,0,6311,
45,16,innate_immunity,Easy,0.2,True,False,0.7540813559747213,0.3069930050664367,0.42862361222514705,0.15,0.0,1,3452,
45,17,innate_immunity,Easy,0.2,,False,0.797661401360577,0.1945978244051854,0.46075319500407275,0.3,0.0,2,4371,
45,18,innate_immunity,Medium,0.5,True,False,0.4414003278620639,0.2517005156434619,0.4845783111785525,0.44999999999999996,0.0,2,3520,
45,19,innate_immunity,Medium,0.5,False,False,0.47688395737507766,0.1544439695710413,0.501140107441917,0.6,0.0,1,5474,
45,20,innate_immunity,Medium,0.5,False,False,0.5017101544940734,0.152418966312274,0.5111586224798204,0.75,0.0,2,1748,
45,21,innate_immunity,Hard,0.8,False,False,0.15019808837563983,0.15238165119721894,0.5190124744569306,0.9,0.0,2,3632,
45,22,innate_immunity,Hard,0.8,False,True,0.15631247408220914,0.22806160804779746,0.5344678143776836,1.0,0.0,0,2561,
45,23,innate_immunity,Easy,0.2,,True,0.8815099069371762,0.6351118170249104,0.5494265353231393,0.8,0.0,0,4323,
45,24,humoral_immunity,Medium,0.5,False,False,0.2638845775125472,0.15919260913349972,0.367313881211246,0.0,0.0,1,5530,
45,25,humoral_immunity,Medium,0.5,False,True,0.3108568038887729,0.23181190057810408,0.43952921635022635,0.0,0.0,0,5514,
45,26,humoral_immunity,Hard,0.8,,False,0.10313886995752015,0.18089702532985705,0.4715155238373907,0.0,0.0,3,3732,
45,27,humoral_immunity,Medium,0.5,True,True,0.45737698380389824,0.8446684648868262,0.5318371942968212,0.0,0.0,0,3670,
45,28,innate_immunity,Medium,0.5,False,True,0.573601172898792,0.5705049361762898,0.5783826544989527,0.6000000000000001,0.0,0,3056,
45,29,innate_immunity,Medium,0.5,True,True,0.6154537959498234,0.9695322900432191,0.6088648143297211,0.4000000000000001,0.15,0,3637,
45,30,antigen_recognition,Easy,0.2,True,True,0.9440589051909637,0.9880512630475617,0.6984457984268881,0.0,0.0,0,4938,
45,31,tolerance_autoimmunity,Hard,0.8,,False,0.05920114194800299,0.4084965090680476,0.3506176514426804,0.6,0.0,3,6362,
45,32,tolerance_autoimmunity,Easy,0.2,False,True,0.711710472226615,0.38781381857825487,0.384755979321027,0.39999999999999997,0.0,0,4595,
45,33,tolerance_autoimmunity,Medium,0.5,False,True,0.33370745074094366,0.37331260731049315,0.4278808597550632,0.19999999999999996,0.0,0,3002,
45,34,tolerance_autoimmunity,Hard,0.8,,False,0.09685091155189449,0.20890603403451818,0.45294466440799,0.0,0.0,2,3640,
45,35,tolerance_autoimmunity,Medium,0.5,,False,0.4298821448374571,0.17716112335644518,0.47691045597327375,0.0,0.0,2,3177,
45,36,tolerance_autoimmunity,Hard,0.8,,False,0.12580864137971215,0.17227659810897514,0.4963889548408038,0.15,0.0,2,4378,
45,37,tolerance_autoimmunity,Easy,0.2,True,True,0.8554909932353646,0.8369990742376014,0.5272765290480423,0.3,0.0,0,3964,
45,38,,,,,,,,,,,,,all_kcs_mastered
46,0,innate_immunity,Hard,0.8,False,False,0.05,0.151473136915078,0.22023716281076564,0.0,0.0,2,3758,
46,1,antigen_recognition,Hard,0.8,,False,0.05,0.16164383561643833,0.11454040057957288,0.0,0.0,1,4553,
46,2,cell_mediated_immunity,Hard,0.8,,True,0.05,0.43333333333333335,0.30146608248986906,0.0,0.0,0,3116,
46,3,humoral_immunity,Hard,0.8,False,False,0.1378780285653642,0.151473136915078,0.5138534620318874,0.0,0.0,3,4077,
46,4,tolerance_autoimmunity,Medium,0.5,False,False,0.4601157533513327,0.151473136915078,0.5010844848147518,0.0,0.0,3,3802,
46,5,innate_immunity,Easy,0.2,False,True,0.5303185031959499,0.2275631655878054,0.30298299295702547,0.0,0.0,0,4968,
46,6,humoral_immunity,Medium,0.5,False,False,0.5207682370034249,0.15236428212260275,0.532470172282452,0.0,0.0,2,4403,
46,7,tolerance_autoimmunity,Easy,0.2,True,True,0.8589391724349459,0.8158135829516033,0.5536253617717569,0.0,0.0,0,3351,
46,8,humoral_immunity,Easy,0.2,True,True,0.8802522464731728,0.8168095390336143,0.5682777597333158,0.0,0.0,0,6354,
46,9,antigen_recognition,Easy,0.2,False,False,0.37454730335068587,0.15255307234129206,0.12340507477609029,0.0,0.0,2,3632,
46,10,antigen_recognition,Easy,0.2,,True,0.38708794321294643,0.5304041339347053,0.14095692789173056,0.0,0.0,0,3353,
46,11,innate_immunity,Medium,0.5,False,True,0.2346744539598051,0.27083370775443005,0.37694811173818077,0.0,0.0,0,2911,
46,12,innate_immunity,Hard,0.8,True,False,0.07321567584297875,0.29689831014481594,0.4100062053402406,0.0,0.0,2,3343,
46,13,innate_immunity,Hard,0.8,False,False,0.08786689879413295,0.15557150455954225,0.44131029165463886,0.0,0.0,1,4654,
46,14,innate_immunity,Medium,0.5,False,True,0.4128639972250928,0.2298150393894077,0.5005965791082043,0.0,0.0,0,3829,
46,15,innate_immunity,Hard,0.8,,False,0.14228735083431895,0.18056388289200379,0.5231194645090081,0.15,0.0,3,3766,
46,16,innate_immunity,Easy,0.2,True,True,0.8742111013703351,0.844382639938114,0.5737244355435778,0.0,0.0,0,4342,
46,17,cell_mediated_immunity,Easy,0.2,True,False,0.6476662174500389,0.4056555269922879,0.35003164662871367,0.0,0.0,2,3149,
46,18,cell_mediated_immunity,Medium,0.5,,True,0.2890895192894653,0.7912249017316477,0.4404097341133908,0.0,0.0,0,3950,
46,19,antigen_recognition,Easy,0.2,False,True,0.4123501445787019,0.48022992875864623,0.15815734439859247,0.0,0.0,0,3139,
46,20,antigen_recognition,Easy,0.2,False,True,0.43756361495070456,0.44068250070169857,0.1750133610288761,0.0,0.0,0,6856,
46,21,antigen_recognition,Easy,0.2,False,False,0.4625900839470805,0.16033695118831667,0.1832726173244155,0.0,0.0,2,2722,
46,22,antigen_recognition,Medium,0.5,False,False,0.13006724879681572,0.15252856240064397,0.19144918705106634,0.0,0.0,2,4389,
46,23,antigen_recognition,Easy,0.2,,True,0.48717659325730056,0.5303642880341086,0.20763860898022735,0.0,0.0,0,3273,
46,24,antigen_recognition,Easy,0.2,False,True,0.5114559082406082,0.4801976251234334,0.22350387393841892,0.0,0.0,0,2029,
46,25,antigen_recognition,Easy,0.2,,True,0.5351974975519664,0.8351798453234557,0.23905147244409736,0.0,0.0,0,4060,
46,26,tolerance_autoimmunity,Medium,0.5,True,True,0.569917769738542,0.9879874214092204,0.5946332844541389,0.0,0.0,0,2738,
46,27,humoral_immunity,Easy,0.2,,True,0.9011142186869567,0.9487535397373204,0.6013428840448527,0.0,0.0,0,4176,
46,28,cell_mediated_immunity,Medium,0.5,False,True,0.41155480638695235,0.7285894464901181,0.5182207502090983,0.0,0.0,0,4199,
46,29,cell_mediated_immunity,Easy,0.2,True,True,0.8709432400664163,0.9846460136418634,0.585212145959456,0.0,0.0,0,3496,
46,30,,,,,,,,,,,,,all_kcs_mastered
47,0,innate_immunity,Medium,0.5,False,False,0.08285673064595574,0.151473136915078,0.14615724594990923,0.0,0.0,2,1854,
47,1,antigen_recognition,Hard,0.8,False,False,0.05,0.151473136915078,0.2680947336488243,0.0,0.0,2,4598,
47,2,cell_mediated_immunity,Medium,0.5,True,True,0.5079996483116337,0.7384615384615385,0.5678009940006764,0.0,0.0,0,3416,
47,3,humoral_immunity,Easy,0.2,,False,0.3746930237958871,0.16164383561643833,0.13081588187254617,0.0,0.0,3,5561,
47,4,tolerance_autoimmunity,Medium,0.5,,False,0.10863386518281455,0.16164383561643833,0.1901810145395102,0.0,0.0,3,3931,
47,5,innate_immunity,Medium,0.5,False,False,0.10687596380217503,0.15236428212260275,0.19056944921216318,0.0,0.0,3,3647,
47,6,antigen_recognition,Easy,0.2,,True,0.6007445588523265,0.5286442405708461,0.3116413135559643,0.0,0.0,0,4648,
47,7,innate_immunity,Hard,0.8,,False,0.05,0.1686789605945943,0.19056944921216318,0.0,0.0,2,2686,
47,8,humoral_immunity,Easy,0.2,,False,0.3976887417003101,0.17000398883127243,0.14669230503248468,0.0,0.0,3,5291,
47,9,tolerance_autoimmunity,Medium,0.5,True,False,0.13482969449224663,0.233167495854063,0.22918385447060943,0.0,0.0,1,4121,
47,10,innate_immunity,Easy,0.2,False,True,0.4858579467996484,0.23707554604696957,0.262143061287894,0.15,0.0,0,5193,
47,11,humoral_immunity,Medium,0.5,False,False,0.1071827903221106,0.1527116545681278,0.1622787311629141,0.0,0.0,3,6799,
47,12,humoral_immunity,Easy,0.2,True,False,0.4436583960783325,0.22824276447452507,0.1752851983949347,0.15,0.0,1,3823,
47,13,humoral_immunity,Easy,0.2,,True,0.46299558202700986,0.6353260313674274,0.19637501039777835,0.3,0.0,0,3606,
47,14,tolerance_autoimmunity,Easy,0.2,True,True,0.5436642724398065,0.8812406520523938,0.30343259222598407,0.0,0.0,0,3545,
47,15,innate_immunity,Medium,0.5,False,False,0.19354444176326285,0.1541071503742761,0.28900854270068915,0.3,0.0,3,4058,
47,16,innate_immunity,Hard,0.8,False,False,0.05,0.15241274752304954,0.28900854270068915,0.44999999999999996,0.0,1,5375,
47,17,innate_immunity,Medium,0.5,False,True,0.21995154905931047,0.22807867608545992,0.3444813395995149,0.24999999999999994,0.0,0,2517,
47,18,innate_immunity,Easy,0.2,True,True,0.7040977510299317,0.8782800559121475,0.40926464181136196,0.04999999999999993,0.0,0,4602,
47,19,antigen_recognition,Hard,0.8,False,False,0.050683005357311815,0.1646389171166504,0.33211914581248647,0.0,0.0,2,3399,
47,20,antigen_recognition,Easy,0.2,True,True,0.6884139693954459,0.829693937964314,0.3718564292048029,0.0,0.0,0,5031,
47,21,humoral_immunity,Medium,0.5,,False,0.13922402678831744,0.30200394741100267,0.20444842035995317,0.44999999999999996,0.0,3,4022,
47,22,humoral_immunity,Hard,0.8,False,False,0.05,0.1557078484183404,0.20444842035995317,0.6,0.0,2,3178,
47,23,humoral_immunity,Easy,0.2,True,True,0.5066722344452256,0.8204701498899682,0.22188617136414832,0.39999999999999997,0.0,0,4639,
47,24,cell_mediated_immunity,Medium,0.5,False,True,0.5683046412171376,0.6339622641509434,0.6031772759818481,0.0,0.0,0,2702,
47,25,cell_mediated_immunity,Easy,0.2,,True,0.9182694988430141,0.9033411488862836,0.6532888206510772,0.0,0.0,0,3766,
47,26,,,,,,,,,,,,,all_kcs_mastered
48,0,innate_immunity,Hard,0.8,False,False,0.05617638816837265,0.151473136915078,0.3543259130051441,0.0,0.0,1,3643,
48,1,antigen_recognition,Hard,0.8,False,False,0.05,0.151473136915078,0.1052681660091442,0.0,0.0,3,3806,
48,2,cell_mediated_immunity,Medium,0.5,False,False,0.15144442672831757,0.151473136915078,0.2364455579842808,0.0,0.0,2,4046,
48,3,humoral_immunity,Hard,0.8,False,False,0.06181565075725015,0.151473136915078,0.3863855803532574,0.0,0.0,2,5431,
48,4,tolerance_autoimmunity,Easy,0.2,,True,0.4265395948499074,0.43333333333333335,0.23392593680050408,0.0,0.0,0,4128,
48,5,innate_immunity,Medium,0.5,,False,0.29441341859016623,0.1685530193297038,0.3779918540966886,0.0,0.0,3,3630,
48,6,antigen_recognition,Medium,0.5,True,False,0.08561501587312212,0.22756316558780537,0.15232499867323612,0.0,0.0,3,5038,
48,7,cell_mediated_immunity,Hard,0.8,False,False,0.05,0.15236428212260275,0.2364455579842808,0.0,0.0,3,4129,
48,8,humoral_immunity,Easy,0.2,True,False,0.7536757507127005,0.22756316558780537,0.42365891965513924,0.0,0.0,3,5323,
48,9,cell_mediated_immunity,Medium,0.5,False,True,0.17060767778409497,0.22805207479018869,0.28235280627986864,0.0,0.0,0,4757,
48,10,innate_immunity,Medium,0.5,True,False,0.32474527693968364,0.23700535667704026,0.40079036566143394,0.0,0.0,3,2818,
48,11,antigen_recognition,Easy,0.2,False,False,0.4289711643454615,0.15389478410989638,0.19690696074900943,0.0,0.0,3,3513,
48,12,antigen_recognition,Hard,0.8,False,False,0.05,0.15240882904207578,0.19690696074900943,0.15,0.0,3,4194,
48,13,antigen_recognition,Medium,0.5,,True,0.13960696321614252,0.5301695729880621,0.2560391148274391,0.3,0.0,0,3002,
48,14,humoral_immunity,Hard,0.8,False,False,0.0946576481928944,0.15389478410989638,0.4586681305756949,0.0,0.0,2,4664,
48,15,humoral_immunity,Hard,0.8,,False,0.11425551508849474,0.168895788721873,0.48661835294376055,0.15,0.0,2,4484,
48,16,humoral_immunity,Hard,0.8,True,False,0.13235558060777594,0.2371964078948859,0.5084477190678026,0.3,0.0,1,5010,
48,17,cell_mediated_immunity,Hard,0.8,False,False,0.05,0.15390557411223033,0.28235280627986864,0.15,0.0,3,3684,
48,18,cell_mediated_immunity,Medium,0.5,,False,0.21317655543407388,0.16889731973736594,0.2974543133031521,0.3,0.0,3,3271,
48,19,cell_mediated_immunity,Medium,0.5,,False,0.2287691867705542,0.17105729596538072,0.30907009708156497,0.44999999999999996,0.0,3,2317,
48,20,cell_mediated_immunity,Medium,0.5,False,False,0.2412974465257981,0.15273185718916066,0.3173782644793967,0.6,0.0,1,5419,
48,21,cell_mediated_immunity,Medium,0.5,True,False,0.2505407408773224,0.2282538565901014,0.32250843002165025,0.75,0.0,2,2910,
48,22,cell_mediated_immunity,Hard,0.8,,False,0.05391368731054928,0.18030443925247988,0.3265817183177746,0.9,0.0,2,4015,
48,23,cell_mediated_immunity,Easy,0.2,True,True,0.6812430643260126,0.8441594781243753,0.33467931517867733,1.0,0.0,0,4068,
48,24,innate_immunity,Easy,0.2,True,True,0.7693673189817354,0.8834044812877598,0.43812725485790904,0.15,0.0,0,2217,
48,25,humoral_immunity,Hard,0.8,,False,0.14813378324733983,0.18180266058444616,0.5248700632970845,0.44999999999999996,0.0,1,3608,
48,26,humoral_immunity,Easy,0.2,,True,0.8753616072792678,0.5749778276126707,0.5479590635241716,0.6,0.0,0,4882,
48,27,tolerance_autoimmunity,Easy,0.2,True,False,0.5474885646392271,0.39006479481641465,0.2694087923375921,0.0,0.0,2,3583,
48,28,tolerance_autoimmunity,Medium,0.5,True,True,0.2004399006839726,0.9390691830285185,0.34102578589439864,0.0,0.0,0,3557,
48,29,antigen_recognition,Hard,0.8,False,False,0.05,0.1647272613466103,0.2560391148274391,0.44999999999999996,0.0,2,4576,
48,30,antigen_recognition,Hard,0.8,False,False,0.05,0.15261119867795012,0.2560391148274391,0.6,0.0,1,5401,
48,31,antigen_recognition,Medium,0.5,,False,0.18789210613046062,0.1687138962278971,0.26582094038461285,0.75,0.0,2,4423,
48,32,antigen_recognition,Hard,0.8,,False,0.05,0.1710304669975287,0.26582094038461285,0.9,0.0,3,2469,
48,33,antigen_recognition,Easy,0.2,,False,0.5974678829307496,0.1713700506419021,0.27354350927985455,1.0,0.0,3,3574,
48,34,antigen_recognition,Easy,0.2,,False,0.6085594740148378,0.17141996594894301,0.28118484721439163,1.0,0.0,1,3523,
48,35,antigen_recognition,Hard,0.8,,False,0.05,0.1714273059280719,0.28118484721439163,1.0,0.0,1,2268,
48,36,antigen_recognition,Easy,0.2,,True,0.6194251701711769,0.5598195377304869,0.2963067700413341,1.0,0.0,0,4410,
48,37,antigen_recognition,Medium,0.5,,False,0.22755666311553363,0.2665929712366478,0.30370866931685664,1.0,0.0,3,3812,
48,38,antigen_recognition,Hard,0.8,,False,0.05,0.1869432012612111,0.30370866931685664,1.0,0.0,3,5169,
48,39,antigen_recognition,Medium,0.5,False,False,0.23545735626275616,0.15304277816573295,0.311032710641567,1.0,0.0,2,2724,
48,40,antigen_recognition,Easy,0.2,False,True,0.6606509165257168,0.22842459220237632,0.32552671530965355,1.0,0.0,0,2692,
48,41,antigen_recognition,Easy,0.2,True,True,0.6798669206670362,0.8784847089328928,0.339715805398248,0.8,0.0,0,5703,
48,42,humoral_immunity,Easy,0.2,,True,0.8896770747844808,0.8675371814435624,0.5808620193380044,0.39999999999999997,0.0,0,4031,
48,43,,,,,,,,,,,,,all_kcs_mastered
49,0,innate_immunity,Easy,0.2,False,True,0.5667265666968618,0.2,0.3147660769676448,0.0,0.0,0,3084,
49,1,antigen_recognition,Hard,0.8,False,False,0.05,0.151473136915078,0.26949569492435105,0.0,0.0,3,3954,
49,2,cell_mediated_immunity,Hard,0.8,False,False,0.05,0.151473136915078,0.1349539875666637,0.0,0.0,1,5842,
49,3,humoral_immunity,Hard,0.8,False,False,0.18415470762558517,0.151473136915078,0.56382874517364,0.0,0.0,2,3598,
49,4,tolerance_autoimmunity,Easy,0.2,False,False,0.315679147716117,0.151473136915078,0.11499286436103115,0.0,0.0,3,3836,
49,5,antigen_recognition,Medium,0.5,False,True,0.20052347774143603,0.2275631655878054,0.345582023309664,0.0,0.0,0,5127,
49,6,cell_mediated_immunity,Easy,0.2,False,False,0.40365084313058,0.15236428212260275,0.19533430845926533,0.0,0.0,2,2418,
49,7,humoral_immunity,Hard,0.8,,False,0.19512799625102092,0.1685530193297038,0.5754160196005845,0.0,0.0,1,3026,
49,8,tolerance_autoimmunity,Easy,0.2,,True,0.3751834890231128,0.5286442405708461,0.19872142984914826,0.0,0.0,0,3994,
49,9,cell_mediated_immunity,Easy,0.2,True,False,0.49300191969978957,0.22805207479018869,0.2515000753296617,0.0,0.0,2,3441,
49,10,humoral_immunity,Hard,0.8,True,True,0.20627875609759083,0.8335008392948863,0.5979749161061831,0.0,0.0,0,4028,
49,11,innate_immunity,Medium,0.5,False,True,0.2476093182616068,0.25479452054794516,0.378290167902561,0.0,0.0,0,4431,
49,12,antigen_recognition,Easy,0.2,True,True,0.7054718197476452,0.8779741264725345,0.41374351220130934,0.0,0.0,0,4498,
49,13,cell_mediated_immunity,Easy,0.2,,False,0.5766412640671369,0.18027097096391204,0.2959086561930884,0.15,0.0,2,4209,
49,14,cell_mediated_immunity,Hard,0.8,False,False,0.05,0.1529107484846876,0.2959086561930884,0.3,0.0,1,5862,
49,15,cell_mediated_immunity,Hard,0.8,,False,0.05,0.1687563022100198,0.2959086561930884,0.44999999999999996,0.0,3,4509,
49,16,cell_mediated_immunity,Hard,0.8,False,False,0.05,0.15268778871598235,0.2959086561930884,0.6,0.0,2,4046,
49,17,cell_mediated_immunity,Medium,0.5,False,False,0.22713706649855414,0.15238659475974098,0.30819507236798543,0.75,0.0,1,3823,
49,18,cell_mediated_immunity,Easy,0.2,,False,0.6568234975765556,0.16868211684040937,0.3178526866278334,0.9,0.0,3,3021,
49,19,cell_mediated_immunity,Hard,0.8,False,False,0.05250646144828344,0.15268637190624362,0.32737548034873076,1.0,0.0,2,3506,
49,20,cell_mediated_immunity,Hard,0.8,False,False,0.05542276024598065,0.1523865686969679,0.33676533562880595,1.0,0.0,1,3445,
49,21,cell_mediated_immunity,Medium,0.5,False,False,0.2730092679241479,0.1523810556227271,0.3460241082920499,1.0,0.0,3,5170,
49,22,cell_mediated_immunity,Medium,0.5,,False,0.28417299181751104,0.1686813332856023,0.3551536282551037,1.0,0.0,1,3525,
49,23,cell_mediated_immunity,Hard,0.8,,False,0.06482282462749411,0.17102570514099102,0.36415569988892615,1.0,0.0,1,3149,
49,24,cell_mediated_immunity,Medium,0.5,False,False,0.30681205611449286,0.15273125053867762,0.3730321023754117,1.0,0.0,3,4307,
49,25,cell_mediated_immunity,Medium,0.5,,False,0.3182539918883682,0.1687308883741884,0.38178459005903065,1.0,0.0,3,4594,
49,26,cell_mediated_immunity,Hard,0.8,False,True,0.0752093061534343,0.23710448877967227,0.39904519552809,1.0,0.0,0,5918,
49,27,cell_mediated_immunity,Easy,0.2,True,True,0.7675040896798739,0.8834596118206449,0.41582388402069126,0.8,0.0,0,4118,
49,28,innate_immunity,Easy,0.2,True,True,0.744547659479288,0.8927270618257742,0.4359253061842721,0.0,0.0,0,4003,
49,29,tolerance_autoimmunity,Medium,0.5,False,False,0.1408755340489327,0.16319133970205182,0.2365669707999266,0.0,0.0,1,5896,
49,30,tolerance_autoimmunity,Easy,0.2,,True,0.554631481452946,0.5472880069845591,0.3087936792716265,0.0,0.0,0,5152,
49,31,tolerance_autoimmunity,Easy,0.2,False,True,0.6576326198948168,0.4940511771774208,0.374187178781799,0.0,0.0,0,4764,
49,32,tolerance_autoimmunity,Easy,0.2,False,False,0.739837296163073,0.1627740338876368,0.40379056144087794,0.0,0.0,2,4170,
49,33,tolerance_autoimmunity,Hard,0.8,False,True,0.08492351443383812,0.23379358083804436,0.46019661627453673,0.0,0.0,0,3610,
49,34,tolerance_autoimmunity,Hard,0.8,True,False,0.11518691094542899,0.2745189368993749,0.48573141771561934,0.0,0.0,2,3547,
49,35,tolerance_autoimmunity,Medium,0.5,True,True,0.4786101893890446,0.9018760552992438,0.5343852295735211,0.0,0.0,0,2786,
49,36,humoral_immunity,Hard,0.8,,False,0.22452539529941254,0.42390794758154404,0.6025999381160844,0.15,0.0,1,5594,
49,37,humoral_immunity,Hard,0.8,False,False,0.2342619203983105,0.1596617068302152,0.6099900365381291,0.3,0.0,3,3601,
49,38,humoral_immunity,Medium,0.5,False,True,0.6592469594025183,0.2320710825701918,0.6286397626871251,0.09999999999999998,0.0,0,3484,
49,39,humoral_immunity,Easy,0.2,,False,0.9290270195992825,0.18094037255851508,0.6360388970868334,0.24999999999999997,0.0,2,3871,
49,40,humoral_immunity,Easy,0.2,True,True,0.931899053318122,0.8447055952210704,0.6544098982788942,0.04999999999999996,0.0,0,5256,
49,41,antigen_recognition,Medium,0.5,,True,0.3632784089747531,0.9532281922661464,0.46829218699577735,0.0,0.0,0,3292,
49,42,,,,,,,,,,,,,all_kcs_mastered
